state,district,year,season,rainfall,soil_moisture,water_availability,area_hectares,production_tonnes,yield_tonnes_per_hectare,recommended_crop,source_type
Tamil Nadu,ARIYALUR,2018,Kharif,330.9059829059829,28.544388593024195,Medium,1458.83,2191.2,1.502,Cotton,synthetic_prototype
Tamil Nadu,ARIYALUR,2018,Kharif,330.9059829059829,28.544388593024195,Medium,5835.68,28420.51,4.87,Maize,synthetic_prototype
Tamil Nadu,ARIYALUR,2018,Kharif,330.9059829059829,28.544388593024195,Medium,882.49,1555.74,1.763,Groundnut,synthetic_prototype
Tamil Nadu,ARIYALUR,2018,Kharif,330.9059829059829,28.544388593024195,Medium,3025.32,7723.82,2.553,Millet,synthetic_prototype
Tamil Nadu,ARIYALUR,2018,Rabi,438.4777777777779,28.544388593024195,Medium,4651.74,16494.54,3.546,Maize,synthetic_prototype
Tamil Nadu,ARIYALUR,2018,Rabi,438.4777777777779,28.544388593024195,Medium,1627.04,4008.73,2.464,Wheat,synthetic_prototype
Tamil Nadu,ARIYALUR,2018,Rabi,438.4777777777779,28.544388593024195,Medium,4061.81,16058.43,3.954,Rice,synthetic_prototype
Tamil Nadu,ARIYALUR,2018,Rabi,438.4777777777779,28.544388593024195,Medium,934.86,2001.84,2.141,Groundnut,synthetic_prototype
Tamil Nadu,ARIYALUR,2018,Summer,134.12307692307692,28.544388593024195,Medium,1115.41,17955.71,16.098,Watermelon,synthetic_prototype
Tamil Nadu,ARIYALUR,2018,Summer,134.12307692307692,28.544388593024195,Medium,2690.32,11654.68,4.332,Maize,synthetic_prototype
Tamil Nadu,ARIYALUR,2018,Summer,134.12307692307692,28.544388593024195,Medium,4792.07,19492.61,4.068,Rice,synthetic_prototype
Tamil Nadu,CHENGALPATTU,2018,Kharif,330.9059829059829,,Unknown,3835.14,8844.62,2.306,Millet,synthetic_prototype
Tamil Nadu,CHENGALPATTU,2018,Kharif,330.9059829059829,,Unknown,3589.18,6039.17,1.683,Cotton,synthetic_prototype
Tamil Nadu,CHENGALPATTU,2018,Kharif,330.9059829059829,,Unknown,2368.46,4779.63,2.018,Soybean,synthetic_prototype
Tamil Nadu,CHENGALPATTU,2018,Kharif,330.9059829059829,,Unknown,1438.76,2878.91,2.001,Groundnut,synthetic_prototype
Tamil Nadu,CHENGALPATTU,2018,Rabi,438.4777777777779,,Unknown,11516.56,49824.79,4.326,Rice,synthetic_prototype
Tamil Nadu,CHENGALPATTU,2018,Rabi,438.4777777777779,,Unknown,5485.11,26908.54,4.906,Maize,synthetic_prototype
Tamil Nadu,CHENGALPATTU,2018,Rabi,438.4777777777779,,Unknown,1176.38,1126.59,0.958,Pulses,synthetic_prototype
Tamil Nadu,CHENGALPATTU,2018,Rabi,438.4777777777779,,Unknown,1670.62,3697.19,2.213,Groundnut,synthetic_prototype
Tamil Nadu,CHENGALPATTU,2018,Summer,134.12307692307692,,Unknown,3323.47,12290.56,3.698,Rice,synthetic_prototype
Tamil Nadu,CHENGALPATTU,2018,Summer,134.12307692307692,,Unknown,535.3,9279.62,17.335,Watermelon,synthetic_prototype
Tamil Nadu,CHENGALPATTU,2018,Summer,134.12307692307692,,Unknown,1070.99,2567.25,2.397,Millet,synthetic_prototype
Tamil Nadu,CHENNAI,2018,Kharif,330.9059829059829,21.27328608612097,Low,887.13,1759.24,1.983,Millet,synthetic_prototype
Tamil Nadu,CHENNAI,2018,Kharif,330.9059829059829,21.27328608612097,Low,2449.61,4461.88,1.821,Soybean,synthetic_prototype
Tamil Nadu,CHENNAI,2018,Kharif,330.9059829059829,21.27328608612097,Low,3079.49,14570.51,4.731,Rice,synthetic_prototype
Tamil Nadu,CHENNAI,2018,Kharif,330.9059829059829,21.27328608612097,Low,6029.89,32430.36,5.378,Maize,synthetic_prototype
Tamil Nadu,CHENNAI,2018,Rabi,438.4777777777779,21.27328608612097,Low,1142.39,1159.36,1.015,Pulses,synthetic_prototype
Tamil Nadu,CHENNAI,2018,Rabi,438.4777777777779,21.27328608612097,Low,2187.78,5213.24,2.383,Wheat,synthetic_prototype
Tamil Nadu,CHENNAI,2018,Rabi,438.4777777777779,21.27328608612097,Low,2557.89,5602.53,2.19,Groundnut,synthetic_prototype
Tamil Nadu,CHENNAI,2018,Rabi,438.4777777777779,21.27328608612097,Low,5259.65,24528.64,4.664,Maize,synthetic_prototype
Tamil Nadu,CHENNAI,2018,Summer,134.12307692307692,21.27328608612097,Low,2515.04,4992.48,1.985,Groundnut,synthetic_prototype
Tamil Nadu,CHENNAI,2018,Summer,134.12307692307692,21.27328608612097,Low,730.43,11489.65,15.73,Watermelon,synthetic_prototype
Tamil Nadu,CHENNAI,2018,Summer,134.12307692307692,21.27328608612097,Low,1377.06,5962.14,4.33,Rice,synthetic_prototype
Tamil Nadu,COIMBATORE,2018,Kharif,330.9059829059829,29.7236860548,High,1162.87,2261.86,1.945,Millet,synthetic_prototype
Tamil Nadu,COIMBATORE,2018,Kharif,330.9059829059829,29.7236860548,High,2901.25,4643.6,1.601,Soybean,synthetic_prototype
Tamil Nadu,COIMBATORE,2018,Kharif,330.9059829059829,29.7236860548,High,3131.74,5067.65,1.618,Cotton,synthetic_prototype
Tamil Nadu,COIMBATORE,2018,Kharif,330.9059829059829,29.7236860548,High,11721.16,40940.52,3.493,Rice,synthetic_prototype
Tamil Nadu,COIMBATORE,2018,Rabi,438.4777777777779,29.7236860548,High,6482.01,23262.25,3.589,Rice,synthetic_prototype
Tamil Nadu,COIMBATORE,2018,Rabi,438.4777777777779,29.7236860548,High,1766.18,3437.7,1.946,Groundnut,synthetic_prototype
Tamil Nadu,COIMBATORE,2018,Rabi,438.4777777777779,29.7236860548,High,747.44,756.64,1.012,Mustard,synthetic_prototype
Tamil Nadu,COIMBATORE,2018,Rabi,438.4777777777779,29.7236860548,High,4135.97,21235.94,5.134,Maize,synthetic_prototype
Tamil Nadu,COIMBATORE,2018,Summer,134.12307692307692,29.7236860548,High,1709.22,7180.29,4.201,Maize,synthetic_prototype
Tamil Nadu,COIMBATORE,2018,Summer,134.12307692307692,29.7236860548,High,1508.01,26293.4,17.436,Watermelon,synthetic_prototype
Tamil Nadu,COIMBATORE,2018,Summer,134.12307692307692,29.7236860548,High,1056.32,2103.26,1.991,Millet,synthetic_prototype
Tamil Nadu,CUDDALORE,2018,Kharif,330.9059829059829,30.017899455080645,High,3100.89,5987.57,1.931,Millet,synthetic_prototype
Tamil Nadu,CUDDALORE,2018,Kharif,330.9059829059829,30.017899455080645,High,5033.48,8189.77,1.627,Groundnut,synthetic_prototype
Tamil Nadu,CUDDALORE,2018,Kharif,330.9059829059829,30.017899455080645,High,7615.59,30199.07,3.965,Maize,synthetic_prototype
Tamil Nadu,CUDDALORE,2018,Kharif,330.9059829059829,30.017899455080645,High,1873.86,2865.04,1.529,Cotton,synthetic_prototype
Tamil Nadu,CUDDALORE,2018,Rabi,438.4777777777779,30.017899455080645,High,1538.52,1917.92,1.247,Mustard,synthetic_prototype
Tamil Nadu,CUDDALORE,2018,Rabi,438.4777777777779,30.017899455080645,High,1300.84,1525.86,1.173,Pulses,synthetic_prototype
Tamil Nadu,CUDDALORE,2018,Rabi,438.4777777777779,30.017899455080645,High,14453.86,69667.51,4.82,Rice,synthetic_prototype
Tamil Nadu,CUDDALORE,2018,Rabi,438.4777777777779,30.017899455080645,High,1709.3,2845.54,1.665,Groundnut,synthetic_prototype
Tamil Nadu,CUDDALORE,2018,Summer,134.12307692307692,30.017899455080645,High,627.31,1311.52,2.091,Groundnut,synthetic_prototype
Tamil Nadu,CUDDALORE,2018,Summer,134.12307692307692,30.017899455080645,High,3126.75,13949.21,4.461,Maize,synthetic_prototype
Tamil Nadu,CUDDALORE,2018,Summer,134.12307692307692,30.017899455080645,High,2525.42,5560.72,2.202,Millet,synthetic_prototype
Tamil Nadu,DHARMAPURI,2018,Kharif,330.9059829059829,28.06294488487903,Medium,6911.25,13873.07,2.007,Groundnut,synthetic_prototype
Tamil Nadu,DHARMAPURI,2018,Kharif,330.9059829059829,28.06294488487903,Medium,9090.98,37099.66,4.081,Rice,synthetic_prototype
Tamil Nadu,DHARMAPURI,2018,Kharif,330.9059829059829,28.06294488487903,Medium,2417.75,3922.53,1.622,Soybean,synthetic_prototype
Tamil Nadu,DHARMAPURI,2018,Kharif,330.9059829059829,28.06294488487903,Medium,4097.7,8419.44,2.055,Millet,synthetic_prototype
Tamil Nadu,DHARMAPURI,2018,Rabi,438.4777777777779,28.06294488487903,Medium,7213.69,32876.12,4.557,Maize,synthetic_prototype
Tamil Nadu,DHARMAPURI,2018,Rabi,438.4777777777779,28.06294488487903,Medium,446.91,580.5,1.299,Mustard,synthetic_prototype
Tamil Nadu,DHARMAPURI,2018,Rabi,438.4777777777779,28.06294488487903,Medium,3387.97,5759.87,1.7,Groundnut,synthetic_prototype
Tamil Nadu,DHARMAPURI,2018,Rabi,438.4777777777779,28.06294488487903,Medium,1419.93,3386.88,2.385,Wheat,synthetic_prototype
Tamil Nadu,DHARMAPURI,2018,Summer,134.12307692307692,28.06294488487903,Medium,7271.52,21974.62,3.022,Rice,synthetic_prototype
Tamil Nadu,DHARMAPURI,2018,Summer,134.12307692307692,28.06294488487903,Medium,1257.82,17877.01,14.213,Watermelon,synthetic_prototype
Tamil Nadu,DHARMAPURI,2018,Summer,134.12307692307692,28.06294488487903,Medium,1848.49,3260.67,1.764,Millet,synthetic_prototype
Tamil Nadu,DINDIGUL,2018,Kharif,330.9059829059829,28.69312810556,Medium,1915.88,4868.87,2.541,Millet,synthetic_prototype
Tamil Nadu,DINDIGUL,2018,Kharif,330.9059829059829,28.69312810556,Medium,3030.48,6048.19,1.996,Soybean,synthetic_prototype
Tamil Nadu,DINDIGUL,2018,Kharif,330.9059829059829,28.69312810556,Medium,1215.91,1997.34,1.643,Cotton,synthetic_prototype
Tamil Nadu,DINDIGUL,2018,Kharif,330.9059829059829,28.69312810556,Medium,8099.88,32500.52,4.012,Maize,synthetic_prototype
Tamil Nadu,DINDIGUL,2018,Rabi,438.4777777777779,28.69312810556,Medium,3785.02,3449.7,0.911,Pulses,synthetic_prototype
Tamil Nadu,DINDIGUL,2018,Rabi,438.4777777777779,28.69312810556,Medium,4726.14,20784.3,4.398,Maize,synthetic_prototype
Tamil Nadu,DINDIGUL,2018,Rabi,438.4777777777779,28.69312810556,Medium,6547.92,10302.55,1.573,Groundnut,synthetic_prototype
Tamil Nadu,DINDIGUL,2018,Rabi,438.4777777777779,28.69312810556,Medium,1042.97,2199.96,2.109,Wheat,synthetic_prototype
Tamil Nadu,DINDIGUL,2018,Summer,134.12307692307692,28.69312810556,Medium,1119.44,15226.03,13.601,Watermelon,synthetic_prototype
Tamil Nadu,DINDIGUL,2018,Summer,134.12307692307692,28.69312810556,Medium,939.41,2256.58,2.402,Millet,synthetic_prototype
Tamil Nadu,DINDIGUL,2018,Summer,134.12307692307692,28.69312810556,Medium,4823.91,18736.52,3.884,Rice,synthetic_prototype
Tamil Nadu,ERODE,2018,Kharif,330.9059829059829,27.250912962701612,Low,4214.29,9890.3,2.347,Groundnut,synthetic_prototype
Tamil Nadu,ERODE,2018,Kharif,330.9059829059829,27.250912962701612,Low,1051.78,2651.68,2.521,Millet,synthetic_prototype
Tamil Nadu,ERODE,2018,Kharif,330.9059829059829,27.250912962701612,Low,10657.12,43082.13,4.043,Rice,synthetic_prototype
Tamil Nadu,ERODE,2018,Kharif,330.9059829059829,27.250912962701612,Low,4070.59,8416.37,2.068,Soybean,synthetic_prototype
Tamil Nadu,ERODE,2018,Rabi,438.4777777777779,27.250912962701612,Low,3263.47,16046.59,4.917,Maize,synthetic_prototype
Tamil Nadu,ERODE,2018,Rabi,438.4777777777779,27.250912962701612,Low,7735.74,35798.83,4.628,Rice,synthetic_prototype
Tamil Nadu,ERODE,2018,Rabi,438.4777777777779,27.250912962701612,Low,1942.65,3946.22,2.031,Groundnut,synthetic_prototype
Tamil Nadu,ERODE,2018,Rabi,438.4777777777779,27.250912962701612,Low,1984.57,2027.99,1.022,Pulses,synthetic_prototype
Tamil Nadu,ERODE,2018,Summer,134.12307692307692,27.250912962701612,Low,6875.11,22985.39,3.343,Rice,synthetic_prototype
Tamil Nadu,ERODE,2018,Summer,134.12307692307692,27.250912962701612,Low,2527.58,4114.48,1.628,Groundnut,synthetic_prototype
Tamil Nadu,ERODE,2018,Summer,134.12307692307692,27.250912962701612,Low,910.59,1770.98,1.945,Millet,synthetic_prototype
Tamil Nadu,KALLAKURICHI,2018,Kharif,330.9059829059829,,Unknown,7717.51,37441.58,4.852,Maize,synthetic_prototype
Tamil Nadu,KALLAKURICHI,2018,Kharif,330.9059829059829,,Unknown,2869.05,5602.16,1.953,Soybean,synthetic_prototype
Tamil Nadu,KALLAKURICHI,2018,Kharif,330.9059829059829,,Unknown,8825.73,33957.48,3.848,Rice,synthetic_prototype
Tamil Nadu,KALLAKURICHI,2018,Kharif,330.9059829059829,,Unknown,6027.37,13799.36,2.289,Groundnut,synthetic_prototype
Tamil Nadu,KALLAKURICHI,2018,Rabi,438.4777777777779,,Unknown,1320.89,2521.46,1.909,Groundnut,synthetic_prototype
Tamil Nadu,KALLAKURICHI,2018,Rabi,438.4777777777779,,Unknown,2347.29,3064.16,1.305,Mustard,synthetic_prototype
Tamil Nadu,KALLAKURICHI,2018,Rabi,438.4777777777779,,Unknown,2029.01,2235.83,1.102,Pulses,synthetic_prototype
Tamil Nadu,KALLAKURICHI,2018,Rabi,438.4777777777779,,Unknown,5844.86,28165.46,4.819,Rice,synthetic_prototype
Tamil Nadu,KALLAKURICHI,2018,Summer,134.12307692307692,,Unknown,3474.96,13350.24,3.842,Rice,synthetic_prototype
Tamil Nadu,KALLAKURICHI,2018,Summer,134.12307692307692,,Unknown,1859.54,7319.25,3.936,Maize,synthetic_prototype
Tamil Nadu,KALLAKURICHI,2018,Summer,134.12307692307692,,Unknown,1297.02,22552.18,17.388,Watermelon,synthetic_prototype
Tamil Nadu,KANCHIPURAM,2018,Kharif,330.9059829059829,,Unknown,1641.96,3218.59,1.96,Soybean,synthetic_prototype
Tamil Nadu,KANCHIPURAM,2018,Kharif,330.9059829059829,,Unknown,3322.38,7019.11,2.113,Groundnut,synthetic_prototype
Tamil Nadu,KANCHIPURAM,2018,Kharif,330.9059829059829,,Unknown,7008.17,38996.85,5.564,Maize,synthetic_prototype
Tamil Nadu,KANCHIPURAM,2018,Kharif,330.9059829059829,,Unknown,14239.96,51357.19,3.607,Rice,synthetic_prototype
Tamil Nadu,KANCHIPURAM,2018,Rabi,438.4777777777779,,Unknown,1548.99,3586.28,2.315,Wheat,synthetic_prototype
Tamil Nadu,KANCHIPURAM,2018,Rabi,438.4777777777779,,Unknown,1091.55,2031.7,1.861,Groundnut,synthetic_prototype
Tamil Nadu,KANCHIPURAM,2018,Rabi,438.4777777777779,,Unknown,10015.62,40916.14,4.085,Rice,synthetic_prototype
Tamil Nadu,KANCHIPURAM,2018,Rabi,438.4777777777779,,Unknown,4986.41,23760.23,4.765,Maize,synthetic_prototype
Tamil Nadu,KANCHIPURAM,2018,Summer,134.12307692307692,,Unknown,2737.77,12460.13,4.551,Maize,synthetic_prototype
Tamil Nadu,KANCHIPURAM,2018,Summer,134.12307692307692,,Unknown,2558.16,4432.07,1.733,Groundnut,synthetic_prototype
Tamil Nadu,KANCHIPURAM,2018,Summer,134.12307692307692,,Unknown,2921.79,11064.83,3.787,Rice,synthetic_prototype
Tamil Nadu,KANNIYAKUMARI,2018,Kharif,330.9059829059829,31.164836859555997,High,2229.25,4455.34,1.999,Groundnut,synthetic_prototype
Tamil Nadu,KANNIYAKUMARI,2018,Kharif,330.9059829059829,31.164836859555997,High,3965.18,7804.87,1.968,Cotton,synthetic_prototype
Tamil Nadu,KANNIYAKUMARI,2018,Kharif,330.9059829059829,31.164836859555997,High,2581.33,5613.88,2.175,Soybean,synthetic_prototype
Tamil Nadu,KANNIYAKUMARI,2018,Kharif,330.9059829059829,31.164836859555997,High,6743.3,31007.84,4.598,Maize,synthetic_prototype
Tamil Nadu,KANNIYAKUMARI,2018,Rabi,438.4777777777779,31.164836859555997,High,6682.74,32803.61,4.909,Maize,synthetic_prototype
Tamil Nadu,KANNIYAKUMARI,2018,Rabi,438.4777777777779,31.164836859555997,High,7588.77,31328.46,4.128,Rice,synthetic_prototype
Tamil Nadu,KANNIYAKUMARI,2018,Rabi,438.4777777777779,31.164836859555997,High,1921.95,2194.41,1.142,Mustard,synthetic_prototype
Tamil Nadu,KANNIYAKUMARI,2018,Rabi,438.4777777777779,31.164836859555997,High,4145.56,3687.82,0.89,Pulses,synthetic_prototype
Tamil Nadu,KANNIYAKUMARI,2018,Summer,134.12307692307692,31.164836859555997,High,827.2,1739.81,2.103,Millet,synthetic_prototype
Tamil Nadu,KANNIYAKUMARI,2018,Summer,134.12307692307692,31.164836859555997,High,3340.4,12158.7,3.64,Rice,synthetic_prototype
Tamil Nadu,KANNIYAKUMARI,2018,Summer,134.12307692307692,31.164836859555997,High,3874.91,7461.84,1.926,Groundnut,synthetic_prototype
Tamil Nadu,KARUR,2018,Kharif,330.9059829059829,25.69542081294355,Low,2216.54,5060.9,2.283,Groundnut,synthetic_prototype
Tamil Nadu,KARUR,2018,Kharif,330.9059829059829,25.69542081294355,Low,6373.31,32765.9,5.141,Maize,synthetic_prototype
Tamil Nadu,KARUR,2018,Kharif,330.9059829059829,25.69542081294355,Low,12083.45,47480.86,3.929,Rice,synthetic_prototype
Tamil Nadu,KARUR,2018,Kharif,330.9059829059829,25.69542081294355,Low,1162.97,2089.18,1.796,Soybean,synthetic_prototype
Tamil Nadu,KARUR,2018,Rabi,438.4777777777779,25.69542081294355,Low,6008.26,30865.17,5.137,Maize,synthetic_prototype
Tamil Nadu,KARUR,2018,Rabi,438.4777777777779,25.69542081294355,Low,7540.11,26586.72,3.526,Rice,synthetic_prototype
Tamil Nadu,KARUR,2018,Rabi,438.4777777777779,25.69542081294355,Low,2515.79,2270.15,0.902,Pulses,synthetic_prototype
Tamil Nadu,KARUR,2018,Rabi,438.4777777777779,25.69542081294355,Low,634.66,1640.16,2.584,Wheat,synthetic_prototype
Tamil Nadu,KARUR,2018,Summer,134.12307692307692,25.69542081294355,Low,1605.34,4875.67,3.037,Rice,synthetic_prototype
Tamil Nadu,KARUR,2018,Summer,134.12307692307692,25.69542081294355,Low,1894.54,3682.76,1.944,Millet,synthetic_prototype
Tamil Nadu,KARUR,2018,Summer,134.12307692307692,25.69542081294355,Low,2956.95,12972.33,4.387,Maize,synthetic_prototype
Tamil Nadu,KRISHNAGIRI,2018,Kharif,330.9059829059829,27.765414212580644,Medium,1806.72,2729.09,1.511,Cotton,synthetic_prototype
Tamil Nadu,KRISHNAGIRI,2018,Kharif,330.9059829059829,27.765414212580644,Medium,5494.22,9788.12,1.782,Groundnut,synthetic_prototype
Tamil Nadu,KRISHNAGIRI,2018,Kharif,330.9059829059829,27.765414212580644,Medium,1523.59,3395.67,2.229,Soybean,synthetic_prototype
Tamil Nadu,KRISHNAGIRI,2018,Kharif,330.9059829059829,27.765414212580644,Medium,3998.33,8132.37,2.034,Millet,synthetic_prototype
Tamil Nadu,KRISHNAGIRI,2018,Rabi,438.4777777777779,27.765414212580644,Medium,2758.84,4306.96,1.561,Groundnut,synthetic_prototype
Tamil Nadu,KRISHNAGIRI,2018,Rabi,438.4777777777779,27.765414212580644,Medium,1670.76,1716.56,1.027,Mustard,synthetic_prototype
Tamil Nadu,KRISHNAGIRI,2018,Rabi,438.4777777777779,27.765414212580644,Medium,1756.89,4809.86,2.738,Wheat,synthetic_prototype
Tamil Nadu,KRISHNAGIRI,2018,Rabi,438.4777777777779,27.765414212580644,Medium,1448.0,1666.5,1.151,Pulses,synthetic_prototype
Tamil Nadu,KRISHNAGIRI,2018,Summer,134.12307692307692,27.765414212580644,Medium,1403.6,4248.74,3.027,Rice,synthetic_prototype
Tamil Nadu,KRISHNAGIRI,2018,Summer,134.12307692307692,27.765414212580644,Medium,2004.33,8069.47,4.026,Maize,synthetic_prototype
Tamil Nadu,KRISHNAGIRI,2018,Summer,134.12307692307692,27.765414212580644,Medium,1467.02,2984.94,2.035,Millet,synthetic_prototype
Tamil Nadu,MADURAI,2018,Kharif,330.9059829059829,32.49706241748,High,10936.82,47922.03,4.382,Rice,synthetic_prototype
Tamil Nadu,MADURAI,2018,Kharif,330.9059829059829,32.49706241748,High,3073.95,7490.99,2.437,Millet,synthetic_prototype
Tamil Nadu,MADURAI,2018,Kharif,330.9059829059829,32.49706241748,High,2330.54,5400.28,2.317,Groundnut,synthetic_prototype
Tamil Nadu,MADURAI,2018,Kharif,330.9059829059829,32.49706241748,High,1256.77,2599.46,2.068,Soybean,synthetic_prototype
Tamil Nadu,MADURAI,2018,Rabi,438.4777777777779,32.49706241748,High,3545.35,15585.33,4.396,Maize,synthetic_prototype
Tamil Nadu,MADURAI,2018,Rabi,438.4777777777779,32.49706241748,High,4761.9,18367.53,3.857,Rice,synthetic_prototype
Tamil Nadu,MADURAI,2018,Rabi,438.4777777777779,32.49706241748,High,1525.15,4103.77,2.691,Wheat,synthetic_prototype
Tamil Nadu,MADURAI,2018,Rabi,438.4777777777779,32.49706241748,High,2635.79,4442.62,1.685,Groundnut,synthetic_prototype
Tamil Nadu,MADURAI,2018,Summer,134.12307692307692,32.49706241748,High,3160.9,13025.49,4.121,Maize,synthetic_prototype
Tamil Nadu,MADURAI,2018,Summer,134.12307692307692,32.49706241748,High,3743.85,12509.24,3.341,Rice,synthetic_prototype
Tamil Nadu,MADURAI,2018,Summer,134.12307692307692,32.49706241748,High,2071.89,3821.12,1.844,Groundnut,synthetic_prototype
Tamil Nadu,MAYILADUTHURAI,2018,Kharif,330.9059829059829,,Unknown,6384.51,23256.34,3.643,Rice,synthetic_prototype
Tamil Nadu,MAYILADUTHURAI,2018,Kharif,330.9059829059829,,Unknown,1352.41,2354.94,1.741,Soybean,synthetic_prototype
Tamil Nadu,MAYILADUTHURAI,2018,Kharif,330.9059829059829,,Unknown,7928.11,40096.5,5.058,Maize,synthetic_prototype
Tamil Nadu,MAYILADUTHURAI,2018,Kharif,330.9059829059829,,Unknown,2340.91,4207.84,1.798,Groundnut,synthetic_prototype
Tamil Nadu,MAYILADUTHURAI,2018,Rabi,438.4777777777779,,Unknown,785.84,1904.73,2.424,Wheat,synthetic_prototype
Tamil Nadu,MAYILADUTHURAI,2018,Rabi,438.4777777777779,,Unknown,3341.64,5140.2,1.538,Groundnut,synthetic_prototype
Tamil Nadu,MAYILADUTHURAI,2018,Rabi,438.4777777777779,,Unknown,2491.64,12411.84,4.981,Rice,synthetic_prototype
Tamil Nadu,MAYILADUTHURAI,2018,Rabi,438.4777777777779,,Unknown,5430.5,20178.09,3.716,Maize,synthetic_prototype
Tamil Nadu,MAYILADUTHURAI,2018,Summer,134.12307692307692,,Unknown,1263.02,2143.21,1.697,Millet,synthetic_prototype
Tamil Nadu,MAYILADUTHURAI,2018,Summer,134.12307692307692,,Unknown,1534.38,29306.82,19.1,Watermelon,synthetic_prototype
Tamil Nadu,MAYILADUTHURAI,2018,Summer,134.12307692307692,,Unknown,1668.53,7258.37,4.35,Maize,synthetic_prototype
Tamil Nadu,NAGAPATTINAM,2018,Kharif,330.9059829059829,,Unknown,771.12,1483.39,1.924,Soybean,synthetic_prototype
Tamil Nadu,NAGAPATTINAM,2018,Kharif,330.9059829059829,,Unknown,3035.21,5677.66,1.871,Cotton,synthetic_prototype
Tamil Nadu,NAGAPATTINAM,2018,Kharif,330.9059829059829,,Unknown,5036.67,11566.99,2.297,Groundnut,synthetic_prototype
Tamil Nadu,NAGAPATTINAM,2018,Kharif,330.9059829059829,,Unknown,2226.11,5082.44,2.283,Millet,synthetic_prototype
Tamil Nadu,NAGAPATTINAM,2018,Rabi,438.4777777777779,,Unknown,1690.13,3934.23,2.328,Wheat,synthetic_prototype
Tamil Nadu,NAGAPATTINAM,2018,Rabi,438.4777777777779,,Unknown,3350.58,5477.22,1.635,Groundnut,synthetic_prototype
Tamil Nadu,NAGAPATTINAM,2018,Rabi,438.4777777777779,,Unknown,1377.48,5965.21,4.331,Maize,synthetic_prototype
Tamil Nadu,NAGAPATTINAM,2018,Rabi,438.4777777777779,,Unknown,7353.94,27765.96,3.776,Rice,synthetic_prototype
Tamil Nadu,NAGAPATTINAM,2018,Summer,134.12307692307692,,Unknown,4544.22,19735.06,4.343,Maize,synthetic_prototype
Tamil Nadu,NAGAPATTINAM,2018,Summer,134.12307692307692,,Unknown,2501.36,5017.91,2.006,Millet,synthetic_prototype
Tamil Nadu,NAGAPATTINAM,2018,Summer,134.12307692307692,,Unknown,4124.54,18041.79,4.374,Rice,synthetic_prototype
Tamil Nadu,NAMAKKAL,2018,Kharif,330.9059829059829,25.152302552862903,Low,5270.18,12156.07,2.307,Groundnut,synthetic_prototype
Tamil Nadu,NAMAKKAL,2018,Kharif,330.9059829059829,25.152302552862903,Low,1851.94,3208.82,1.733,Soybean,synthetic_prototype
Tamil Nadu,NAMAKKAL,2018,Kharif,330.9059829059829,25.152302552862903,Low,2602.75,4722.85,1.815,Cotton,synthetic_prototype
Tamil Nadu,NAMAKKAL,2018,Kharif,330.9059829059829,25.152302552862903,Low,2980.1,8094.13,2.716,Millet,synthetic_prototype
Tamil Nadu,NAMAKKAL,2018,Rabi,438.4777777777779,25.152302552862903,Low,860.76,2592.24,3.012,Wheat,synthetic_prototype
Tamil Nadu,NAMAKKAL,2018,Rabi,438.4777777777779,25.152302552862903,Low,2917.72,6066.23,2.079,Groundnut,synthetic_prototype
Tamil Nadu,NAMAKKAL,2018,Rabi,438.4777777777779,25.152302552862903,Low,11260.32,52644.02,4.675,Rice,synthetic_prototype
Tamil Nadu,NAMAKKAL,2018,Rabi,438.4777777777779,25.152302552862903,Low,1592.79,1608.88,1.01,Pulses,synthetic_prototype
Tamil Nadu,NAMAKKAL,2018,Summer,134.12307692307692,25.152302552862903,Low,4431.84,13939.15,3.145,Rice,synthetic_prototype
Tamil Nadu,NAMAKKAL,2018,Summer,134.12307692307692,25.152302552862903,Low,763.74,13801.86,18.071,Watermelon,synthetic_prototype
Tamil Nadu,NAMAKKAL,2018,Summer,134.12307692307692,25.152302552862903,Low,2371.51,5284.22,2.228,Millet,synthetic_prototype
Tamil Nadu,PERAMBALUR,2018,Kharif,330.9059829059829,32.95149883487903,High,1455.39,3250.72,2.234,Soybean,synthetic_prototype
Tamil Nadu,PERAMBALUR,2018,Kharif,330.9059829059829,32.95149883487903,High,2807.14,7884.77,2.809,Millet,synthetic_prototype
Tamil Nadu,PERAMBALUR,2018,Kharif,330.9059829059829,32.95149883487903,High,6741.08,30583.62,4.537,Maize,synthetic_prototype
Tamil Nadu,PERAMBALUR,2018,Kharif,330.9059829059829,32.95149883487903,High,4936.97,21490.52,4.353,Rice,synthetic_prototype
Tamil Nadu,PERAMBALUR,2018,Rabi,438.4777777777779,32.95149883487903,High,5878.94,25330.22,4.309,Maize,synthetic_prototype
Tamil Nadu,PERAMBALUR,2018,Rabi,438.4777777777779,32.95149883487903,High,1356.66,4246.53,3.13,Wheat,synthetic_prototype
Tamil Nadu,PERAMBALUR,2018,Rabi,438.4777777777779,32.95149883487903,High,2983.19,2663.11,0.893,Pulses,synthetic_prototype
Tamil Nadu,PERAMBALUR,2018,Rabi,438.4777777777779,32.95149883487903,High,8585.23,30406.4,3.542,Rice,synthetic_prototype
Tamil Nadu,PERAMBALUR,2018,Summer,134.12307692307692,32.95149883487903,High,3015.79,12517.58,4.151,Maize,synthetic_prototype
Tamil Nadu,PERAMBALUR,2018,Summer,134.12307692307692,32.95149883487903,High,1727.98,3679.02,2.129,Groundnut,synthetic_prototype
Tamil Nadu,PERAMBALUR,2018,Summer,134.12307692307692,32.95149883487903,High,1227.48,2420.23,1.972,Millet,synthetic_prototype
Tamil Nadu,PUDUKKOTTAI,2018,Kharif,330.9059829059829,23.147286031048385,Low,6989.29,12913.17,1.848,Groundnut,synthetic_prototype
Tamil Nadu,PUDUKKOTTAI,2018,Kharif,330.9059829059829,23.147286031048385,Low,4560.03,6523.73,1.431,Cotton,synthetic_prototype
Tamil Nadu,PUDUKKOTTAI,2018,Kharif,330.9059829059829,23.147286031048385,Low,14304.98,58281.56,4.074,Rice,synthetic_prototype
Tamil Nadu,PUDUKKOTTAI,2018,Kharif,330.9059829059829,23.147286031048385,Low,8096.75,37241.09,4.6,Maize,synthetic_prototype
Tamil Nadu,PUDUKKOTTAI,2018,Rabi,438.4777777777779,23.147286031048385,Low,6930.74,25665.92,3.703,Rice,synthetic_prototype
Tamil Nadu,PUDUKKOTTAI,2018,Rabi,438.4777777777779,23.147286031048385,Low,1792.1,4214.11,2.351,Wheat,synthetic_prototype
Tamil Nadu,PUDUKKOTTAI,2018,Rabi,438.4777777777779,23.147286031048385,Low,1654.32,2219.45,1.342,Mustard,synthetic_prototype
Tamil Nadu,PUDUKKOTTAI,2018,Rabi,438.4777777777779,23.147286031048385,Low,4578.96,4518.89,0.987,Pulses,synthetic_prototype
Tamil Nadu,PUDUKKOTTAI,2018,Summer,134.12307692307692,23.147286031048385,Low,1971.82,4680.74,2.374,Millet,synthetic_prototype
Tamil Nadu,PUDUKKOTTAI,2018,Summer,134.12307692307692,23.147286031048385,Low,3191.2,5758.65,1.805,Groundnut,synthetic_prototype
Tamil Nadu,PUDUKKOTTAI,2018,Summer,134.12307692307692,23.147286031048385,Low,4205.64,15243.79,3.625,Rice,synthetic_prototype
Tamil Nadu,RAMANATHAPURAM,2018,Kharif,330.9059829059829,28.9982593121,Medium,3188.45,6035.87,1.893,Cotton,synthetic_prototype
Tamil Nadu,RAMANATHAPURAM,2018,Kharif,330.9059829059829,28.9982593121,Medium,7799.73,17609.73,2.258,Groundnut,synthetic_prototype
Tamil Nadu,RAMANATHAPURAM,2018,Kharif,330.9059829059829,28.9982593121,Medium,2597.72,6638.73,2.556,Millet,synthetic_prototype
Tamil Nadu,RAMANATHAPURAM,2018,Kharif,330.9059829059829,28.9982593121,Medium,15517.58,49890.43,3.215,Rice,synthetic_prototype
Tamil Nadu,RAMANATHAPURAM,2018,Rabi,438.4777777777779,28.9982593121,Medium,2312.65,2519.21,1.089,Pulses,synthetic_prototype
Tamil Nadu,RAMANATHAPURAM,2018,Rabi,438.4777777777779,28.9982593121,Medium,5628.82,11403.37,2.026,Groundnut,synthetic_prototype
Tamil Nadu,RAMANATHAPURAM,2018,Rabi,438.4777777777779,28.9982593121,Medium,1925.84,2632.15,1.367,Mustard,synthetic_prototype
Tamil Nadu,RAMANATHAPURAM,2018,Rabi,438.4777777777779,28.9982593121,Medium,3300.68,12515.02,3.792,Maize,synthetic_prototype
Tamil Nadu,RAMANATHAPURAM,2018,Summer,134.12307692307692,28.9982593121,Medium,1289.15,6122.82,4.75,Maize,synthetic_prototype
Tamil Nadu,RAMANATHAPURAM,2018,Summer,134.12307692307692,28.9982593121,Medium,4215.61,18468.16,4.381,Rice,synthetic_prototype
Tamil Nadu,RAMANATHAPURAM,2018,Summer,134.12307692307692,28.9982593121,Medium,1165.7,1877.05,1.61,Groundnut,synthetic_prototype
Tamil Nadu,RANIPET,2018,Kharif,330.9059829059829,,Unknown,1236.19,2777.35,2.247,Soybean,synthetic_prototype
Tamil Nadu,RANIPET,2018,Kharif,330.9059829059829,,Unknown,3124.15,7900.63,2.529,Millet,synthetic_prototype
Tamil Nadu,RANIPET,2018,Kharif,330.9059829059829,,Unknown,5113.05,28831.58,5.639,Maize,synthetic_prototype
Tamil Nadu,RANIPET,2018,Kharif,330.9059829059829,,Unknown,4717.41,8025.48,1.701,Cotton,synthetic_prototype
Tamil Nadu,RANIPET,2018,Rabi,438.4777777777779,,Unknown,3546.73,14377.41,4.054,Rice,synthetic_prototype
Tamil Nadu,RANIPET,2018,Rabi,438.4777777777779,,Unknown,546.63,1598.89,2.925,Wheat,synthetic_prototype
Tamil Nadu,RANIPET,2018,Rabi,438.4777777777779,,Unknown,7886.14,16279.9,2.064,Groundnut,synthetic_prototype
Tamil Nadu,RANIPET,2018,Rabi,438.4777777777779,,Unknown,2901.22,3936.32,1.357,Mustard,synthetic_prototype
Tamil Nadu,RANIPET,2018,Summer,134.12307692307692,,Unknown,2537.65,5711.61,2.251,Millet,synthetic_prototype
Tamil Nadu,RANIPET,2018,Summer,134.12307692307692,,Unknown,1702.29,30280.27,17.788,Watermelon,synthetic_prototype
Tamil Nadu,RANIPET,2018,Summer,134.12307692307692,,Unknown,7165.2,24882.12,3.473,Rice,synthetic_prototype
Tamil Nadu,SALEM,2018,Kharif,330.9059829059829,26.934064780120966,Low,2527.79,13056.7,5.165,Maize,synthetic_prototype
Tamil Nadu,SALEM,2018,Kharif,330.9059829059829,26.934064780120966,Low,1602.89,3826.17,2.387,Millet,synthetic_prototype
Tamil Nadu,SALEM,2018,Kharif,330.9059829059829,26.934064780120966,Low,3993.87,8750.34,2.191,Soybean,synthetic_prototype
Tamil Nadu,SALEM,2018,Kharif,330.9059829059829,26.934064780120966,Low,6078.46,13557.25,2.23,Groundnut,synthetic_prototype
Tamil Nadu,SALEM,2018,Rabi,438.4777777777779,26.934064780120966,Low,2288.57,3318.49,1.45,Mustard,synthetic_prototype
Tamil Nadu,SALEM,2018,Rabi,438.4777777777779,26.934064780120966,Low,2491.67,7817.07,3.137,Wheat,synthetic_prototype
Tamil Nadu,SALEM,2018,Rabi,438.4777777777779,26.934064780120966,Low,16771.39,67134.03,4.003,Rice,synthetic_prototype
Tamil Nadu,SALEM,2018,Rabi,438.4777777777779,26.934064780120966,Low,3605.45,3782.57,1.049,Pulses,synthetic_prototype
Tamil Nadu,SALEM,2018,Summer,134.12307692307692,26.934064780120966,Low,5739.73,25382.23,4.422,Rice,synthetic_prototype
Tamil Nadu,SALEM,2018,Summer,134.12307692307692,26.934064780120966,Low,1286.11,4308.72,3.35,Maize,synthetic_prototype
Tamil Nadu,SALEM,2018,Summer,134.12307692307692,26.934064780120966,Low,3226.61,7780.96,2.411,Millet,synthetic_prototype
Tamil Nadu,SIVAGANGA,2018,Kharif,330.9059829059829,27.401053718064517,Medium,2513.29,4832.11,1.923,Millet,synthetic_prototype
Tamil Nadu,SIVAGANGA,2018,Kharif,330.9059829059829,27.401053718064517,Medium,802.88,1277.65,1.591,Soybean,synthetic_prototype
Tamil Nadu,SIVAGANGA,2018,Kharif,330.9059829059829,27.401053718064517,Medium,2087.95,3938.03,1.886,Groundnut,synthetic_prototype
Tamil Nadu,SIVAGANGA,2018,Kharif,330.9059829059829,27.401053718064517,Medium,2797.25,5388.53,1.926,Cotton,synthetic_prototype
Tamil Nadu,SIVAGANGA,2018,Rabi,438.4777777777779,27.401053718064517,Medium,5502.52,28579.52,5.194,Maize,synthetic_prototype
Tamil Nadu,SIVAGANGA,2018,Rabi,438.4777777777779,27.401053718064517,Medium,4763.66,17871.44,3.752,Rice,synthetic_prototype
Tamil Nadu,SIVAGANGA,2018,Rabi,438.4777777777779,27.401053718064517,Medium,964.86,1114.29,1.155,Mustard,synthetic_prototype
Tamil Nadu,SIVAGANGA,2018,Rabi,438.4777777777779,27.401053718064517,Medium,1617.61,4941.65,3.055,Wheat,synthetic_prototype
Tamil Nadu,SIVAGANGA,2018,Summer,134.12307692307692,27.401053718064517,Medium,405.68,7819.76,19.275,Watermelon,synthetic_prototype
Tamil Nadu,SIVAGANGA,2018,Summer,134.12307692307692,27.401053718064517,Medium,1463.18,3197.36,2.185,Millet,synthetic_prototype
Tamil Nadu,SIVAGANGA,2018,Summer,134.12307692307692,27.401053718064517,Medium,1855.89,8556.53,4.61,Maize,synthetic_prototype
Tamil Nadu,TENKASI,2018,Kharif,330.9059829059829,,Unknown,3797.05,6057.26,1.595,Cotton,synthetic_prototype
Tamil Nadu,TENKASI,2018,Kharif,330.9059829059829,,Unknown,5438.12,11146.99,2.05,Groundnut,synthetic_prototype
Tamil Nadu,TENKASI,2018,Kharif,330.9059829059829,,Unknown,6561.93,30958.53,4.718,Rice,synthetic_prototype
Tamil Nadu,TENKASI,2018,Kharif,330.9059829059829,,Unknown,3248.34,6442.53,1.983,Millet,synthetic_prototype
Tamil Nadu,TENKASI,2018,Rabi,438.4777777777779,,Unknown,3185.15,12751.3,4.003,Maize,synthetic_prototype
Tamil Nadu,TENKASI,2018,Rabi,438.4777777777779,,Unknown,1310.3,2082.68,1.589,Groundnut,synthetic_prototype
Tamil Nadu,TENKASI,2018,Rabi,438.4777777777779,,Unknown,944.03,922.26,0.977,Pulses,synthetic_prototype
Tamil Nadu,TENKASI,2018,Rabi,438.4777777777779,,Unknown,1375.11,1493.23,1.086,Mustard,synthetic_prototype
Tamil Nadu,TENKASI,2018,Summer,134.12307692307692,,Unknown,1043.3,14551.59,13.948,Watermelon,synthetic_prototype
Tamil Nadu,TENKASI,2018,Summer,134.12307692307692,,Unknown,2083.53,9258.94,4.444,Maize,synthetic_prototype
Tamil Nadu,TENKASI,2018,Summer,134.12307692307692,,Unknown,2085.29,3088.95,1.481,Groundnut,synthetic_prototype
Tamil Nadu,THANJAVUR,2018,Kharif,330.9059829059829,28.445014925161292,Medium,2203.81,4012.14,1.821,Cotton,synthetic_prototype
Tamil Nadu,THANJAVUR,2018,Kharif,330.9059829059829,28.445014925161292,Medium,2599.89,6184.42,2.379,Millet,synthetic_prototype
Tamil Nadu,THANJAVUR,2018,Kharif,330.9059829059829,28.445014925161292,Medium,1804.61,2848.73,1.579,Soybean,synthetic_prototype
Tamil Nadu,THANJAVUR,2018,Kharif,330.9059829059829,28.445014925161292,Medium,7013.61,34953.9,4.984,Maize,synthetic_prototype
Tamil Nadu,THANJAVUR,2018,Rabi,438.4777777777779,28.445014925161292,Medium,4032.38,17093.4,4.239,Maize,synthetic_prototype
Tamil Nadu,THANJAVUR,2018,Rabi,438.4777777777779,28.445014925161292,Medium,8011.47,31347.21,3.913,Rice,synthetic_prototype
Tamil Nadu,THANJAVUR,2018,Rabi,438.4777777777779,28.445014925161292,Medium,1077.75,1415.43,1.313,Mustard,synthetic_prototype
Tamil Nadu,THANJAVUR,2018,Rabi,438.4777777777779,28.445014925161292,Medium,2333.58,3659.51,1.568,Groundnut,synthetic_prototype
Tamil Nadu,THANJAVUR,2018,Summer,134.12307692307692,28.445014925161292,Medium,2279.46,4876.96,2.14,Millet,synthetic_prototype
Tamil Nadu,THANJAVUR,2018,Summer,134.12307692307692,28.445014925161292,Medium,2325.38,8164.45,3.511,Maize,synthetic_prototype
Tamil Nadu,THANJAVUR,2018,Summer,134.12307692307692,28.445014925161292,Medium,1591.92,3127.81,1.965,Groundnut,synthetic_prototype
Tamil Nadu,THE NILGIRIS,2018,Kharif,330.9059829059829,35.84706918911291,High,2367.17,4923.65,2.08,Millet,synthetic_prototype
Tamil Nadu,THE NILGIRIS,2018,Kharif,330.9059829059829,35.84706918911291,High,5093.67,20188.52,3.963,Maize,synthetic_prototype
Tamil Nadu,THE NILGIRIS,2018,Kharif,330.9059829059829,35.84706918911291,High,4417.08,8717.56,1.974,Cotton,synthetic_prototype
Tamil Nadu,THE NILGIRIS,2018,Kharif,330.9059829059829,35.84706918911291,High,4729.17,10624.24,2.247,Groundnut,synthetic_prototype
Tamil Nadu,THE NILGIRIS,2018,Rabi,438.4777777777779,35.84706918911291,High,918.57,1908.17,2.077,Groundnut,synthetic_prototype
Tamil Nadu,THE NILGIRIS,2018,Rabi,438.4777777777779,35.84706918911291,High,1724.4,3960.23,2.297,Wheat,synthetic_prototype
Tamil Nadu,THE NILGIRIS,2018,Rabi,438.4777777777779,35.84706918911291,High,2303.35,8424.2,3.657,Maize,synthetic_prototype
Tamil Nadu,THE NILGIRIS,2018,Rabi,438.4777777777779,35.84706918911291,High,11498.32,40695.46,3.539,Rice,synthetic_prototype
Tamil Nadu,THE NILGIRIS,2018,Summer,134.12307692307692,35.84706918911291,High,2703.16,9398.09,3.477,Rice,synthetic_prototype
Tamil Nadu,THE NILGIRIS,2018,Summer,134.12307692307692,35.84706918911291,High,1776.72,3295.35,1.855,Groundnut,synthetic_prototype
Tamil Nadu,THE NILGIRIS,2018,Summer,134.12307692307692,35.84706918911291,High,1221.75,22775.86,18.642,Watermelon,synthetic_prototype
Tamil Nadu,THENI,2018,Kharif,330.9059829059829,34.932106377692,High,2860.63,6112.53,2.137,Millet,synthetic_prototype
Tamil Nadu,THENI,2018,Kharif,330.9059829059829,34.932106377692,High,3621.59,6286.84,1.736,Cotton,synthetic_prototype
Tamil Nadu,THENI,2018,Kharif,330.9059829059829,34.932106377692,High,3931.09,18377.34,4.675,Maize,synthetic_prototype
Tamil Nadu,THENI,2018,Kharif,330.9059829059829,34.932106377692,High,3682.12,6963.99,1.891,Groundnut,synthetic_prototype
Tamil Nadu,THENI,2018,Rabi,438.4777777777779,34.932106377692,High,7642.81,37333.81,4.885,Maize,synthetic_prototype
Tamil Nadu,THENI,2018,Rabi,438.4777777777779,34.932106377692,High,701.25,1843.75,2.629,Wheat,synthetic_prototype
Tamil Nadu,THENI,2018,Rabi,438.4777777777779,34.932106377692,High,2414.52,4598.45,1.905,Groundnut,synthetic_prototype
Tamil Nadu,THENI,2018,Rabi,438.4777777777779,34.932106377692,High,929.11,1211.69,1.304,Mustard,synthetic_prototype
Tamil Nadu,THENI,2018,Summer,134.12307692307692,34.932106377692,High,1516.96,2607.36,1.719,Millet,synthetic_prototype
Tamil Nadu,THENI,2018,Summer,134.12307692307692,34.932106377692,High,728.98,11862.82,16.273,Watermelon,synthetic_prototype
Tamil Nadu,THENI,2018,Summer,134.12307692307692,34.932106377692,High,2695.22,10723.99,3.979,Maize,synthetic_prototype
Tamil Nadu,THOOTHUKUDI,2018,Kharif,330.9059829059829,,Unknown,4637.53,16429.13,3.543,Rice,synthetic_prototype
Tamil Nadu,THOOTHUKUDI,2018,Kharif,330.9059829059829,,Unknown,3560.74,8018.87,2.252,Millet,synthetic_prototype
Tamil Nadu,THOOTHUKUDI,2018,Kharif,330.9059829059829,,Unknown,1406.81,2468.21,1.754,Soybean,synthetic_prototype
Tamil Nadu,THOOTHUKUDI,2018,Kharif,330.9059829059829,,Unknown,1804.05,2724.59,1.51,Cotton,synthetic_prototype
Tamil Nadu,THOOTHUKUDI,2018,Rabi,438.4777777777779,,Unknown,1750.84,2892.99,1.652,Groundnut,synthetic_prototype
Tamil Nadu,THOOTHUKUDI,2018,Rabi,438.4777777777779,,Unknown,9724.08,43691.46,4.493,Rice,synthetic_prototype
Tamil Nadu,THOOTHUKUDI,2018,Rabi,438.4777777777779,,Unknown,946.57,1153.98,1.219,Mustard,synthetic_prototype
Tamil Nadu,THOOTHUKUDI,2018,Rabi,438.4777777777779,,Unknown,6639.53,28733.92,4.328,Maize,synthetic_prototype
Tamil Nadu,THOOTHUKUDI,2018,Summer,134.12307692307692,,Unknown,1529.14,5616.64,3.673,Rice,synthetic_prototype
Tamil Nadu,THOOTHUKUDI,2018,Summer,134.12307692307692,,Unknown,1721.79,5857.06,3.402,Maize,synthetic_prototype
Tamil Nadu,THOOTHUKUDI,2018,Summer,134.12307692307692,,Unknown,958.16,15900.17,16.595,Watermelon,synthetic_prototype
Tamil Nadu,TIRUCHIRAPPALLI,2018,Kharif,330.9059829059829,26.180574092419352,Low,6312.57,29226.56,4.63,Maize,synthetic_prototype
Tamil Nadu,TIRUCHIRAPPALLI,2018,Kharif,330.9059829059829,26.180574092419352,Low,4365.11,9030.6,2.069,Cotton,synthetic_prototype
Tamil Nadu,TIRUCHIRAPPALLI,2018,Kharif,330.9059829059829,26.180574092419352,Low,2285.39,4557.48,1.994,Soybean,synthetic_prototype
Tamil Nadu,TIRUCHIRAPPALLI,2018,Kharif,330.9059829059829,26.180574092419352,Low,2373.53,4798.83,2.022,Millet,synthetic_prototype
Tamil Nadu,TIRUCHIRAPPALLI,2018,Rabi,438.4777777777779,26.180574092419352,Low,3823.94,15189.52,3.972,Maize,synthetic_prototype
Tamil Nadu,TIRUCHIRAPPALLI,2018,Rabi,438.4777777777779,26.180574092419352,Low,2639.32,2753.89,1.043,Pulses,synthetic_prototype
Tamil Nadu,TIRUCHIRAPPALLI,2018,Rabi,438.4777777777779,26.180574092419352,Low,648.57,1558.79,2.403,Wheat,synthetic_prototype
Tamil Nadu,TIRUCHIRAPPALLI,2018,Rabi,438.4777777777779,26.180574092419352,Low,1223.17,1553.24,1.27,Mustard,synthetic_prototype
Tamil Nadu,TIRUCHIRAPPALLI,2018,Summer,134.12307692307692,26.180574092419352,Low,1847.42,3441.47,1.863,Millet,synthetic_prototype
Tamil Nadu,TIRUCHIRAPPALLI,2018,Summer,134.12307692307692,26.180574092419352,Low,1972.29,34742.05,17.615,Watermelon,synthetic_prototype
Tamil Nadu,TIRUCHIRAPPALLI,2018,Summer,134.12307692307692,26.180574092419352,Low,1151.14,5072.71,4.407,Maize,synthetic_prototype
Tamil Nadu,TIRUNELVELI,2018,Kharif,330.9059829059829,27.362339060924,Low,3950.69,20734.48,5.248,Maize,synthetic_prototype
Tamil Nadu,TIRUNELVELI,2018,Kharif,330.9059829059829,27.362339060924,Low,5261.97,13992.74,2.659,Millet,synthetic_prototype
Tamil Nadu,TIRUNELVELI,2018,Kharif,330.9059829059829,27.362339060924,Low,13548.73,54055.11,3.99,Rice,synthetic_prototype
Tamil Nadu,TIRUNELVELI,2018,Kharif,330.9059829059829,27.362339060924,Low,4251.19,7172.99,1.687,Cotton,synthetic_prototype
Tamil Nadu,TIRUNELVELI,2018,Rabi,438.4777777777779,27.362339060924,Low,4966.46,4573.6,0.921,Pulses,synthetic_prototype
Tamil Nadu,TIRUNELVELI,2018,Rabi,438.4777777777779,27.362339060924,Low,1390.89,2975.12,2.139,Groundnut,synthetic_prototype
Tamil Nadu,TIRUNELVELI,2018,Rabi,438.4777777777779,27.362339060924,Low,4226.4,20274.14,4.797,Rice,synthetic_prototype
Tamil Nadu,TIRUNELVELI,2018,Rabi,438.4777777777779,27.362339060924,Low,1599.42,3934.8,2.46,Wheat,synthetic_prototype
Tamil Nadu,TIRUNELVELI,2018,Summer,134.12307692307692,27.362339060924,Low,1771.89,7176.22,4.05,Rice,synthetic_prototype
Tamil Nadu,TIRUNELVELI,2018,Summer,134.12307692307692,27.362339060924,Low,1576.61,29036.35,18.417,Watermelon,synthetic_prototype
Tamil Nadu,TIRUNELVELI,2018,Summer,134.12307692307692,27.362339060924,Low,801.04,1556.31,1.943,Groundnut,synthetic_prototype
Tamil Nadu,TIRUPATHUR,2018,Kharif,330.9059829059829,,Unknown,5454.62,25545.47,4.683,Rice,synthetic_prototype
Tamil Nadu,TIRUPATHUR,2018,Kharif,330.9059829059829,,Unknown,9667.9,39877.67,4.125,Maize,synthetic_prototype
Tamil Nadu,TIRUPATHUR,2018,Kharif,330.9059829059829,,Unknown,2906.04,5333.54,1.835,Soybean,synthetic_prototype
Tamil Nadu,TIRUPATHUR,2018,Kharif,330.9059829059829,,Unknown,6966.23,13767.33,1.976,Groundnut,synthetic_prototype
Tamil Nadu,TIRUPATHUR,2018,Rabi,438.4777777777779,,Unknown,1882.55,2282.61,1.213,Mustard,synthetic_prototype
Tamil Nadu,TIRUPATHUR,2018,Rabi,438.4777777777779,,Unknown,8409.93,38582.16,4.588,Rice,synthetic_prototype
Tamil Nadu,TIRUPATHUR,2018,Rabi,438.4777777777779,,Unknown,4031.71,14847.28,3.683,Maize,synthetic_prototype
Tamil Nadu,TIRUPATHUR,2018,Rabi,438.4777777777779,,Unknown,1639.24,1704.03,1.04,Pulses,synthetic_prototype
Tamil Nadu,TIRUPATHUR,2018,Summer,134.12307692307692,,Unknown,4169.62,7193.44,1.725,Groundnut,synthetic_prototype
Tamil Nadu,TIRUPATHUR,2018,Summer,134.12307692307692,,Unknown,2355.02,9296.85,3.948,Maize,synthetic_prototype
Tamil Nadu,TIRUPATHUR,2018,Summer,134.12307692307692,,Unknown,741.14,1421.52,1.918,Millet,synthetic_prototype
Tamil Nadu,TIRUPPUR,2018,Kharif,330.9059829059829,26.49042549164,Low,3161.9,6090.05,1.926,Cotton,synthetic_prototype
Tamil Nadu,TIRUPPUR,2018,Kharif,330.9059829059829,26.49042549164,Low,1891.65,4353.99,2.302,Millet,synthetic_prototype
Tamil Nadu,TIRUPPUR,2018,Kharif,330.9059829059829,26.49042549164,Low,629.24,1067.47,1.696,Soybean,synthetic_prototype
Tamil Nadu,TIRUPPUR,2018,Kharif,330.9059829059829,26.49042549164,Low,8922.63,45748.11,5.127,Maize,synthetic_prototype
Tamil Nadu,TIRUPPUR,2018,Rabi,438.4777777777779,26.49042549164,Low,2853.43,12202.18,4.276,Maize,synthetic_prototype
Tamil Nadu,TIRUPPUR,2018,Rabi,438.4777777777779,26.49042549164,Low,2277.98,2350.39,1.032,Mustard,synthetic_prototype
Tamil Nadu,TIRUPPUR,2018,Rabi,438.4777777777779,26.49042549164,Low,2372.07,5035.68,2.123,Wheat,synthetic_prototype
Tamil Nadu,TIRUPPUR,2018,Rabi,438.4777777777779,26.49042549164,Low,7683.05,27865.88,3.627,Rice,synthetic_prototype
Tamil Nadu,TIRUPPUR,2018,Summer,134.12307692307692,26.49042549164,Low,1257.99,2772.56,2.204,Millet,synthetic_prototype
Tamil Nadu,TIRUPPUR,2018,Summer,134.12307692307692,26.49042549164,Low,1666.87,5701.98,3.421,Maize,synthetic_prototype
Tamil Nadu,TIRUPPUR,2018,Summer,134.12307692307692,26.49042549164,Low,2431.73,5191.42,2.135,Groundnut,synthetic_prototype
Tamil Nadu,TIRUVALLUR,2018,Kharif,330.9059829059829,,Unknown,6971.63,12405.89,1.779,Groundnut,synthetic_prototype
Tamil Nadu,TIRUVALLUR,2018,Kharif,330.9059829059829,,Unknown,980.97,1729.74,1.763,Soybean,synthetic_prototype
Tamil Nadu,TIRUVALLUR,2018,Kharif,330.9059829059829,,Unknown,8660.68,45125.79,5.21,Maize,synthetic_prototype
Tamil Nadu,TIRUVALLUR,2018,Kharif,330.9059829059829,,Unknown,4927.02,7195.79,1.46,Cotton,synthetic_prototype
Tamil Nadu,TIRUVALLUR,2018,Rabi,438.4777777777779,,Unknown,14560.4,53763.02,3.692,Rice,synthetic_prototype
Tamil Nadu,TIRUVALLUR,2018,Rabi,438.4777777777779,,Unknown,2133.39,4722.45,2.214,Groundnut,synthetic_prototype
Tamil Nadu,TIRUVALLUR,2018,Rabi,438.4777777777779,,Unknown,561.58,766.16,1.364,Mustard,synthetic_prototype
Tamil Nadu,TIRUVALLUR,2018,Rabi,438.4777777777779,,Unknown,2082.11,5063.8,2.432,Wheat,synthetic_prototype
Tamil Nadu,TIRUVALLUR,2018,Summer,134.12307692307692,,Unknown,2731.64,4599.59,1.684,Groundnut,synthetic_prototype
Tamil Nadu,TIRUVALLUR,2018,Summer,134.12307692307692,,Unknown,7262.09,25469.71,3.507,Rice,synthetic_prototype
Tamil Nadu,TIRUVALLUR,2018,Summer,134.12307692307692,,Unknown,1448.02,6922.07,4.78,Maize,synthetic_prototype
Tamil Nadu,TIRUVANNAMALAI,2018,Kharif,330.9059829059829,30.938669521370965,High,3258.34,7523.63,2.309,Groundnut,synthetic_prototype
Tamil Nadu,TIRUVANNAMALAI,2018,Kharif,330.9059829059829,30.938669521370965,High,8497.04,36593.43,4.307,Rice,synthetic_prototype
Tamil Nadu,TIRUVANNAMALAI,2018,Kharif,330.9059829059829,30.938669521370965,High,1991.67,10567.83,5.306,Maize,synthetic_prototype
Tamil Nadu,TIRUVANNAMALAI,2018,Kharif,330.9059829059829,30.938669521370965,High,2483.54,4855.97,1.955,Millet,synthetic_prototype
Tamil Nadu,TIRUVANNAMALAI,2018,Rabi,438.4777777777779,30.938669521370965,High,3304.47,13682.28,4.141,Rice,synthetic_prototype
Tamil Nadu,TIRUVANNAMALAI,2018,Rabi,438.4777777777779,30.938669521370965,High,4470.22,8790.11,1.966,Groundnut,synthetic_prototype
Tamil Nadu,TIRUVANNAMALAI,2018,Rabi,438.4777777777779,30.938669521370965,High,1012.31,2975.03,2.939,Wheat,synthetic_prototype
Tamil Nadu,TIRUVANNAMALAI,2018,Rabi,438.4777777777779,30.938669521370965,High,985.86,981.14,0.995,Pulses,synthetic_prototype
Tamil Nadu,TIRUVANNAMALAI,2018,Summer,134.12307692307692,30.938669521370965,High,1377.05,22723.45,16.502,Watermelon,synthetic_prototype
Tamil Nadu,TIRUVANNAMALAI,2018,Summer,134.12307692307692,30.938669521370965,High,731.51,1382.34,1.89,Groundnut,synthetic_prototype
Tamil Nadu,TIRUVANNAMALAI,2018,Summer,134.12307692307692,30.938669521370965,High,3056.35,9342.35,3.057,Rice,synthetic_prototype
Tamil Nadu,TIRUVARUR,2018,Kharif,330.9059829059829,,Unknown,10526.3,42047.55,3.995,Rice,synthetic_prototype
Tamil Nadu,TIRUVARUR,2018,Kharif,330.9059829059829,,Unknown,2450.87,5182.7,2.115,Millet,synthetic_prototype
Tamil Nadu,TIRUVARUR,2018,Kharif,330.9059829059829,,Unknown,949.87,1785.08,1.879,Soybean,synthetic_prototype
Tamil Nadu,TIRUVARUR,2018,Kharif,330.9059829059829,,Unknown,2964.87,5294.96,1.786,Groundnut,synthetic_prototype
Tamil Nadu,TIRUVARUR,2018,Rabi,438.4777777777779,,Unknown,10209.37,38006.43,3.723,Rice,synthetic_prototype
Tamil Nadu,TIRUVARUR,2018,Rabi,438.4777777777779,,Unknown,957.15,860.11,0.899,Pulses,synthetic_prototype
Tamil Nadu,TIRUVARUR,2018,Rabi,438.4777777777779,,Unknown,2008.83,2759.69,1.374,Mustard,synthetic_prototype
Tamil Nadu,TIRUVARUR,2018,Rabi,438.4777777777779,,Unknown,2223.3,6244.59,2.809,Wheat,synthetic_prototype
Tamil Nadu,TIRUVARUR,2018,Summer,134.12307692307692,,Unknown,1400.65,25004.42,17.852,Watermelon,synthetic_prototype
Tamil Nadu,TIRUVARUR,2018,Summer,134.12307692307692,,Unknown,2100.72,3686.33,1.755,Millet,synthetic_prototype
Tamil Nadu,TIRUVARUR,2018,Summer,134.12307692307692,,Unknown,1110.87,5128.21,4.616,Maize,synthetic_prototype
Tamil Nadu,VELLORE,2018,Kharif,330.9059829059829,28.828871023427418,Medium,2801.24,4621.36,1.65,Cotton,synthetic_prototype
Tamil Nadu,VELLORE,2018,Kharif,330.9059829059829,28.828871023427418,Medium,3377.13,6414.27,1.899,Soybean,synthetic_prototype
Tamil Nadu,VELLORE,2018,Kharif,330.9059829059829,28.828871023427418,Medium,7416.15,28913.0,3.899,Maize,synthetic_prototype
Tamil Nadu,VELLORE,2018,Kharif,330.9059829059829,28.828871023427418,Medium,5007.14,11531.33,2.303,Millet,synthetic_prototype
Tamil Nadu,VELLORE,2018,Rabi,438.4777777777779,28.828871023427418,Medium,1262.78,3327.45,2.635,Wheat,synthetic_prototype
Tamil Nadu,VELLORE,2018,Rabi,438.4777777777779,28.828871023427418,Medium,5416.66,10257.06,1.894,Groundnut,synthetic_prototype
Tamil Nadu,VELLORE,2018,Rabi,438.4777777777779,28.828871023427418,Medium,4116.01,20438.36,4.966,Rice,synthetic_prototype
Tamil Nadu,VELLORE,2018,Rabi,438.4777777777779,28.828871023427418,Medium,3037.27,13520.1,4.451,Maize,synthetic_prototype
Tamil Nadu,VELLORE,2018,Summer,134.12307692307692,28.828871023427418,Medium,1894.98,3331.26,1.758,Millet,synthetic_prototype
Tamil Nadu,VELLORE,2018,Summer,134.12307692307692,28.828871023427418,Medium,698.0,11822.4,16.937,Watermelon,synthetic_prototype
Tamil Nadu,VELLORE,2018,Summer,134.12307692307692,28.828871023427418,Medium,1600.68,5704.65,3.564,Maize,synthetic_prototype
Tamil Nadu,VILUPPURAM,2018,Kharif,330.9059829059829,29.779336412338708,High,5354.08,20588.93,3.845,Maize,synthetic_prototype
Tamil Nadu,VILUPPURAM,2018,Kharif,330.9059829059829,29.779336412338708,High,10052.81,42087.73,4.187,Rice,synthetic_prototype
Tamil Nadu,VILUPPURAM,2018,Kharif,330.9059829059829,29.779336412338708,High,4193.0,7905.05,1.885,Cotton,synthetic_prototype
Tamil Nadu,VILUPPURAM,2018,Kharif,330.9059829059829,29.779336412338708,High,3935.47,7115.03,1.808,Groundnut,synthetic_prototype
Tamil Nadu,VILUPPURAM,2018,Rabi,438.4777777777779,29.779336412338708,High,4002.32,13949.59,3.485,Rice,synthetic_prototype
Tamil Nadu,VILUPPURAM,2018,Rabi,438.4777777777779,29.779336412338708,High,2426.4,2211.87,0.912,Pulses,synthetic_prototype
Tamil Nadu,VILUPPURAM,2018,Rabi,438.4777777777779,29.779336412338708,High,1405.25,1867.21,1.329,Mustard,synthetic_prototype
Tamil Nadu,VILUPPURAM,2018,Rabi,438.4777777777779,29.779336412338708,High,1839.06,5760.8,3.132,Wheat,synthetic_prototype
Tamil Nadu,VILUPPURAM,2018,Summer,134.12307692307692,29.779336412338708,High,1215.4,2279.66,1.876,Millet,synthetic_prototype
Tamil Nadu,VILUPPURAM,2018,Summer,134.12307692307692,29.779336412338708,High,1816.49,6256.85,3.444,Rice,synthetic_prototype
Tamil Nadu,VILUPPURAM,2018,Summer,134.12307692307692,29.779336412338708,High,868.2,13210.85,15.216,Watermelon,synthetic_prototype
Tamil Nadu,VIRUDHUNAGAR,2018,Kharif,330.9059829059829,,Unknown,1983.93,3727.95,1.879,Soybean,synthetic_prototype
Tamil Nadu,VIRUDHUNAGAR,2018,Kharif,330.9059829059829,,Unknown,1820.3,3830.05,2.104,Cotton,synthetic_prototype
Tamil Nadu,VIRUDHUNAGAR,2018,Kharif,330.9059829059829,,Unknown,10509.83,36765.02,3.498,Rice,synthetic_prototype
Tamil Nadu,VIRUDHUNAGAR,2018,Kharif,330.9059829059829,,Unknown,1838.88,4312.54,2.345,Millet,synthetic_prototype
Tamil Nadu,VIRUDHUNAGAR,2018,Rabi,438.4777777777779,,Unknown,1746.93,5301.31,3.035,Wheat,synthetic_prototype
Tamil Nadu,VIRUDHUNAGAR,2018,Rabi,438.4777777777779,,Unknown,10787.85,43185.55,4.003,Rice,synthetic_prototype
Tamil Nadu,VIRUDHUNAGAR,2018,Rabi,438.4777777777779,,Unknown,2473.82,2245.51,0.908,Pulses,synthetic_prototype
Tamil Nadu,VIRUDHUNAGAR,2018,Rabi,438.4777777777779,,Unknown,3564.19,15773.39,4.426,Maize,synthetic_prototype
Tamil Nadu,VIRUDHUNAGAR,2018,Summer,134.12307692307692,,Unknown,1022.99,4016.49,3.926,Maize,synthetic_prototype
Tamil Nadu,VIRUDHUNAGAR,2018,Summer,134.12307692307692,,Unknown,6218.95,22126.22,3.558,Rice,synthetic_prototype
Tamil Nadu,VIRUDHUNAGAR,2018,Summer,134.12307692307692,,Unknown,552.57,8980.62,16.253,Watermelon,synthetic_prototype
Tamil Nadu,ARIYALUR,2019,Kharif,330.9059829059829,28.544388593024195,Medium,4735.74,8138.2,1.718,Groundnut,synthetic_prototype
Tamil Nadu,ARIYALUR,2019,Kharif,330.9059829059829,28.544388593024195,Medium,5398.52,30130.89,5.581,Maize,synthetic_prototype
Tamil Nadu,ARIYALUR,2019,Kharif,330.9059829059829,28.544388593024195,Medium,1963.11,3716.34,1.893,Cotton,synthetic_prototype
Tamil Nadu,ARIYALUR,2019,Kharif,330.9059829059829,28.544388593024195,Medium,3999.83,9547.44,2.387,Millet,synthetic_prototype
Tamil Nadu,ARIYALUR,2019,Rabi,438.4777777777779,28.544388593024195,Medium,4541.64,18143.01,3.995,Rice,synthetic_prototype
Tamil Nadu,ARIYALUR,2019,Rabi,438.4777777777779,28.544388593024195,Medium,457.89,1126.66,2.461,Wheat,synthetic_prototype
Tamil Nadu,ARIYALUR,2019,Rabi,438.4777777777779,28.544388593024195,Medium,6539.97,30775.45,4.706,Maize,synthetic_prototype
Tamil Nadu,ARIYALUR,2019,Rabi,438.4777777777779,28.544388593024195,Medium,2813.94,5691.18,2.022,Groundnut,synthetic_prototype
Tamil Nadu,ARIYALUR,2019,Summer,134.12307692307692,28.544388593024195,Medium,799.25,14402.72,18.02,Watermelon,synthetic_prototype
Tamil Nadu,ARIYALUR,2019,Summer,134.12307692307692,28.544388593024195,Medium,4199.68,13739.22,3.271,Rice,synthetic_prototype
Tamil Nadu,ARIYALUR,2019,Summer,134.12307692307692,28.544388593024195,Medium,1596.53,3405.54,2.133,Groundnut,synthetic_prototype
Tamil Nadu,CHENGALPATTU,2019,Kharif,330.9059829059829,,Unknown,2470.98,3940.12,1.595,Cotton,synthetic_prototype
Tamil Nadu,CHENGALPATTU,2019,Kharif,330.9059829059829,,Unknown,3623.63,7162.07,1.976,Groundnut,synthetic_prototype
Tamil Nadu,CHENGALPATTU,2019,Kharif,330.9059829059829,,Unknown,4466.07,11504.14,2.576,Millet,synthetic_prototype
Tamil Nadu,CHENGALPATTU,2019,Kharif,330.9059829059829,,Unknown,1851.89,4228.56,2.283,Soybean,synthetic_prototype
Tamil Nadu,CHENGALPATTU,2019,Rabi,438.4777777777779,,Unknown,3614.3,16471.17,4.557,Maize,synthetic_prototype
Tamil Nadu,CHENGALPATTU,2019,Rabi,438.4777777777779,,Unknown,9486.22,43577.09,4.594,Rice,synthetic_prototype
Tamil Nadu,CHENGALPATTU,2019,Rabi,438.4777777777779,,Unknown,1360.23,3602.87,2.649,Wheat,synthetic_prototype
Tamil Nadu,CHENGALPATTU,2019,Rabi,438.4777777777779,,Unknown,1793.46,2040.69,1.138,Mustard,synthetic_prototype
Tamil Nadu,CHENGALPATTU,2019,Summer,134.12307692307692,,Unknown,2810.82,11678.85,4.155,Maize,synthetic_prototype
Tamil Nadu,CHENGALPATTU,2019,Summer,134.12307692307692,,Unknown,4238.97,17573.25,4.146,Rice,synthetic_prototype
Tamil Nadu,CHENGALPATTU,2019,Summer,134.12307692307692,,Unknown,664.23,11578.87,17.432,Watermelon,synthetic_prototype
Tamil Nadu,CHENNAI,2019,Kharif,330.9059829059829,21.27328608612097,Low,2141.18,4782.84,2.234,Millet,synthetic_prototype
Tamil Nadu,CHENNAI,2019,Kharif,330.9059829059829,21.27328608612097,Low,6348.15,25170.02,3.965,Rice,synthetic_prototype
Tamil Nadu,CHENNAI,2019,Kharif,330.9059829059829,21.27328608612097,Low,1122.48,2507.38,2.234,Soybean,synthetic_prototype
Tamil Nadu,CHENNAI,2019,Kharif,330.9059829059829,21.27328608612097,Low,4851.91,24163.71,4.98,Maize,synthetic_prototype
Tamil Nadu,CHENNAI,2019,Rabi,438.4777777777779,21.27328608612097,Low,2829.46,5200.46,1.838,Groundnut,synthetic_prototype
Tamil Nadu,CHENNAI,2019,Rabi,438.4777777777779,21.27328608612097,Low,4041.06,20039.66,4.959,Maize,synthetic_prototype
Tamil Nadu,CHENNAI,2019,Rabi,438.4777777777779,21.27328608612097,Low,2278.28,11435.4,5.019,Rice,synthetic_prototype
Tamil Nadu,CHENNAI,2019,Rabi,438.4777777777779,21.27328608612097,Low,1391.64,1982.99,1.425,Mustard,synthetic_prototype
Tamil Nadu,CHENNAI,2019,Summer,134.12307692307692,21.27328608612097,Low,1839.85,7759.24,4.217,Rice,synthetic_prototype
Tamil Nadu,CHENNAI,2019,Summer,134.12307692307692,21.27328608612097,Low,1903.71,3772.19,1.981,Groundnut,synthetic_prototype
Tamil Nadu,CHENNAI,2019,Summer,134.12307692307692,21.27328608612097,Low,1765.97,4322.19,2.447,Millet,synthetic_prototype
Tamil Nadu,COIMBATORE,2019,Kharif,330.9059829059829,29.7236860548,High,1243.26,2719.69,2.188,Soybean,synthetic_prototype
Tamil Nadu,COIMBATORE,2019,Kharif,330.9059829059829,29.7236860548,High,2002.87,3681.23,1.838,Groundnut,synthetic_prototype
Tamil Nadu,COIMBATORE,2019,Kharif,330.9059829059829,29.7236860548,High,4035.95,8971.76,2.223,Millet,synthetic_prototype
Tamil Nadu,COIMBATORE,2019,Kharif,330.9059829059829,29.7236860548,High,8189.7,33064.21,4.037,Rice,synthetic_prototype
Tamil Nadu,COIMBATORE,2019,Rabi,438.4777777777779,29.7236860548,High,5262.63,25723.99,4.888,Maize,synthetic_prototype
Tamil Nadu,COIMBATORE,2019,Rabi,438.4777777777779,29.7236860548,High,9343.44,32247.34,3.451,Rice,synthetic_prototype
Tamil Nadu,COIMBATORE,2019,Rabi,438.4777777777779,29.7236860548,High,953.76,1262.72,1.324,Mustard,synthetic_prototype
Tamil Nadu,COIMBATORE,2019,Rabi,438.4777777777779,29.7236860548,High,1877.75,3773.63,2.01,Groundnut,synthetic_prototype
Tamil Nadu,COIMBATORE,2019,Summer,134.12307692307692,29.7236860548,High,1629.15,5421.59,3.328,Rice,synthetic_prototype
Tamil Nadu,COIMBATORE,2019,Summer,134.12307692307692,29.7236860548,High,1160.37,4370.71,3.767,Maize,synthetic_prototype
Tamil Nadu,COIMBATORE,2019,Summer,134.12307692307692,29.7236860548,High,1123.17,2237.8,1.992,Groundnut,synthetic_prototype
Tamil Nadu,CUDDALORE,2019,Kharif,330.9059829059829,30.017899455080645,High,3277.35,5022.79,1.533,Cotton,synthetic_prototype
Tamil Nadu,CUDDALORE,2019,Kharif,330.9059829059829,30.017899455080645,High,2069.88,4931.29,2.382,Millet,synthetic_prototype
Tamil Nadu,CUDDALORE,2019,Kharif,330.9059829059829,30.017899455080645,High,8538.96,37572.3,4.4,Maize,synthetic_prototype
Tamil Nadu,CUDDALORE,2019,Kharif,330.9059829059829,30.017899455080645,High,5006.77,18377.79,3.671,Rice,synthetic_prototype
Tamil Nadu,CUDDALORE,2019,Rabi,438.4777777777779,30.017899455080645,High,2555.64,11918.59,4.664,Maize,synthetic_prototype
Tamil Nadu,CUDDALORE,2019,Rabi,438.4777777777779,30.017899455080645,High,2965.73,5580.86,1.882,Groundnut,synthetic_prototype
Tamil Nadu,CUDDALORE,2019,Rabi,438.4777777777779,30.017899455080645,High,8283.4,31489.08,3.801,Rice,synthetic_prototype
Tamil Nadu,CUDDALORE,2019,Rabi,438.4777777777779,30.017899455080645,High,1054.36,1499.63,1.422,Mustard,synthetic_prototype
Tamil Nadu,CUDDALORE,2019,Summer,134.12307692307692,30.017899455080645,High,763.95,1319.54,1.727,Millet,synthetic_prototype
Tamil Nadu,CUDDALORE,2019,Summer,134.12307692307692,30.017899455080645,High,2706.65,11667.32,4.311,Maize,synthetic_prototype
Tamil Nadu,CUDDALORE,2019,Summer,134.12307692307692,30.017899455080645,High,961.97,1754.16,1.824,Groundnut,synthetic_prototype
Tamil Nadu,DHARMAPURI,2019,Kharif,330.9059829059829,28.06294488487903,Medium,5609.43,11273.8,2.01,Groundnut,synthetic_prototype
Tamil Nadu,DHARMAPURI,2019,Kharif,330.9059829059829,28.06294488487903,Medium,2279.16,5342.76,2.344,Millet,synthetic_prototype
Tamil Nadu,DHARMAPURI,2019,Kharif,330.9059829059829,28.06294488487903,Medium,3207.5,5852.91,1.825,Soybean,synthetic_prototype
Tamil Nadu,DHARMAPURI,2019,Kharif,330.9059829059829,28.06294488487903,Medium,5564.22,10379.82,1.865,Cotton,synthetic_prototype
Tamil Nadu,DHARMAPURI,2019,Rabi,438.4777777777779,28.06294488487903,Medium,1045.17,3225.32,3.086,Wheat,synthetic_prototype
Tamil Nadu,DHARMAPURI,2019,Rabi,438.4777777777779,28.06294488487903,Medium,2376.81,2691.02,1.132,Mustard,synthetic_prototype
Tamil Nadu,DHARMAPURI,2019,Rabi,438.4777777777779,28.06294488487903,Medium,1305.87,1444.92,1.106,Pulses,synthetic_prototype
Tamil Nadu,DHARMAPURI,2019,Rabi,438.4777777777779,28.06294488487903,Medium,7057.31,29991.57,4.25,Maize,synthetic_prototype
Tamil Nadu,DHARMAPURI,2019,Summer,134.12307692307692,28.06294488487903,Medium,1952.45,8548.86,4.379,Rice,synthetic_prototype
Tamil Nadu,DHARMAPURI,2019,Summer,134.12307692307692,28.06294488487903,Medium,1233.91,1891.43,1.533,Groundnut,synthetic_prototype
Tamil Nadu,DHARMAPURI,2019,Summer,134.12307692307692,28.06294488487903,Medium,4129.13,14717.93,3.564,Maize,synthetic_prototype
Tamil Nadu,DINDIGUL,2019,Kharif,330.9059829059829,28.69312810556,Medium,4509.2,8260.43,1.832,Cotton,synthetic_prototype
Tamil Nadu,DINDIGUL,2019,Kharif,330.9059829059829,28.69312810556,Medium,5273.33,9893.7,1.876,Groundnut,synthetic_prototype
Tamil Nadu,DINDIGUL,2019,Kharif,330.9059829059829,28.69312810556,Medium,1811.65,3759.86,2.075,Soybean,synthetic_prototype
Tamil Nadu,DINDIGUL,2019,Kharif,330.9059829059829,28.69312810556,Medium,1655.06,3811.8,2.303,Millet,synthetic_prototype
Tamil Nadu,DINDIGUL,2019,Rabi,438.4777777777779,28.69312810556,Medium,3902.05,7940.72,2.035,Groundnut,synthetic_prototype
Tamil Nadu,DINDIGUL,2019,Rabi,438.4777777777779,28.69312810556,Medium,5932.63,21705.66,3.659,Maize,synthetic_prototype
Tamil Nadu,DINDIGUL,2019,Rabi,438.4777777777779,28.69312810556,Medium,1419.37,1935.36,1.364,Mustard,synthetic_prototype
Tamil Nadu,DINDIGUL,2019,Rabi,438.4777777777779,28.69312810556,Medium,3380.88,4239.32,1.254,Pulses,synthetic_prototype
Tamil Nadu,DINDIGUL,2019,Summer,134.12307692307692,28.69312810556,Medium,2946.74,13401.2,4.548,Rice,synthetic_prototype
Tamil Nadu,DINDIGUL,2019,Summer,134.12307692307692,28.69312810556,Medium,1788.71,3409.34,1.906,Millet,synthetic_prototype
Tamil Nadu,DINDIGUL,2019,Summer,134.12307692307692,28.69312810556,Medium,1222.38,22917.56,18.748,Watermelon,synthetic_prototype
Tamil Nadu,ERODE,2019,Kharif,330.9059829059829,27.250912962701612,Low,7557.31,16835.81,2.228,Groundnut,synthetic_prototype
Tamil Nadu,ERODE,2019,Kharif,330.9059829059829,27.250912962701612,Low,1594.49,2609.94,1.637,Soybean,synthetic_prototype
Tamil Nadu,ERODE,2019,Kharif,330.9059829059829,27.250912962701612,Low,8855.13,35031.32,3.956,Rice,synthetic_prototype
Tamil Nadu,ERODE,2019,Kharif,330.9059829059829,27.250912962701612,Low,4522.8,11658.04,2.578,Millet,synthetic_prototype
Tamil Nadu,ERODE,2019,Rabi,438.4777777777779,27.250912962701612,Low,3512.53,14649.38,4.171,Maize,synthetic_prototype
Tamil Nadu,ERODE,2019,Rabi,438.4777777777779,27.250912962701612,Low,1247.16,1238.67,0.993,Pulses,synthetic_prototype
Tamil Nadu,ERODE,2019,Rabi,438.4777777777779,27.250912962701612,Low,1660.32,3631.83,2.187,Wheat,synthetic_prototype
Tamil Nadu,ERODE,2019,Rabi,438.4777777777779,27.250912962701612,Low,1379.58,1392.9,1.01,Mustard,synthetic_prototype
Tamil Nadu,ERODE,2019,Summer,134.12307692307692,27.250912962701612,Low,1293.91,20691.05,15.991,Watermelon,synthetic_prototype
Tamil Nadu,ERODE,2019,Summer,134.12307692307692,27.250912962701612,Low,2293.61,5643.75,2.461,Millet,synthetic_prototype
Tamil Nadu,ERODE,2019,Summer,134.12307692307692,27.250912962701612,Low,2867.94,6224.14,2.17,Groundnut,synthetic_prototype
Tamil Nadu,KALLAKURICHI,2019,Kharif,330.9059829059829,,Unknown,5409.15,10297.77,1.904,Groundnut,synthetic_prototype
Tamil Nadu,KALLAKURICHI,2019,Kharif,330.9059829059829,,Unknown,9441.42,34150.09,3.617,Rice,synthetic_prototype
Tamil Nadu,KALLAKURICHI,2019,Kharif,330.9059829059829,,Unknown,2303.62,3681.87,1.598,Soybean,synthetic_prototype
Tamil Nadu,KALLAKURICHI,2019,Kharif,330.9059829059829,,Unknown,5757.99,15566.3,2.703,Millet,synthetic_prototype
Tamil Nadu,KALLAKURICHI,2019,Rabi,438.4777777777779,,Unknown,3543.79,5791.74,1.634,Groundnut,synthetic_prototype
Tamil Nadu,KALLAKURICHI,2019,Rabi,438.4777777777779,,Unknown,6886.93,30437.61,4.42,Rice,synthetic_prototype
Tamil Nadu,KALLAKURICHI,2019,Rabi,438.4777777777779,,Unknown,1191.36,1374.09,1.153,Mustard,synthetic_prototype
Tamil Nadu,KALLAKURICHI,2019,Rabi,438.4777777777779,,Unknown,3096.29,3241.53,1.047,Pulses,synthetic_prototype
Tamil Nadu,KALLAKURICHI,2019,Summer,134.12307692307692,,Unknown,4391.62,15734.46,3.583,Rice,synthetic_prototype
Tamil Nadu,KALLAKURICHI,2019,Summer,134.12307692307692,,Unknown,611.07,9147.97,14.97,Watermelon,synthetic_prototype
Tamil Nadu,KALLAKURICHI,2019,Summer,134.12307692307692,,Unknown,5515.88,27330.68,4.955,Maize,synthetic_prototype
Tamil Nadu,KANCHIPURAM,2019,Kharif,330.9059829059829,,Unknown,7786.41,42141.66,5.412,Maize,synthetic_prototype
Tamil Nadu,KANCHIPURAM,2019,Kharif,330.9059829059829,,Unknown,2654.39,3858.56,1.454,Cotton,synthetic_prototype
Tamil Nadu,KANCHIPURAM,2019,Kharif,330.9059829059829,,Unknown,4316.39,9036.07,2.093,Groundnut,synthetic_prototype
Tamil Nadu,KANCHIPURAM,2019,Kharif,330.9059829059829,,Unknown,3028.85,5728.19,1.891,Soybean,synthetic_prototype
Tamil Nadu,KANCHIPURAM,2019,Rabi,438.4777777777779,,Unknown,592.52,667.23,1.126,Mustard,synthetic_prototype
Tamil Nadu,KANCHIPURAM,2019,Rabi,438.4777777777779,,Unknown,1826.49,5478.55,3.0,Wheat,synthetic_prototype
Tamil Nadu,KANCHIPURAM,2019,Rabi,438.4777777777779,,Unknown,7128.11,37121.75,5.208,Maize,synthetic_prototype
Tamil Nadu,KANCHIPURAM,2019,Rabi,438.4777777777779,,Unknown,1191.43,1072.44,0.9,Pulses,synthetic_prototype
Tamil Nadu,KANCHIPURAM,2019,Summer,134.12307692307692,,Unknown,4765.22,21479.74,4.508,Rice,synthetic_prototype
Tamil Nadu,KANCHIPURAM,2019,Summer,134.12307692307692,,Unknown,986.95,18246.62,18.488,Watermelon,synthetic_prototype
Tamil Nadu,KANCHIPURAM,2019,Summer,134.12307692307692,,Unknown,1713.14,2986.11,1.743,Millet,synthetic_prototype
Tamil Nadu,KANNIYAKUMARI,2019,Kharif,330.9059829059829,31.164836859555997,High,3278.91,6255.31,1.908,Cotton,synthetic_prototype
Tamil Nadu,KANNIYAKUMARI,2019,Kharif,330.9059829059829,31.164836859555997,High,4801.85,10925.91,2.275,Groundnut,synthetic_prototype
Tamil Nadu,KANNIYAKUMARI,2019,Kharif,330.9059829059829,31.164836859555997,High,6784.7,38461.37,5.669,Maize,synthetic_prototype
Tamil Nadu,KANNIYAKUMARI,2019,Kharif,330.9059829059829,31.164836859555997,High,7407.82,20586.58,2.779,Millet,synthetic_prototype
Tamil Nadu,KANNIYAKUMARI,2019,Rabi,438.4777777777779,31.164836859555997,High,8848.79,36114.76,4.081,Maize,synthetic_prototype
Tamil Nadu,KANNIYAKUMARI,2019,Rabi,438.4777777777779,31.164836859555997,High,10177.75,38009.22,3.735,Rice,synthetic_prototype
Tamil Nadu,KANNIYAKUMARI,2019,Rabi,438.4777777777779,31.164836859555997,High,3823.07,3534.56,0.925,Pulses,synthetic_prototype
Tamil Nadu,KANNIYAKUMARI,2019,Rabi,438.4777777777779,31.164836859555997,High,2296.44,4933.67,2.148,Groundnut,synthetic_prototype
Tamil Nadu,KANNIYAKUMARI,2019,Summer,134.12307692307692,31.164836859555997,High,3971.87,17815.55,4.485,Maize,synthetic_prototype
Tamil Nadu,KANNIYAKUMARI,2019,Summer,134.12307692307692,31.164836859555997,High,1228.16,23064.04,18.779,Watermelon,synthetic_prototype
Tamil Nadu,KANNIYAKUMARI,2019,Summer,134.12307692307692,31.164836859555997,High,3143.6,5473.72,1.741,Millet,synthetic_prototype
Tamil Nadu,KARUR,2019,Kharif,330.9059829059829,25.69542081294355,Low,1240.55,3076.73,2.48,Millet,synthetic_prototype
Tamil Nadu,KARUR,2019,Kharif,330.9059829059829,25.69542081294355,Low,5213.73,29472.31,5.653,Maize,synthetic_prototype
Tamil Nadu,KARUR,2019,Kharif,330.9059829059829,25.69542081294355,Low,2246.7,4524.76,2.014,Cotton,synthetic_prototype
Tamil Nadu,KARUR,2019,Kharif,330.9059829059829,25.69542081294355,Low,5811.11,23728.07,4.083,Rice,synthetic_prototype
Tamil Nadu,KARUR,2019,Rabi,438.4777777777779,25.69542081294355,Low,2881.14,13814.33,4.795,Rice,synthetic_prototype
Tamil Nadu,KARUR,2019,Rabi,438.4777777777779,25.69542081294355,Low,2419.72,2183.46,0.902,Pulses,synthetic_prototype
Tamil Nadu,KARUR,2019,Rabi,438.4777777777779,25.69542081294355,Low,4925.1,24149.35,4.903,Maize,synthetic_prototype
Tamil Nadu,KARUR,2019,Rabi,438.4777777777779,25.69542081294355,Low,623.36,1332.75,2.138,Wheat,synthetic_prototype
Tamil Nadu,KARUR,2019,Summer,134.12307692307692,25.69542081294355,Low,1105.92,4095.07,3.703,Rice,synthetic_prototype
Tamil Nadu,KARUR,2019,Summer,134.12307692307692,25.69542081294355,Low,1559.05,2747.13,1.762,Millet,synthetic_prototype
Tamil Nadu,KARUR,2019,Summer,134.12307692307692,25.69542081294355,Low,1004.62,4371.3,4.351,Maize,synthetic_prototype
Tamil Nadu,KRISHNAGIRI,2019,Kharif,330.9059829059829,27.765414212580644,Medium,1775.69,4904.23,2.762,Millet,synthetic_prototype
Tamil Nadu,KRISHNAGIRI,2019,Kharif,330.9059829059829,27.765414212580644,Medium,3346.62,6555.37,1.959,Soybean,synthetic_prototype
Tamil Nadu,KRISHNAGIRI,2019,Kharif,330.9059829059829,27.765414212580644,Medium,2372.1,9660.04,4.072,Maize,synthetic_prototype
Tamil Nadu,KRISHNAGIRI,2019,Kharif,330.9059829059829,27.765414212580644,Medium,5503.35,18160.54,3.3,Rice,synthetic_prototype
Tamil Nadu,KRISHNAGIRI,2019,Rabi,438.4777777777779,27.765414212580644,Medium,8328.1,42017.07,5.045,Rice,synthetic_prototype
Tamil Nadu,KRISHNAGIRI,2019,Rabi,438.4777777777779,27.765414212580644,Medium,3212.74,3521.39,1.096,Pulses,synthetic_prototype
Tamil Nadu,KRISHNAGIRI,2019,Rabi,438.4777777777779,27.765414212580644,Medium,835.87,1788.51,2.14,Wheat,synthetic_prototype
Tamil Nadu,KRISHNAGIRI,2019,Rabi,438.4777777777779,27.765414212580644,Medium,1262.49,1487.39,1.178,Mustard,synthetic_prototype
Tamil Nadu,KRISHNAGIRI,2019,Summer,134.12307692307692,27.765414212580644,Medium,5439.71,24643.75,4.53,Rice,synthetic_prototype
Tamil Nadu,KRISHNAGIRI,2019,Summer,134.12307692307692,27.765414212580644,Medium,704.41,1739.27,2.469,Millet,synthetic_prototype
Tamil Nadu,KRISHNAGIRI,2019,Summer,134.12307692307692,27.765414212580644,Medium,1229.34,6106.41,4.967,Maize,synthetic_prototype
Tamil Nadu,MADURAI,2019,Kharif,330.9059829059829,32.49706241748,High,3211.08,17032.52,5.304,Maize,synthetic_prototype
Tamil Nadu,MADURAI,2019,Kharif,330.9059829059829,32.49706241748,High,7807.86,27470.19,3.518,Rice,synthetic_prototype
Tamil Nadu,MADURAI,2019,Kharif,330.9059829059829,32.49706241748,High,4010.03,10565.52,2.635,Millet,synthetic_prototype
Tamil Nadu,MADURAI,2019,Kharif,330.9059829059829,32.49706241748,High,1099.22,2340.58,2.129,Cotton,synthetic_prototype
Tamil Nadu,MADURAI,2019,Rabi,438.4777777777779,32.49706241748,High,2134.96,2546.2,1.193,Mustard,synthetic_prototype
Tamil Nadu,MADURAI,2019,Rabi,438.4777777777779,32.49706241748,High,7185.22,27605.09,3.842,Rice,synthetic_prototype
Tamil Nadu,MADURAI,2019,Rabi,438.4777777777779,32.49706241748,High,3469.56,4053.45,1.168,Pulses,synthetic_prototype
Tamil Nadu,MADURAI,2019,Rabi,438.4777777777779,32.49706241748,High,2106.01,9344.86,4.437,Maize,synthetic_prototype
Tamil Nadu,MADURAI,2019,Summer,134.12307692307692,32.49706241748,High,3030.6,14702.88,4.851,Maize,synthetic_prototype
Tamil Nadu,MADURAI,2019,Summer,134.12307692307692,32.49706241748,High,3762.85,11950.22,3.176,Rice,synthetic_prototype
Tamil Nadu,MADURAI,2019,Summer,134.12307692307692,32.49706241748,High,2677.77,4562.64,1.704,Groundnut,synthetic_prototype
Tamil Nadu,MAYILADUTHURAI,2019,Kharif,330.9059829059829,,Unknown,4835.25,9782.34,2.023,Cotton,synthetic_prototype
Tamil Nadu,MAYILADUTHURAI,2019,Kharif,330.9059829059829,,Unknown,1853.85,7843.07,4.231,Maize,synthetic_prototype
Tamil Nadu,MAYILADUTHURAI,2019,Kharif,330.9059829059829,,Unknown,5151.4,11071.75,2.149,Groundnut,synthetic_prototype
Tamil Nadu,MAYILADUTHURAI,2019,Kharif,330.9059829059829,,Unknown,4793.44,18882.92,3.939,Rice,synthetic_prototype
Tamil Nadu,MAYILADUTHURAI,2019,Rabi,438.4777777777779,,Unknown,3571.96,18670.94,5.227,Maize,synthetic_prototype
Tamil Nadu,MAYILADUTHURAI,2019,Rabi,438.4777777777779,,Unknown,3588.29,16787.4,4.678,Rice,synthetic_prototype
Tamil Nadu,MAYILADUTHURAI,2019,Rabi,438.4777777777779,,Unknown,2286.5,4848.52,2.121,Groundnut,synthetic_prototype
Tamil Nadu,MAYILADUTHURAI,2019,Rabi,438.4777777777779,,Unknown,1119.05,2502.83,2.237,Wheat,synthetic_prototype
Tamil Nadu,MAYILADUTHURAI,2019,Summer,134.12307692307692,,Unknown,707.51,1198.83,1.694,Millet,synthetic_prototype
Tamil Nadu,MAYILADUTHURAI,2019,Summer,134.12307692307692,,Unknown,1554.84,7294.61,4.692,Maize,synthetic_prototype
Tamil Nadu,MAYILADUTHURAI,2019,Summer,134.12307692307692,,Unknown,6213.3,23811.6,3.832,Rice,synthetic_prototype
Tamil Nadu,NAGAPATTINAM,2019,Kharif,330.9059829059829,,Unknown,11803.86,45403.97,3.847,Rice,synthetic_prototype
Tamil Nadu,NAGAPATTINAM,2019,Kharif,330.9059829059829,,Unknown,1223.79,2266.85,1.852,Soybean,synthetic_prototype
Tamil Nadu,NAGAPATTINAM,2019,Kharif,330.9059829059829,,Unknown,1138.66,1810.25,1.59,Cotton,synthetic_prototype
Tamil Nadu,NAGAPATTINAM,2019,Kharif,330.9059829059829,,Unknown,4114.54,8899.43,2.163,Groundnut,synthetic_prototype
Tamil Nadu,NAGAPATTINAM,2019,Rabi,438.4777777777779,,Unknown,2009.46,2353.4,1.171,Mustard,synthetic_prototype
Tamil Nadu,NAGAPATTINAM,2019,Rabi,438.4777777777779,,Unknown,1506.02,3063.26,2.034,Groundnut,synthetic_prototype
Tamil Nadu,NAGAPATTINAM,2019,Rabi,438.4777777777779,,Unknown,3369.02,3264.71,0.969,Pulses,synthetic_prototype
Tamil Nadu,NAGAPATTINAM,2019,Rabi,438.4777777777779,,Unknown,5853.52,21206.98,3.623,Rice,synthetic_prototype
Tamil Nadu,NAGAPATTINAM,2019,Summer,134.12307692307692,,Unknown,3970.44,15283.86,3.849,Maize,synthetic_prototype
Tamil Nadu,NAGAPATTINAM,2019,Summer,134.12307692307692,,Unknown,3319.55,10789.96,3.25,Rice,synthetic_prototype
Tamil Nadu,NAGAPATTINAM,2019,Summer,134.12307692307692,,Unknown,749.14,1370.08,1.829,Millet,synthetic_prototype
Tamil Nadu,NAMAKKAL,2019,Kharif,330.9059829059829,25.152302552862903,Low,4250.42,8452.14,1.989,Groundnut,synthetic_prototype
Tamil Nadu,NAMAKKAL,2019,Kharif,330.9059829059829,25.152302552862903,Low,11143.06,52230.17,4.687,Rice,synthetic_prototype
Tamil Nadu,NAMAKKAL,2019,Kharif,330.9059829059829,25.152302552862903,Low,1378.88,3004.54,2.179,Millet,synthetic_prototype
Tamil Nadu,NAMAKKAL,2019,Kharif,330.9059829059829,25.152302552862903,Low,2209.79,4187.98,1.895,Cotton,synthetic_prototype
Tamil Nadu,NAMAKKAL,2019,Rabi,438.4777777777779,25.152302552862903,Low,2242.95,5991.82,2.671,Wheat,synthetic_prototype
Tamil Nadu,NAMAKKAL,2019,Rabi,438.4777777777779,25.152302552862903,Low,1586.84,1897.6,1.196,Mustard,synthetic_prototype
Tamil Nadu,NAMAKKAL,2019,Rabi,438.4777777777779,25.152302552862903,Low,4211.04,3673.66,0.872,Pulses,synthetic_prototype
Tamil Nadu,NAMAKKAL,2019,Rabi,438.4777777777779,25.152302552862903,Low,1272.35,2221.08,1.746,Groundnut,synthetic_prototype
Tamil Nadu,NAMAKKAL,2019,Summer,134.12307692307692,25.152302552862903,Low,1995.7,8336.86,4.177,Rice,synthetic_prototype
Tamil Nadu,NAMAKKAL,2019,Summer,134.12307692307692,25.152302552862903,Low,1459.48,21140.2,14.485,Watermelon,synthetic_prototype
Tamil Nadu,NAMAKKAL,2019,Summer,134.12307692307692,25.152302552862903,Low,969.48,2293.04,2.365,Millet,synthetic_prototype
Tamil Nadu,PERAMBALUR,2019,Kharif,330.9059829059829,32.95149883487903,High,4692.09,7137.32,1.521,Cotton,synthetic_prototype
Tamil Nadu,PERAMBALUR,2019,Kharif,330.9059829059829,32.95149883487903,High,8841.34,38679.44,4.375,Maize,synthetic_prototype
Tamil Nadu,PERAMBALUR,2019,Kharif,330.9059829059829,32.95149883487903,High,3444.26,6160.66,1.789,Soybean,synthetic_prototype
Tamil Nadu,PERAMBALUR,2019,Kharif,330.9059829059829,32.95149883487903,High,12534.88,60022.2,4.788,Rice,synthetic_prototype
Tamil Nadu,PERAMBALUR,2019,Rabi,438.4777777777779,32.95149883487903,High,3512.25,13280.76,3.781,Rice,synthetic_prototype
Tamil Nadu,PERAMBALUR,2019,Rabi,438.4777777777779,32.95149883487903,High,1376.87,1355.82,0.985,Pulses,synthetic_prototype
Tamil Nadu,PERAMBALUR,2019,Rabi,438.4777777777779,32.95149883487903,High,2476.57,4382.78,1.77,Groundnut,synthetic_prototype
Tamil Nadu,PERAMBALUR,2019,Rabi,438.4777777777779,32.95149883487903,High,5172.57,20990.3,4.058,Maize,synthetic_prototype
Tamil Nadu,PERAMBALUR,2019,Summer,134.12307692307692,32.95149883487903,High,4119.18,8544.69,2.074,Groundnut,synthetic_prototype
Tamil Nadu,PERAMBALUR,2019,Summer,134.12307692307692,32.95149883487903,High,1621.2,6110.9,3.769,Maize,synthetic_prototype
Tamil Nadu,PERAMBALUR,2019,Summer,134.12307692307692,32.95149883487903,High,1624.51,30749.11,18.928,Watermelon,synthetic_prototype
Tamil Nadu,PUDUKKOTTAI,2019,Kharif,330.9059829059829,23.147286031048385,Low,4743.41,7872.87,1.66,Groundnut,synthetic_prototype
Tamil Nadu,PUDUKKOTTAI,2019,Kharif,330.9059829059829,23.147286031048385,Low,8916.22,40791.94,4.575,Maize,synthetic_prototype
Tamil Nadu,PUDUKKOTTAI,2019,Kharif,330.9059829059829,23.147286031048385,Low,13758.07,63312.81,4.602,Rice,synthetic_prototype
Tamil Nadu,PUDUKKOTTAI,2019,Kharif,330.9059829059829,23.147286031048385,Low,3107.53,7638.39,2.458,Millet,synthetic_prototype
Tamil Nadu,PUDUKKOTTAI,2019,Rabi,438.4777777777779,23.147286031048385,Low,5260.29,5283.2,1.004,Pulses,synthetic_prototype
Tamil Nadu,PUDUKKOTTAI,2019,Rabi,438.4777777777779,23.147286031048385,Low,2602.72,6923.16,2.66,Wheat,synthetic_prototype
Tamil Nadu,PUDUKKOTTAI,2019,Rabi,438.4777777777779,23.147286031048385,Low,3203.21,14603.68,4.559,Maize,synthetic_prototype
Tamil Nadu,PUDUKKOTTAI,2019,Rabi,438.4777777777779,23.147286031048385,Low,2031.73,4314.53,2.124,Groundnut,synthetic_prototype
Tamil Nadu,PUDUKKOTTAI,2019,Summer,134.12307692307692,23.147286031048385,Low,946.43,1477.71,1.561,Groundnut,synthetic_prototype
Tamil Nadu,PUDUKKOTTAI,2019,Summer,134.12307692307692,23.147286031048385,Low,3311.55,13470.83,4.068,Maize,synthetic_prototype
Tamil Nadu,PUDUKKOTTAI,2019,Summer,134.12307692307692,23.147286031048385,Low,2258.19,44611.38,19.755,Watermelon,synthetic_prototype
Tamil Nadu,RAMANATHAPURAM,2019,Kharif,330.9059829059829,28.9982593121,Medium,2276.26,4782.32,2.101,Cotton,synthetic_prototype
Tamil Nadu,RAMANATHAPURAM,2019,Kharif,330.9059829059829,28.9982593121,Medium,1701.33,3734.16,2.195,Millet,synthetic_prototype
Tamil Nadu,RAMANATHAPURAM,2019,Kharif,330.9059829059829,28.9982593121,Medium,10669.11,45312.54,4.247,Rice,synthetic_prototype
Tamil Nadu,RAMANATHAPURAM,2019,Kharif,330.9059829059829,28.9982593121,Medium,2164.55,4083.08,1.886,Soybean,synthetic_prototype
Tamil Nadu,RAMANATHAPURAM,2019,Rabi,438.4777777777779,28.9982593121,Medium,3079.67,14866.79,4.827,Rice,synthetic_prototype
Tamil Nadu,RAMANATHAPURAM,2019,Rabi,438.4777777777779,28.9982593121,Medium,6166.82,10014.08,1.624,Groundnut,synthetic_prototype
Tamil Nadu,RAMANATHAPURAM,2019,Rabi,438.4777777777779,28.9982593121,Medium,1957.42,9566.72,4.887,Maize,synthetic_prototype
Tamil Nadu,RAMANATHAPURAM,2019,Rabi,438.4777777777779,28.9982593121,Medium,690.2,984.37,1.426,Mustard,synthetic_prototype
Tamil Nadu,RAMANATHAPURAM,2019,Summer,134.12307692307692,28.9982593121,Medium,851.44,1861.95,2.187,Millet,synthetic_prototype
Tamil Nadu,RAMANATHAPURAM,2019,Summer,134.12307692307692,28.9982593121,Medium,1159.11,1855.96,1.601,Groundnut,synthetic_prototype
Tamil Nadu,RAMANATHAPURAM,2019,Summer,134.12307692307692,28.9982593121,Medium,6750.4,26899.06,3.985,Rice,synthetic_prototype
Tamil Nadu,RANIPET,2019,Kharif,330.9059829059829,,Unknown,5080.58,11530.88,2.27,Millet,synthetic_prototype
Tamil Nadu,RANIPET,2019,Kharif,330.9059829059829,,Unknown,6865.47,11748.06,1.711,Groundnut,synthetic_prototype
Tamil Nadu,RANIPET,2019,Kharif,330.9059829059829,,Unknown,1303.2,2534.28,1.945,Soybean,synthetic_prototype
Tamil Nadu,RANIPET,2019,Kharif,330.9059829059829,,Unknown,11984.94,53267.94,4.445,Rice,synthetic_prototype
Tamil Nadu,RANIPET,2019,Rabi,438.4777777777779,,Unknown,1747.89,3829.04,2.191,Wheat,synthetic_prototype
Tamil Nadu,RANIPET,2019,Rabi,438.4777777777779,,Unknown,7512.35,14274.27,1.9,Groundnut,synthetic_prototype
Tamil Nadu,RANIPET,2019,Rabi,438.4777777777779,,Unknown,1518.59,1650.02,1.087,Pulses,synthetic_prototype
Tamil Nadu,RANIPET,2019,Rabi,438.4777777777779,,Unknown,6450.36,34482.34,5.346,Maize,synthetic_prototype
Tamil Nadu,RANIPET,2019,Summer,134.12307692307692,,Unknown,3817.32,16063.97,4.208,Rice,synthetic_prototype
Tamil Nadu,RANIPET,2019,Summer,134.12307692307692,,Unknown,3658.83,6181.6,1.69,Millet,synthetic_prototype
Tamil Nadu,RANIPET,2019,Summer,134.12307692307692,,Unknown,440.05,6152.64,13.982,Watermelon,synthetic_prototype
Tamil Nadu,SALEM,2019,Kharif,330.9059829059829,26.934064780120966,Low,2062.94,4148.63,2.011,Soybean,synthetic_prototype
Tamil Nadu,SALEM,2019,Kharif,330.9059829059829,26.934064780120966,Low,5389.21,21379.92,3.967,Maize,synthetic_prototype
Tamil Nadu,SALEM,2019,Kharif,330.9059829059829,26.934064780120966,Low,1758.83,4980.21,2.832,Millet,synthetic_prototype
Tamil Nadu,SALEM,2019,Kharif,330.9059829059829,26.934064780120966,Low,2207.05,4564.89,2.068,Groundnut,synthetic_prototype
Tamil Nadu,SALEM,2019,Rabi,438.4777777777779,26.934064780120966,Low,5252.28,4527.55,0.862,Pulses,synthetic_prototype
Tamil Nadu,SALEM,2019,Rabi,438.4777777777779,26.934064780120966,Low,617.55,1615.43,2.616,Wheat,synthetic_prototype
Tamil Nadu,SALEM,2019,Rabi,438.4777777777779,26.934064780120966,Low,4207.31,8785.18,2.088,Groundnut,synthetic_prototype
Tamil Nadu,SALEM,2019,Rabi,438.4777777777779,26.934064780120966,Low,5534.88,26824.78,4.846,Maize,synthetic_prototype
Tamil Nadu,SALEM,2019,Summer,134.12307692307692,26.934064780120966,Low,2435.37,5551.06,2.279,Millet,synthetic_prototype
Tamil Nadu,SALEM,2019,Summer,134.12307692307692,26.934064780120966,Low,1092.18,2197.67,2.012,Groundnut,synthetic_prototype
Tamil Nadu,SALEM,2019,Summer,134.12307692307692,26.934064780120966,Low,1015.02,19281.81,18.996,Watermelon,synthetic_prototype
Tamil Nadu,SIVAGANGA,2019,Kharif,330.9059829059829,27.401053718064517,Medium,2088.52,5224.24,2.501,Millet,synthetic_prototype
Tamil Nadu,SIVAGANGA,2019,Kharif,330.9059829059829,27.401053718064517,Medium,1680.38,2630.51,1.565,Soybean,synthetic_prototype
Tamil Nadu,SIVAGANGA,2019,Kharif,330.9059829059829,27.401053718064517,Medium,5325.61,21875.05,4.108,Maize,synthetic_prototype
Tamil Nadu,SIVAGANGA,2019,Kharif,330.9059829059829,27.401053718064517,Medium,4660.82,9017.66,1.935,Cotton,synthetic_prototype
Tamil Nadu,SIVAGANGA,2019,Rabi,438.4777777777779,27.401053718064517,Medium,1500.64,1497.91,0.998,Pulses,synthetic_prototype
Tamil Nadu,SIVAGANGA,2019,Rabi,438.4777777777779,27.401053718064517,Medium,2334.41,11938.66,5.114,Maize,synthetic_prototype
Tamil Nadu,SIVAGANGA,2019,Rabi,438.4777777777779,27.401053718064517,Medium,3634.75,7586.79,2.087,Groundnut,synthetic_prototype
Tamil Nadu,SIVAGANGA,2019,Rabi,438.4777777777779,27.401053718064517,Medium,975.57,1166.92,1.196,Mustard,synthetic_prototype
Tamil Nadu,SIVAGANGA,2019,Summer,134.12307692307692,27.401053718064517,Medium,454.77,6398.59,14.07,Watermelon,synthetic_prototype
Tamil Nadu,SIVAGANGA,2019,Summer,134.12307692307692,27.401053718064517,Medium,1373.52,4708.42,3.428,Maize,synthetic_prototype
Tamil Nadu,SIVAGANGA,2019,Summer,134.12307692307692,27.401053718064517,Medium,3161.3,13800.8,4.366,Rice,synthetic_prototype
Tamil Nadu,TENKASI,2019,Kharif,330.9059829059829,,Unknown,738.32,1369.56,1.855,Cotton,synthetic_prototype
Tamil Nadu,TENKASI,2019,Kharif,330.9059829059829,,Unknown,3534.43,16581.15,4.691,Maize,synthetic_prototype
Tamil Nadu,TENKASI,2019,Kharif,330.9059829059829,,Unknown,3014.15,7955.92,2.64,Millet,synthetic_prototype
Tamil Nadu,TENKASI,2019,Kharif,330.9059829059829,,Unknown,5356.75,23650.07,4.415,Rice,synthetic_prototype
Tamil Nadu,TENKASI,2019,Rabi,438.4777777777779,,Unknown,2234.01,11353.56,5.082,Maize,synthetic_prototype
Tamil Nadu,TENKASI,2019,Rabi,438.4777777777779,,Unknown,5511.42,8401.14,1.524,Groundnut,synthetic_prototype
Tamil Nadu,TENKASI,2019,Rabi,438.4777777777779,,Unknown,3525.6,4027.56,1.142,Pulses,synthetic_prototype
Tamil Nadu,TENKASI,2019,Rabi,438.4777777777779,,Unknown,3043.58,11673.11,3.835,Rice,synthetic_prototype
Tamil Nadu,TENKASI,2019,Summer,134.12307692307692,,Unknown,970.93,2035.3,2.096,Groundnut,synthetic_prototype
Tamil Nadu,TENKASI,2019,Summer,134.12307692307692,,Unknown,2546.27,10121.81,3.975,Maize,synthetic_prototype
Tamil Nadu,TENKASI,2019,Summer,134.12307692307692,,Unknown,1944.68,3414.06,1.756,Millet,synthetic_prototype
Tamil Nadu,THANJAVUR,2019,Kharif,330.9059829059829,28.445014925161292,Medium,2055.92,3502.31,1.704,Soybean,synthetic_prototype
Tamil Nadu,THANJAVUR,2019,Kharif,330.9059829059829,28.445014925161292,Medium,1658.45,4422.06,2.666,Millet,synthetic_prototype
Tamil Nadu,THANJAVUR,2019,Kharif,330.9059829059829,28.445014925161292,Medium,5118.8,9488.75,1.854,Groundnut,synthetic_prototype
Tamil Nadu,THANJAVUR,2019,Kharif,330.9059829059829,28.445014925161292,Medium,4290.41,15114.81,3.523,Rice,synthetic_prototype
Tamil Nadu,THANJAVUR,2019,Rabi,438.4777777777779,28.445014925161292,Medium,2562.88,4139.44,1.615,Groundnut,synthetic_prototype
Tamil Nadu,THANJAVUR,2019,Rabi,438.4777777777779,28.445014925161292,Medium,3604.46,15817.59,4.388,Maize,synthetic_prototype
Tamil Nadu,THANJAVUR,2019,Rabi,438.4777777777779,28.445014925161292,Medium,1459.98,1510.85,1.035,Mustard,synthetic_prototype
Tamil Nadu,THANJAVUR,2019,Rabi,438.4777777777779,28.445014925161292,Medium,1454.83,4195.52,2.884,Wheat,synthetic_prototype
Tamil Nadu,THANJAVUR,2019,Summer,134.12307692307692,28.445014925161292,Medium,1072.76,2303.97,2.148,Groundnut,synthetic_prototype
Tamil Nadu,THANJAVUR,2019,Summer,134.12307692307692,28.445014925161292,Medium,1567.57,6037.88,3.852,Maize,synthetic_prototype
Tamil Nadu,THANJAVUR,2019,Summer,134.12307692307692,28.445014925161292,Medium,1120.69,22677.0,20.235,Watermelon,synthetic_prototype
Tamil Nadu,THE NILGIRIS,2019,Kharif,330.9059829059829,35.84706918911291,High,1859.03,3153.82,1.696,Groundnut,synthetic_prototype
Tamil Nadu,THE NILGIRIS,2019,Kharif,330.9059829059829,35.84706918911291,High,900.72,1524.46,1.692,Soybean,synthetic_prototype
Tamil Nadu,THE NILGIRIS,2019,Kharif,330.9059829059829,35.84706918911291,High,4624.8,19869.72,4.296,Rice,synthetic_prototype
Tamil Nadu,THE NILGIRIS,2019,Kharif,330.9059829059829,35.84706918911291,High,6128.84,30178.21,4.924,Maize,synthetic_prototype
Tamil Nadu,THE NILGIRIS,2019,Rabi,438.4777777777779,35.84706918911291,High,4578.52,23331.88,5.096,Maize,synthetic_prototype
Tamil Nadu,THE NILGIRIS,2019,Rabi,438.4777777777779,35.84706918911291,High,1362.66,4274.91,3.137,Wheat,synthetic_prototype
Tamil Nadu,THE NILGIRIS,2019,Rabi,438.4777777777779,35.84706918911291,High,1374.65,2547.35,1.853,Groundnut,synthetic_prototype
Tamil Nadu,THE NILGIRIS,2019,Rabi,438.4777777777779,35.84706918911291,High,3495.72,3489.0,0.998,Pulses,synthetic_prototype
Tamil Nadu,THE NILGIRIS,2019,Summer,134.12307692307692,35.84706918911291,High,2604.91,4610.01,1.77,Groundnut,synthetic_prototype
Tamil Nadu,THE NILGIRIS,2019,Summer,134.12307692307692,35.84706918911291,High,1901.54,7579.9,3.986,Rice,synthetic_prototype
Tamil Nadu,THE NILGIRIS,2019,Summer,134.12307692307692,35.84706918911291,High,1947.81,4704.11,2.415,Millet,synthetic_prototype
Tamil Nadu,THENI,2019,Kharif,330.9059829059829,34.932106377692,High,866.05,1902.67,2.197,Soybean,synthetic_prototype
Tamil Nadu,THENI,2019,Kharif,330.9059829059829,34.932106377692,High,4255.9,9536.79,2.241,Groundnut,synthetic_prototype
Tamil Nadu,THENI,2019,Kharif,330.9059829059829,34.932106377692,High,8801.93,46621.79,5.297,Maize,synthetic_prototype
Tamil Nadu,THENI,2019,Kharif,330.9059829059829,34.932106377692,High,2452.2,5800.46,2.365,Millet,synthetic_prototype
Tamil Nadu,THENI,2019,Rabi,438.4777777777779,34.932106377692,High,3751.24,14264.13,3.803,Rice,synthetic_prototype
Tamil Nadu,THENI,2019,Rabi,438.4777777777779,34.932106377692,High,5867.34,9198.96,1.568,Groundnut,synthetic_prototype
Tamil Nadu,THENI,2019,Rabi,438.4777777777779,34.932106377692,High,2083.89,6147.73,2.95,Wheat,synthetic_prototype
Tamil Nadu,THENI,2019,Rabi,438.4777777777779,34.932106377692,High,8718.03,32768.77,3.759,Maize,synthetic_prototype
Tamil Nadu,THENI,2019,Summer,134.12307692307692,34.932106377692,High,2799.91,6041.69,2.158,Millet,synthetic_prototype
Tamil Nadu,THENI,2019,Summer,134.12307692307692,34.932106377692,High,5687.58,25428.65,4.471,Rice,synthetic_prototype
Tamil Nadu,THENI,2019,Summer,134.12307692307692,34.932106377692,High,1406.31,21559.08,15.33,Watermelon,synthetic_prototype
Tamil Nadu,THOOTHUKUDI,2019,Kharif,330.9059829059829,,Unknown,5772.27,10704.44,1.854,Cotton,synthetic_prototype
Tamil Nadu,THOOTHUKUDI,2019,Kharif,330.9059829059829,,Unknown,3827.05,20997.56,5.487,Maize,synthetic_prototype
Tamil Nadu,THOOTHUKUDI,2019,Kharif,330.9059829059829,,Unknown,2790.59,6616.19,2.371,Millet,synthetic_prototype
Tamil Nadu,THOOTHUKUDI,2019,Kharif,330.9059829059829,,Unknown,3448.8,12238.66,3.549,Rice,synthetic_prototype
Tamil Nadu,THOOTHUKUDI,2019,Rabi,438.4777777777779,,Unknown,5688.13,22167.4,3.897,Maize,synthetic_prototype
Tamil Nadu,THOOTHUKUDI,2019,Rabi,438.4777777777779,,Unknown,2430.06,2477.6,1.02,Mustard,synthetic_prototype
Tamil Nadu,THOOTHUKUDI,2019,Rabi,438.4777777777779,,Unknown,715.68,1634.27,2.284,Wheat,synthetic_prototype
Tamil Nadu,THOOTHUKUDI,2019,Rabi,438.4777777777779,,Unknown,3620.03,14670.07,4.052,Rice,synthetic_prototype
Tamil Nadu,THOOTHUKUDI,2019,Summer,134.12307692307692,,Unknown,1796.41,3495.43,1.946,Millet,synthetic_prototype
Tamil Nadu,THOOTHUKUDI,2019,Summer,134.12307692307692,,Unknown,4802.65,19609.32,4.083,Maize,synthetic_prototype
Tamil Nadu,THOOTHUKUDI,2019,Summer,134.12307692307692,,Unknown,1237.04,19648.7,15.884,Watermelon,synthetic_prototype
Tamil Nadu,TIRUCHIRAPPALLI,2019,Kharif,330.9059829059829,26.180574092419352,Low,5104.24,22299.21,4.369,Maize,synthetic_prototype
Tamil Nadu,TIRUCHIRAPPALLI,2019,Kharif,330.9059829059829,26.180574092419352,Low,1432.28,2800.06,1.955,Cotton,synthetic_prototype
Tamil Nadu,TIRUCHIRAPPALLI,2019,Kharif,330.9059829059829,26.180574092419352,Low,11721.76,51945.65,4.432,Rice,synthetic_prototype
Tamil Nadu,TIRUCHIRAPPALLI,2019,Kharif,330.9059829059829,26.180574092419352,Low,3815.23,7072.79,1.854,Groundnut,synthetic_prototype
Tamil Nadu,TIRUCHIRAPPALLI,2019,Rabi,438.4777777777779,26.180574092419352,Low,2778.42,11670.01,4.2,Maize,synthetic_prototype
Tamil Nadu,TIRUCHIRAPPALLI,2019,Rabi,438.4777777777779,26.180574092419352,Low,2802.22,6323.71,2.257,Groundnut,synthetic_prototype
Tamil Nadu,TIRUCHIRAPPALLI,2019,Rabi,438.4777777777779,26.180574092419352,Low,2348.79,3173.46,1.351,Mustard,synthetic_prototype
Tamil Nadu,TIRUCHIRAPPALLI,2019,Rabi,438.4777777777779,26.180574092419352,Low,4598.89,17413.77,3.787,Rice,synthetic_prototype
Tamil Nadu,TIRUCHIRAPPALLI,2019,Summer,134.12307692307692,26.180574092419352,Low,1090.32,18221.98,16.713,Watermelon,synthetic_prototype
Tamil Nadu,TIRUCHIRAPPALLI,2019,Summer,134.12307692307692,26.180574092419352,Low,1352.43,2735.12,2.022,Millet,synthetic_prototype
Tamil Nadu,TIRUCHIRAPPALLI,2019,Summer,134.12307692307692,26.180574092419352,Low,3809.02,15159.67,3.98,Maize,synthetic_prototype
Tamil Nadu,TIRUNELVELI,2019,Kharif,330.9059829059829,27.362339060924,Low,1994.78,3660.81,1.835,Groundnut,synthetic_prototype
Tamil Nadu,TIRUNELVELI,2019,Kharif,330.9059829059829,27.362339060924,Low,2039.86,3222.39,1.58,Soybean,synthetic_prototype
Tamil Nadu,TIRUNELVELI,2019,Kharif,330.9059829059829,27.362339060924,Low,4940.07,21585.27,4.369,Rice,synthetic_prototype
Tamil Nadu,TIRUNELVELI,2019,Kharif,330.9059829059829,27.362339060924,Low,7190.75,28657.08,3.985,Maize,synthetic_prototype
Tamil Nadu,TIRUNELVELI,2019,Rabi,438.4777777777779,27.362339060924,Low,1323.75,3680.07,2.78,Wheat,synthetic_prototype
Tamil Nadu,TIRUNELVELI,2019,Rabi,438.4777777777779,27.362339060924,Low,5730.11,22889.28,3.995,Rice,synthetic_prototype
Tamil Nadu,TIRUNELVELI,2019,Rabi,438.4777777777779,27.362339060924,Low,7328.75,33501.54,4.571,Maize,synthetic_prototype
Tamil Nadu,TIRUNELVELI,2019,Rabi,438.4777777777779,27.362339060924,Low,5999.11,12156.07,2.026,Groundnut,synthetic_prototype
Tamil Nadu,TIRUNELVELI,2019,Summer,134.12307692307692,27.362339060924,Low,984.96,16817.17,17.074,Watermelon,synthetic_prototype
Tamil Nadu,TIRUNELVELI,2019,Summer,134.12307692307692,27.362339060924,Low,574.23,1004.29,1.749,Millet,synthetic_prototype
Tamil Nadu,TIRUNELVELI,2019,Summer,134.12307692307692,27.362339060924,Low,6180.99,23352.01,3.778,Rice,synthetic_prototype
Tamil Nadu,TIRUPATHUR,2019,Kharif,330.9059829059829,,Unknown,7318.29,12380.56,1.692,Groundnut,synthetic_prototype
Tamil Nadu,TIRUPATHUR,2019,Kharif,330.9059829059829,,Unknown,5241.07,10977.43,2.095,Cotton,synthetic_prototype
Tamil Nadu,TIRUPATHUR,2019,Kharif,330.9059829059829,,Unknown,2450.88,5570.66,2.273,Millet,synthetic_prototype
Tamil Nadu,TIRUPATHUR,2019,Kharif,330.9059829059829,,Unknown,4542.8,18912.84,4.163,Maize,synthetic_prototype
Tamil Nadu,TIRUPATHUR,2019,Rabi,438.4777777777779,,Unknown,909.65,928.38,1.021,Mustard,synthetic_prototype
Tamil Nadu,TIRUPATHUR,2019,Rabi,438.4777777777779,,Unknown,4663.2,4074.05,0.874,Pulses,synthetic_prototype
Tamil Nadu,TIRUPATHUR,2019,Rabi,438.4777777777779,,Unknown,1123.13,3557.51,3.167,Wheat,synthetic_prototype
Tamil Nadu,TIRUPATHUR,2019,Rabi,438.4777777777779,,Unknown,4378.82,9473.79,2.164,Groundnut,synthetic_prototype
Tamil Nadu,TIRUPATHUR,2019,Summer,134.12307692307692,,Unknown,3969.6,13900.0,3.502,Rice,synthetic_prototype
Tamil Nadu,TIRUPATHUR,2019,Summer,134.12307692307692,,Unknown,2950.66,10059.48,3.409,Maize,synthetic_prototype
Tamil Nadu,TIRUPATHUR,2019,Summer,134.12307692307692,,Unknown,2504.25,4659.21,1.861,Groundnut,synthetic_prototype
Tamil Nadu,TIRUPPUR,2019,Kharif,330.9059829059829,26.49042549164,Low,6231.51,11022.33,1.769,Groundnut,synthetic_prototype
Tamil Nadu,TIRUPPUR,2019,Kharif,330.9059829059829,26.49042549164,Low,1688.8,2539.52,1.504,Cotton,synthetic_prototype
Tamil Nadu,TIRUPPUR,2019,Kharif,330.9059829059829,26.49042549164,Low,2479.03,5329.08,2.15,Soybean,synthetic_prototype
Tamil Nadu,TIRUPPUR,2019,Kharif,330.9059829059829,26.49042549164,Low,5576.61,20689.86,3.71,Rice,synthetic_prototype
Tamil Nadu,TIRUPPUR,2019,Rabi,438.4777777777779,26.49042549164,Low,4940.31,9480.43,1.919,Groundnut,synthetic_prototype
Tamil Nadu,TIRUPPUR,2019,Rabi,438.4777777777779,26.49042549164,Low,5904.51,28537.0,4.833,Maize,synthetic_prototype
Tamil Nadu,TIRUPPUR,2019,Rabi,438.4777777777779,26.49042549164,Low,1854.17,4176.43,2.252,Wheat,synthetic_prototype
Tamil Nadu,TIRUPPUR,2019,Rabi,438.4777777777779,26.49042549164,Low,1743.78,1886.48,1.082,Pulses,synthetic_prototype
Tamil Nadu,TIRUPPUR,2019,Summer,134.12307692307692,26.49042549164,Low,4921.37,23749.17,4.826,Maize,synthetic_prototype
Tamil Nadu,TIRUPPUR,2019,Summer,134.12307692307692,26.49042549164,Low,1596.18,29045.6,18.197,Watermelon,synthetic_prototype
Tamil Nadu,TIRUPPUR,2019,Summer,134.12307692307692,26.49042549164,Low,2531.77,3979.01,1.572,Groundnut,synthetic_prototype
Tamil Nadu,TIRUVALLUR,2019,Kharif,330.9059829059829,,Unknown,6697.28,11983.76,1.789,Groundnut,synthetic_prototype
Tamil Nadu,TIRUVALLUR,2019,Kharif,330.9059829059829,,Unknown,6027.9,16624.79,2.758,Millet,synthetic_prototype
Tamil Nadu,TIRUVALLUR,2019,Kharif,330.9059829059829,,Unknown,4321.01,15916.08,3.683,Rice,synthetic_prototype
Tamil Nadu,TIRUVALLUR,2019,Kharif,330.9059829059829,,Unknown,1700.56,3491.95,2.053,Soybean,synthetic_prototype
Tamil Nadu,TIRUVALLUR,2019,Rabi,438.4777777777779,,Unknown,2144.32,2896.69,1.351,Mustard,synthetic_prototype
Tamil Nadu,TIRUVALLUR,2019,Rabi,438.4777777777779,,Unknown,4687.88,20486.46,4.37,Maize,synthetic_prototype
Tamil Nadu,TIRUVALLUR,2019,Rabi,438.4777777777779,,Unknown,6105.08,11551.82,1.892,Groundnut,synthetic_prototype
Tamil Nadu,TIRUVALLUR,2019,Rabi,438.4777777777779,,Unknown,3251.52,2800.54,0.861,Pulses,synthetic_prototype
Tamil Nadu,TIRUVALLUR,2019,Summer,134.12307692307692,,Unknown,739.13,14587.44,19.736,Watermelon,synthetic_prototype
Tamil Nadu,TIRUVALLUR,2019,Summer,134.12307692307692,,Unknown,760.23,1558.23,2.05,Groundnut,synthetic_prototype
Tamil Nadu,TIRUVALLUR,2019,Summer,134.12307692307692,,Unknown,2624.28,5400.55,2.058,Millet,synthetic_prototype
Tamil Nadu,TIRUVANNAMALAI,2019,Kharif,330.9059829059829,30.938669521370965,High,7740.02,26291.59,3.397,Rice,synthetic_prototype
Tamil Nadu,TIRUVANNAMALAI,2019,Kharif,330.9059829059829,30.938669521370965,High,863.44,1620.55,1.877,Cotton,synthetic_prototype
Tamil Nadu,TIRUVANNAMALAI,2019,Kharif,330.9059829059829,30.938669521370965,High,1627.94,4009.14,2.463,Millet,synthetic_prototype
Tamil Nadu,TIRUVANNAMALAI,2019,Kharif,330.9059829059829,30.938669521370965,High,1117.43,2463.32,2.204,Soybean,synthetic_prototype
Tamil Nadu,TIRUVANNAMALAI,2019,Rabi,438.4777777777779,30.938669521370965,High,1175.27,2488.18,2.117,Groundnut,synthetic_prototype
Tamil Nadu,TIRUVANNAMALAI,2019,Rabi,438.4777777777779,30.938669521370965,High,541.04,1283.61,2.373,Wheat,synthetic_prototype
Tamil Nadu,TIRUVANNAMALAI,2019,Rabi,438.4777777777779,30.938669521370965,High,1504.04,1583.4,1.053,Pulses,synthetic_prototype
Tamil Nadu,TIRUVANNAMALAI,2019,Rabi,438.4777777777779,30.938669521370965,High,6599.87,31682.64,4.8,Maize,synthetic_prototype
Tamil Nadu,TIRUVANNAMALAI,2019,Summer,134.12307692307692,30.938669521370965,High,1232.56,2325.79,1.887,Millet,synthetic_prototype
Tamil Nadu,TIRUVANNAMALAI,2019,Summer,134.12307692307692,30.938669521370965,High,3948.15,17843.14,4.519,Rice,synthetic_prototype
Tamil Nadu,TIRUVANNAMALAI,2019,Summer,134.12307692307692,30.938669521370965,High,1923.56,3307.41,1.719,Groundnut,synthetic_prototype
Tamil Nadu,TIRUVARUR,2019,Kharif,330.9059829059829,,Unknown,1931.77,4824.93,2.498,Millet,synthetic_prototype
Tamil Nadu,TIRUVARUR,2019,Kharif,330.9059829059829,,Unknown,3781.13,21593.73,5.711,Maize,synthetic_prototype
Tamil Nadu,TIRUVARUR,2019,Kharif,330.9059829059829,,Unknown,14257.56,58408.82,4.097,Rice,synthetic_prototype
Tamil Nadu,TIRUVARUR,2019,Kharif,330.9059829059829,,Unknown,1758.38,3594.92,2.044,Soybean,synthetic_prototype
Tamil Nadu,TIRUVARUR,2019,Rabi,438.4777777777779,,Unknown,3258.84,3700.81,1.136,Pulses,synthetic_prototype
Tamil Nadu,TIRUVARUR,2019,Rabi,438.4777777777779,,Unknown,1715.83,1826.16,1.064,Mustard,synthetic_prototype
Tamil Nadu,TIRUVARUR,2019,Rabi,438.4777777777779,,Unknown,1781.18,5327.97,2.991,Wheat,synthetic_prototype
Tamil Nadu,TIRUVARUR,2019,Rabi,438.4777777777779,,Unknown,5536.05,26361.06,4.762,Maize,synthetic_prototype
Tamil Nadu,TIRUVARUR,2019,Summer,134.12307692307692,,Unknown,1319.51,21874.65,16.578,Watermelon,synthetic_prototype
Tamil Nadu,TIRUVARUR,2019,Summer,134.12307692307692,,Unknown,981.92,2227.68,2.269,Millet,synthetic_prototype
Tamil Nadu,TIRUVARUR,2019,Summer,134.12307692307692,,Unknown,1623.95,3203.6,1.973,Groundnut,synthetic_prototype
Tamil Nadu,VELLORE,2019,Kharif,330.9059829059829,28.828871023427418,Medium,9271.87,42124.01,4.543,Rice,synthetic_prototype
Tamil Nadu,VELLORE,2019,Kharif,330.9059829059829,28.828871023427418,Medium,2306.64,3684.93,1.598,Soybean,synthetic_prototype
Tamil Nadu,VELLORE,2019,Kharif,330.9059829059829,28.828871023427418,Medium,1485.71,3336.58,2.246,Groundnut,synthetic_prototype
Tamil Nadu,VELLORE,2019,Kharif,330.9059829059829,28.828871023427418,Medium,3524.93,6834.22,1.939,Cotton,synthetic_prototype
Tamil Nadu,VELLORE,2019,Rabi,438.4777777777779,28.828871023427418,Medium,1563.06,2157.36,1.38,Mustard,synthetic_prototype
Tamil Nadu,VELLORE,2019,Rabi,438.4777777777779,28.828871023427418,Medium,1729.58,1662.01,0.961,Pulses,synthetic_prototype
Tamil Nadu,VELLORE,2019,Rabi,438.4777777777779,28.828871023427418,Medium,4505.42,9835.53,2.183,Groundnut,synthetic_prototype
Tamil Nadu,VELLORE,2019,Rabi,438.4777777777779,28.828871023427418,Medium,1542.2,3405.82,2.208,Wheat,synthetic_prototype
Tamil Nadu,VELLORE,2019,Summer,134.12307692307692,28.828871023427418,Medium,930.62,18312.74,19.678,Watermelon,synthetic_prototype
Tamil Nadu,VELLORE,2019,Summer,134.12307692307692,28.828871023427418,Medium,1042.83,2046.65,1.963,Millet,synthetic_prototype
Tamil Nadu,VELLORE,2019,Summer,134.12307692307692,28.828871023427418,Medium,3605.78,7791.72,2.161,Groundnut,synthetic_prototype
Tamil Nadu,VILUPPURAM,2019,Kharif,330.9059829059829,29.779336412338708,High,2734.35,6022.06,2.202,Millet,synthetic_prototype
Tamil Nadu,VILUPPURAM,2019,Kharif,330.9059829059829,29.779336412338708,High,1139.52,1821.56,1.599,Cotton,synthetic_prototype
Tamil Nadu,VILUPPURAM,2019,Kharif,330.9059829059829,29.779336412338708,High,11539.61,39836.07,3.452,Rice,synthetic_prototype
Tamil Nadu,VILUPPURAM,2019,Kharif,330.9059829059829,29.779336412338708,High,2990.15,4849.29,1.622,Soybean,synthetic_prototype
Tamil Nadu,VILUPPURAM,2019,Rabi,438.4777777777779,29.779336412338708,High,4540.11,17111.28,3.769,Rice,synthetic_prototype
Tamil Nadu,VILUPPURAM,2019,Rabi,438.4777777777779,29.779336412338708,High,2561.4,10645.68,4.156,Maize,synthetic_prototype
Tamil Nadu,VILUPPURAM,2019,Rabi,438.4777777777779,29.779336412338708,High,1453.33,4147.88,2.854,Wheat,synthetic_prototype
Tamil Nadu,VILUPPURAM,2019,Rabi,438.4777777777779,29.779336412338708,High,2745.5,3097.64,1.128,Pulses,synthetic_prototype
Tamil Nadu,VILUPPURAM,2019,Summer,134.12307692307692,29.779336412338708,High,2155.62,7826.81,3.631,Maize,synthetic_prototype
Tamil Nadu,VILUPPURAM,2019,Summer,134.12307692307692,29.779336412338708,High,1256.8,19734.57,15.702,Watermelon,synthetic_prototype
Tamil Nadu,VILUPPURAM,2019,Summer,134.12307692307692,29.779336412338708,High,4797.59,17084.17,3.561,Rice,synthetic_prototype
Tamil Nadu,VIRUDHUNAGAR,2019,Kharif,330.9059829059829,,Unknown,9391.03,43660.49,4.649,Rice,synthetic_prototype
Tamil Nadu,VIRUDHUNAGAR,2019,Kharif,330.9059829059829,,Unknown,3612.81,5814.25,1.609,Cotton,synthetic_prototype
Tamil Nadu,VIRUDHUNAGAR,2019,Kharif,330.9059829059829,,Unknown,4367.49,8406.81,1.925,Millet,synthetic_prototype
Tamil Nadu,VIRUDHUNAGAR,2019,Kharif,330.9059829059829,,Unknown,3148.34,6825.66,2.168,Groundnut,synthetic_prototype
Tamil Nadu,VIRUDHUNAGAR,2019,Rabi,438.4777777777779,,Unknown,1068.8,2402.41,2.248,Wheat,synthetic_prototype
Tamil Nadu,VIRUDHUNAGAR,2019,Rabi,438.4777777777779,,Unknown,1580.67,1655.6,1.047,Mustard,synthetic_prototype
Tamil Nadu,VIRUDHUNAGAR,2019,Rabi,438.4777777777779,,Unknown,2076.89,1959.81,0.944,Pulses,synthetic_prototype
Tamil Nadu,VIRUDHUNAGAR,2019,Rabi,438.4777777777779,,Unknown,4578.01,22005.7,4.807,Maize,synthetic_prototype
Tamil Nadu,VIRUDHUNAGAR,2019,Summer,134.12307692307692,,Unknown,1090.27,19472.36,17.86,Watermelon,synthetic_prototype
Tamil Nadu,VIRUDHUNAGAR,2019,Summer,134.12307692307692,,Unknown,1017.84,1794.88,1.763,Millet,synthetic_prototype
Tamil Nadu,VIRUDHUNAGAR,2019,Summer,134.12307692307692,,Unknown,2651.71,9392.56,3.542,Maize,synthetic_prototype
Tamil Nadu,ARIYALUR,2020,Kharif,330.9059829059829,28.544388593024195,Medium,4176.75,11970.93,2.866,Millet,synthetic_prototype
Tamil Nadu,ARIYALUR,2020,Kharif,330.9059829059829,28.544388593024195,Medium,1300.3,2166.4,1.666,Soybean,synthetic_prototype
Tamil Nadu,ARIYALUR,2020,Kharif,330.9059829059829,28.544388593024195,Medium,4222.18,9190.84,2.177,Groundnut,synthetic_prototype
Tamil Nadu,ARIYALUR,2020,Kharif,330.9059829059829,28.544388593024195,Medium,3649.94,14163.89,3.881,Maize,synthetic_prototype
Tamil Nadu,ARIYALUR,2020,Rabi,438.4777777777779,28.544388593024195,Medium,1136.02,3340.56,2.941,Wheat,synthetic_prototype
Tamil Nadu,ARIYALUR,2020,Rabi,438.4777777777779,28.544388593024195,Medium,5942.97,26460.58,4.452,Maize,synthetic_prototype
Tamil Nadu,ARIYALUR,2020,Rabi,438.4777777777779,28.544388593024195,Medium,3462.55,3010.9,0.87,Pulses,synthetic_prototype
Tamil Nadu,ARIYALUR,2020,Rabi,438.4777777777779,28.544388593024195,Medium,4810.86,10582.22,2.2,Groundnut,synthetic_prototype
Tamil Nadu,ARIYALUR,2020,Summer,134.12307692307692,28.544388593024195,Medium,440.57,6256.19,14.2,Watermelon,synthetic_prototype
Tamil Nadu,ARIYALUR,2020,Summer,134.12307692307692,28.544388593024195,Medium,4945.94,16558.02,3.348,Rice,synthetic_prototype
Tamil Nadu,ARIYALUR,2020,Summer,134.12307692307692,28.544388593024195,Medium,1695.19,7540.65,4.448,Maize,synthetic_prototype
Tamil Nadu,CHENGALPATTU,2020,Kharif,330.9059829059829,,Unknown,1244.9,2240.52,1.8,Cotton,synthetic_prototype
Tamil Nadu,CHENGALPATTU,2020,Kharif,330.9059829059829,,Unknown,4337.6,10362.65,2.389,Millet,synthetic_prototype
Tamil Nadu,CHENGALPATTU,2020,Kharif,330.9059829059829,,Unknown,4818.18,20128.19,4.178,Maize,synthetic_prototype
Tamil Nadu,CHENGALPATTU,2020,Kharif,330.9059829059829,,Unknown,1829.84,4417.87,2.414,Groundnut,synthetic_prototype
Tamil Nadu,CHENGALPATTU,2020,Rabi,438.4777777777779,,Unknown,3810.07,3525.09,0.925,Pulses,synthetic_prototype
Tamil Nadu,CHENGALPATTU,2020,Rabi,438.4777777777779,,Unknown,977.33,993.95,1.017,Mustard,synthetic_prototype
Tamil Nadu,CHENGALPATTU,2020,Rabi,438.4777777777779,,Unknown,5474.12,29499.13,5.389,Maize,synthetic_prototype
Tamil Nadu,CHENGALPATTU,2020,Rabi,438.4777777777779,,Unknown,1670.66,2722.34,1.629,Groundnut,synthetic_prototype
Tamil Nadu,CHENGALPATTU,2020,Summer,134.12307692307692,,Unknown,1395.07,6401.51,4.589,Maize,synthetic_prototype
Tamil Nadu,CHENGALPATTU,2020,Summer,134.12307692307692,,Unknown,2459.7,4643.31,1.888,Groundnut,synthetic_prototype
Tamil Nadu,CHENGALPATTU,2020,Summer,134.12307692307692,,Unknown,4339.37,17869.37,4.118,Rice,synthetic_prototype
Tamil Nadu,CHENNAI,2020,Kharif,330.9059829059829,21.27328608612097,Low,1928.93,3929.32,2.037,Soybean,synthetic_prototype
Tamil Nadu,CHENNAI,2020,Kharif,330.9059829059829,21.27328608612097,Low,1764.19,3738.04,2.119,Cotton,synthetic_prototype
Tamil Nadu,CHENNAI,2020,Kharif,330.9059829059829,21.27328608612097,Low,4085.44,23113.26,5.657,Maize,synthetic_prototype
Tamil Nadu,CHENNAI,2020,Kharif,330.9059829059829,21.27328608612097,Low,7767.0,31394.63,4.042,Rice,synthetic_prototype
Tamil Nadu,CHENNAI,2020,Rabi,438.4777777777779,21.27328608612097,Low,2695.93,12248.56,4.543,Maize,synthetic_prototype
Tamil Nadu,CHENNAI,2020,Rabi,438.4777777777779,21.27328608612097,Low,2579.95,3082.79,1.195,Pulses,synthetic_prototype
Tamil Nadu,CHENNAI,2020,Rabi,438.4777777777779,21.27328608612097,Low,556.2,717.39,1.29,Mustard,synthetic_prototype
Tamil Nadu,CHENNAI,2020,Rabi,438.4777777777779,21.27328608612097,Low,1251.92,2236.11,1.786,Groundnut,synthetic_prototype
Tamil Nadu,CHENNAI,2020,Summer,134.12307692307692,21.27328608612097,Low,1659.55,2431.91,1.465,Groundnut,synthetic_prototype
Tamil Nadu,CHENNAI,2020,Summer,134.12307692307692,21.27328608612097,Low,1123.31,4991.57,4.444,Maize,synthetic_prototype
Tamil Nadu,CHENNAI,2020,Summer,134.12307692307692,21.27328608612097,Low,1162.83,2176.95,1.872,Millet,synthetic_prototype
Tamil Nadu,COIMBATORE,2020,Kharif,330.9059829059829,29.7236860548,High,4939.43,11103.94,2.248,Millet,synthetic_prototype
Tamil Nadu,COIMBATORE,2020,Kharif,330.9059829059829,29.7236860548,High,11601.33,51042.16,4.4,Rice,synthetic_prototype
Tamil Nadu,COIMBATORE,2020,Kharif,330.9059829059829,29.7236860548,High,3901.38,15776.64,4.044,Maize,synthetic_prototype
Tamil Nadu,COIMBATORE,2020,Kharif,330.9059829059829,29.7236860548,High,3413.46,6509.79,1.907,Groundnut,synthetic_prototype
Tamil Nadu,COIMBATORE,2020,Rabi,438.4777777777779,29.7236860548,High,363.26,839.5,2.311,Wheat,synthetic_prototype
Tamil Nadu,COIMBATORE,2020,Rabi,438.4777777777779,29.7236860548,High,10079.69,36851.33,3.656,Rice,synthetic_prototype
Tamil Nadu,COIMBATORE,2020,Rabi,438.4777777777779,29.7236860548,High,3095.89,6996.03,2.26,Groundnut,synthetic_prototype
Tamil Nadu,COIMBATORE,2020,Rabi,438.4777777777779,29.7236860548,High,2223.54,2623.26,1.18,Pulses,synthetic_prototype
Tamil Nadu,COIMBATORE,2020,Summer,134.12307692307692,29.7236860548,High,2986.85,6559.55,2.196,Millet,synthetic_prototype
Tamil Nadu,COIMBATORE,2020,Summer,134.12307692307692,29.7236860548,High,1297.08,23933.54,18.452,Watermelon,synthetic_prototype
Tamil Nadu,COIMBATORE,2020,Summer,134.12307692307692,29.7236860548,High,3211.87,13617.09,4.24,Maize,synthetic_prototype
Tamil Nadu,CUDDALORE,2020,Kharif,330.9059829059829,30.017899455080645,High,3525.35,7912.05,2.244,Soybean,synthetic_prototype
Tamil Nadu,CUDDALORE,2020,Kharif,330.9059829059829,30.017899455080645,High,5334.11,28952.43,5.428,Maize,synthetic_prototype
Tamil Nadu,CUDDALORE,2020,Kharif,330.9059829059829,30.017899455080645,High,1825.89,3853.28,2.11,Groundnut,synthetic_prototype
Tamil Nadu,CUDDALORE,2020,Kharif,330.9059829059829,30.017899455080645,High,2920.38,5174.94,1.772,Cotton,synthetic_prototype
Tamil Nadu,CUDDALORE,2020,Rabi,438.4777777777779,30.017899455080645,High,11647.51,43117.05,3.702,Rice,synthetic_prototype
Tamil Nadu,CUDDALORE,2020,Rabi,438.4777777777779,30.017899455080645,High,3167.91,6714.67,2.12,Groundnut,synthetic_prototype
Tamil Nadu,CUDDALORE,2020,Rabi,438.4777777777779,30.017899455080645,High,1135.92,1628.93,1.434,Mustard,synthetic_prototype
Tamil Nadu,CUDDALORE,2020,Rabi,438.4777777777779,30.017899455080645,High,6606.29,31519.17,4.771,Maize,synthetic_prototype
Tamil Nadu,CUDDALORE,2020,Summer,134.12307692307692,30.017899455080645,High,5506.63,18113.7,3.289,Rice,synthetic_prototype
Tamil Nadu,CUDDALORE,2020,Summer,134.12307692307692,30.017899455080645,High,1605.49,24268.18,15.116,Watermelon,synthetic_prototype
Tamil Nadu,CUDDALORE,2020,Summer,134.12307692307692,30.017899455080645,High,2228.59,4425.34,1.986,Groundnut,synthetic_prototype
Tamil Nadu,DHARMAPURI,2020,Kharif,330.9059829059829,28.06294488487903,Medium,12943.21,53115.14,4.104,Rice,synthetic_prototype
Tamil Nadu,DHARMAPURI,2020,Kharif,330.9059829059829,28.06294488487903,Medium,7607.74,29522.75,3.881,Maize,synthetic_prototype
Tamil Nadu,DHARMAPURI,2020,Kharif,330.9059829059829,28.06294488487903,Medium,915.2,1449.05,1.583,Soybean,synthetic_prototype
Tamil Nadu,DHARMAPURI,2020,Kharif,330.9059829059829,28.06294488487903,Medium,1105.2,2255.48,2.041,Cotton,synthetic_prototype
Tamil Nadu,DHARMAPURI,2020,Rabi,438.4777777777779,28.06294488487903,Medium,1727.85,1728.64,1.0,Pulses,synthetic_prototype
Tamil Nadu,DHARMAPURI,2020,Rabi,438.4777777777779,28.06294488487903,Medium,3366.09,6945.48,2.063,Groundnut,synthetic_prototype
Tamil Nadu,DHARMAPURI,2020,Rabi,438.4777777777779,28.06294488487903,Medium,7060.86,32432.54,4.593,Rice,synthetic_prototype
Tamil Nadu,DHARMAPURI,2020,Rabi,438.4777777777779,28.06294488487903,Medium,1078.35,3256.29,3.02,Wheat,synthetic_prototype
Tamil Nadu,DHARMAPURI,2020,Summer,134.12307692307692,28.06294488487903,Medium,1064.17,19832.97,18.637,Watermelon,synthetic_prototype
Tamil Nadu,DHARMAPURI,2020,Summer,134.12307692307692,28.06294488487903,Medium,2210.32,5144.55,2.328,Millet,synthetic_prototype
Tamil Nadu,DHARMAPURI,2020,Summer,134.12307692307692,28.06294488487903,Medium,1883.63,9141.55,4.853,Maize,synthetic_prototype
Tamil Nadu,DINDIGUL,2020,Kharif,330.9059829059829,28.69312810556,Medium,5563.11,12303.3,2.212,Millet,synthetic_prototype
Tamil Nadu,DINDIGUL,2020,Kharif,330.9059829059829,28.69312810556,Medium,5653.53,20023.95,3.542,Rice,synthetic_prototype
Tamil Nadu,DINDIGUL,2020,Kharif,330.9059829059829,28.69312810556,Medium,1206.79,2212.4,1.833,Soybean,synthetic_prototype
Tamil Nadu,DINDIGUL,2020,Kharif,330.9059829059829,28.69312810556,Medium,3827.53,6601.89,1.725,Groundnut,synthetic_prototype
Tamil Nadu,DINDIGUL,2020,Rabi,438.4777777777779,28.69312810556,Medium,3801.03,6313.27,1.661,Groundnut,synthetic_prototype
Tamil Nadu,DINDIGUL,2020,Rabi,438.4777777777779,28.69312810556,Medium,896.95,1318.46,1.47,Mustard,synthetic_prototype
Tamil Nadu,DINDIGUL,2020,Rabi,438.4777777777779,28.69312810556,Medium,1646.47,4427.36,2.689,Wheat,synthetic_prototype
Tamil Nadu,DINDIGUL,2020,Rabi,438.4777777777779,28.69312810556,Medium,7988.13,38589.48,4.831,Rice,synthetic_prototype
Tamil Nadu,DINDIGUL,2020,Summer,134.12307692307692,28.69312810556,Medium,1248.66,22040.04,17.651,Watermelon,synthetic_prototype
Tamil Nadu,DINDIGUL,2020,Summer,134.12307692307692,28.69312810556,Medium,1464.62,3582.52,2.446,Millet,synthetic_prototype
Tamil Nadu,DINDIGUL,2020,Summer,134.12307692307692,28.69312810556,Medium,4360.53,15425.85,3.538,Rice,synthetic_prototype
Tamil Nadu,ERODE,2020,Kharif,330.9059829059829,27.250912962701612,Low,2532.88,10940.49,4.319,Maize,synthetic_prototype
Tamil Nadu,ERODE,2020,Kharif,330.9059829059829,27.250912962701612,Low,13530.89,49170.22,3.634,Rice,synthetic_prototype
Tamil Nadu,ERODE,2020,Kharif,330.9059829059829,27.250912962701612,Low,1784.11,3440.37,1.928,Groundnut,synthetic_prototype
Tamil Nadu,ERODE,2020,Kharif,330.9059829059829,27.250912962701612,Low,4198.95,6941.99,1.653,Cotton,synthetic_prototype
Tamil Nadu,ERODE,2020,Rabi,438.4777777777779,27.250912962701612,Low,3748.57,7189.09,1.918,Groundnut,synthetic_prototype
Tamil Nadu,ERODE,2020,Rabi,438.4777777777779,27.250912962701612,Low,1049.51,2629.22,2.505,Wheat,synthetic_prototype
Tamil Nadu,ERODE,2020,Rabi,438.4777777777779,27.250912962701612,Low,1032.03,1300.82,1.26,Pulses,synthetic_prototype
Tamil Nadu,ERODE,2020,Rabi,438.4777777777779,27.250912962701612,Low,11281.99,51426.19,4.558,Rice,synthetic_prototype
Tamil Nadu,ERODE,2020,Summer,134.12307692307692,27.250912962701612,Low,5016.39,21886.83,4.363,Rice,synthetic_prototype
Tamil Nadu,ERODE,2020,Summer,134.12307692307692,27.250912962701612,Low,1901.92,32147.27,16.902,Watermelon,synthetic_prototype
Tamil Nadu,ERODE,2020,Summer,134.12307692307692,27.250912962701612,Low,2453.55,4828.34,1.968,Groundnut,synthetic_prototype
Tamil Nadu,KALLAKURICHI,2020,Kharif,330.9059829059829,,Unknown,2108.88,9156.08,4.342,Maize,synthetic_prototype
Tamil Nadu,KALLAKURICHI,2020,Kharif,330.9059829059829,,Unknown,1534.54,4306.21,2.806,Millet,synthetic_prototype
Tamil Nadu,KALLAKURICHI,2020,Kharif,330.9059829059829,,Unknown,1940.08,3597.52,1.854,Soybean,synthetic_prototype
Tamil Nadu,KALLAKURICHI,2020,Kharif,330.9059829059829,,Unknown,3096.85,5312.09,1.715,Groundnut,synthetic_prototype
Tamil Nadu,KALLAKURICHI,2020,Rabi,438.4777777777779,,Unknown,1411.02,4460.73,3.161,Wheat,synthetic_prototype
Tamil Nadu,KALLAKURICHI,2020,Rabi,438.4777777777779,,Unknown,1890.27,3354.85,1.775,Groundnut,synthetic_prototype
Tamil Nadu,KALLAKURICHI,2020,Rabi,438.4777777777779,,Unknown,2469.78,10911.1,4.418,Maize,synthetic_prototype
Tamil Nadu,KALLAKURICHI,2020,Rabi,438.4777777777779,,Unknown,1505.42,1866.97,1.24,Mustard,synthetic_prototype
Tamil Nadu,KALLAKURICHI,2020,Summer,134.12307692307692,,Unknown,3718.54,6252.33,1.681,Groundnut,synthetic_prototype
Tamil Nadu,KALLAKURICHI,2020,Summer,134.12307692307692,,Unknown,1232.49,24696.59,20.038,Watermelon,synthetic_prototype
Tamil Nadu,KALLAKURICHI,2020,Summer,134.12307692307692,,Unknown,8074.02,32975.77,4.084,Rice,synthetic_prototype
Tamil Nadu,KANCHIPURAM,2020,Kharif,330.9059829059829,,Unknown,1198.28,2227.39,1.859,Cotton,synthetic_prototype
Tamil Nadu,KANCHIPURAM,2020,Kharif,330.9059829059829,,Unknown,6733.41,14984.93,2.225,Groundnut,synthetic_prototype
Tamil Nadu,KANCHIPURAM,2020,Kharif,330.9059829059829,,Unknown,3320.2,6177.69,1.861,Soybean,synthetic_prototype
Tamil Nadu,KANCHIPURAM,2020,Kharif,330.9059829059829,,Unknown,7237.68,30154.5,4.166,Maize,synthetic_prototype
Tamil Nadu,KANCHIPURAM,2020,Rabi,438.4777777777779,,Unknown,1106.05,1581.41,1.43,Mustard,synthetic_prototype
Tamil Nadu,KANCHIPURAM,2020,Rabi,438.4777777777779,,Unknown,7128.65,16461.58,2.309,Groundnut,synthetic_prototype
Tamil Nadu,KANCHIPURAM,2020,Rabi,438.4777777777779,,Unknown,8391.08,33352.38,3.975,Rice,synthetic_prototype
Tamil Nadu,KANCHIPURAM,2020,Rabi,438.4777777777779,,Unknown,1696.62,8380.68,4.94,Maize,synthetic_prototype
Tamil Nadu,KANCHIPURAM,2020,Summer,134.12307692307692,,Unknown,2138.15,4144.86,1.939,Millet,synthetic_prototype
Tamil Nadu,KANCHIPURAM,2020,Summer,134.12307692307692,,Unknown,1482.26,5683.29,3.834,Rice,synthetic_prototype
Tamil Nadu,KANCHIPURAM,2020,Summer,134.12307692307692,,Unknown,2506.53,11454.41,4.57,Maize,synthetic_prototype
Tamil Nadu,KANNIYAKUMARI,2020,Kharif,330.9059829059829,31.164836859555997,High,5237.68,23629.42,4.511,Rice,synthetic_prototype
Tamil Nadu,KANNIYAKUMARI,2020,Kharif,330.9059829059829,31.164836859555997,High,5614.5,9364.92,1.668,Cotton,synthetic_prototype
Tamil Nadu,KANNIYAKUMARI,2020,Kharif,330.9059829059829,31.164836859555997,High,2138.76,3845.71,1.798,Soybean,synthetic_prototype
Tamil Nadu,KANNIYAKUMARI,2020,Kharif,330.9059829059829,31.164836859555997,High,4456.13,10012.45,2.247,Groundnut,synthetic_prototype
Tamil Nadu,KANNIYAKUMARI,2020,Rabi,438.4777777777779,31.164836859555997,High,2597.55,6001.68,2.311,Wheat,synthetic_prototype
Tamil Nadu,KANNIYAKUMARI,2020,Rabi,438.4777777777779,31.164836859555997,High,4797.29,25094.45,5.231,Maize,synthetic_prototype
Tamil Nadu,KANNIYAKUMARI,2020,Rabi,438.4777777777779,31.164836859555997,High,591.46,598.49,1.012,Mustard,synthetic_prototype
Tamil Nadu,KANNIYAKUMARI,2020,Rabi,438.4777777777779,31.164836859555997,High,6889.74,30866.72,4.48,Rice,synthetic_prototype
Tamil Nadu,KANNIYAKUMARI,2020,Summer,134.12307692307692,31.164836859555997,High,3192.09,5781.39,1.811,Groundnut,synthetic_prototype
Tamil Nadu,KANNIYAKUMARI,2020,Summer,134.12307692307692,31.164836859555997,High,2639.71,4978.69,1.886,Millet,synthetic_prototype
Tamil Nadu,KANNIYAKUMARI,2020,Summer,134.12307692307692,31.164836859555997,High,6795.96,24014.45,3.534,Rice,synthetic_prototype
Tamil Nadu,KARUR,2020,Kharif,330.9059829059829,25.69542081294355,Low,1821.9,4001.55,2.196,Soybean,synthetic_prototype
Tamil Nadu,KARUR,2020,Kharif,330.9059829059829,25.69542081294355,Low,4970.46,8717.27,1.754,Groundnut,synthetic_prototype
Tamil Nadu,KARUR,2020,Kharif,330.9059829059829,25.69542081294355,Low,4283.07,17994.87,4.201,Maize,synthetic_prototype
Tamil Nadu,KARUR,2020,Kharif,330.9059829059829,25.69542081294355,Low,12424.87,59717.73,4.806,Rice,synthetic_prototype
Tamil Nadu,KARUR,2020,Rabi,438.4777777777779,25.69542081294355,Low,1226.53,2998.6,2.445,Wheat,synthetic_prototype
Tamil Nadu,KARUR,2020,Rabi,438.4777777777779,25.69542081294355,Low,1612.97,1722.63,1.068,Pulses,synthetic_prototype
Tamil Nadu,KARUR,2020,Rabi,438.4777777777779,25.69542081294355,Low,8164.37,41337.36,5.063,Rice,synthetic_prototype
Tamil Nadu,KARUR,2020,Rabi,438.4777777777779,25.69542081294355,Low,4181.96,20073.29,4.8,Maize,synthetic_prototype
Tamil Nadu,KARUR,2020,Summer,134.12307692307692,25.69542081294355,Low,1646.78,3320.19,2.016,Millet,synthetic_prototype
Tamil Nadu,KARUR,2020,Summer,134.12307692307692,25.69542081294355,Low,1889.49,9291.08,4.917,Maize,synthetic_prototype
Tamil Nadu,KARUR,2020,Summer,134.12307692307692,25.69542081294355,Low,324.3,6691.17,20.633,Watermelon,synthetic_prototype
Tamil Nadu,KRISHNAGIRI,2020,Kharif,330.9059829059829,27.765414212580644,Medium,7317.31,30861.28,4.218,Rice,synthetic_prototype
Tamil Nadu,KRISHNAGIRI,2020,Kharif,330.9059829059829,27.765414212580644,Medium,2812.79,4932.58,1.754,Groundnut,synthetic_prototype
Tamil Nadu,KRISHNAGIRI,2020,Kharif,330.9059829059829,27.765414212580644,Medium,819.59,1397.83,1.706,Soybean,synthetic_prototype
Tamil Nadu,KRISHNAGIRI,2020,Kharif,330.9059829059829,27.765414212580644,Medium,1504.05,2994.28,1.991,Cotton,synthetic_prototype
Tamil Nadu,KRISHNAGIRI,2020,Rabi,438.4777777777779,27.765414212580644,Medium,3626.08,14527.89,4.007,Maize,synthetic_prototype
Tamil Nadu,KRISHNAGIRI,2020,Rabi,438.4777777777779,27.765414212580644,Medium,801.26,812.32,1.014,Mustard,synthetic_prototype
Tamil Nadu,KRISHNAGIRI,2020,Rabi,438.4777777777779,27.765414212580644,Medium,932.24,854.56,0.917,Pulses,synthetic_prototype
Tamil Nadu,KRISHNAGIRI,2020,Rabi,438.4777777777779,27.765414212580644,Medium,2665.36,5287.37,1.984,Groundnut,synthetic_prototype
Tamil Nadu,KRISHNAGIRI,2020,Summer,134.12307692307692,27.765414212580644,Medium,1707.68,3714.85,2.175,Groundnut,synthetic_prototype
Tamil Nadu,KRISHNAGIRI,2020,Summer,134.12307692307692,27.765414212580644,Medium,2115.44,4895.54,2.314,Millet,synthetic_prototype
Tamil Nadu,KRISHNAGIRI,2020,Summer,134.12307692307692,27.765414212580644,Medium,1574.37,24221.59,15.385,Watermelon,synthetic_prototype
Tamil Nadu,MADURAI,2020,Kharif,330.9059829059829,32.49706241748,High,7108.61,38301.31,5.388,Maize,synthetic_prototype
Tamil Nadu,MADURAI,2020,Kharif,330.9059829059829,32.49706241748,High,4359.45,9388.85,2.154,Groundnut,synthetic_prototype
Tamil Nadu,MADURAI,2020,Kharif,330.9059829059829,32.49706241748,High,5973.72,22664.3,3.794,Rice,synthetic_prototype
Tamil Nadu,MADURAI,2020,Kharif,330.9059829059829,32.49706241748,High,1791.28,3080.34,1.72,Soybean,synthetic_prototype
Tamil Nadu,MADURAI,2020,Rabi,438.4777777777779,32.49706241748,High,3189.38,3631.43,1.139,Pulses,synthetic_prototype
Tamil Nadu,MADURAI,2020,Rabi,438.4777777777779,32.49706241748,High,5915.86,23345.08,3.946,Maize,synthetic_prototype
Tamil Nadu,MADURAI,2020,Rabi,438.4777777777779,32.49706241748,High,2103.8,3034.86,1.443,Mustard,synthetic_prototype
Tamil Nadu,MADURAI,2020,Rabi,438.4777777777779,32.49706241748,High,7916.69,28754.24,3.632,Rice,synthetic_prototype
Tamil Nadu,MADURAI,2020,Summer,134.12307692307692,32.49706241748,High,900.64,12773.89,14.183,Watermelon,synthetic_prototype
Tamil Nadu,MADURAI,2020,Summer,134.12307692307692,32.49706241748,High,1408.02,3347.22,2.377,Millet,synthetic_prototype
Tamil Nadu,MADURAI,2020,Summer,134.12307692307692,32.49706241748,High,2381.98,4518.24,1.897,Groundnut,synthetic_prototype
Tamil Nadu,MAYILADUTHURAI,2020,Kharif,330.9059829059829,,Unknown,2743.92,6465.96,2.356,Groundnut,synthetic_prototype
Tamil Nadu,MAYILADUTHURAI,2020,Kharif,330.9059829059829,,Unknown,1347.39,2511.05,1.864,Cotton,synthetic_prototype
Tamil Nadu,MAYILADUTHURAI,2020,Kharif,330.9059829059829,,Unknown,2490.69,13175.13,5.29,Maize,synthetic_prototype
Tamil Nadu,MAYILADUTHURAI,2020,Kharif,330.9059829059829,,Unknown,2823.73,11523.08,4.081,Rice,synthetic_prototype
Tamil Nadu,MAYILADUTHURAI,2020,Rabi,438.4777777777779,,Unknown,3154.24,14150.33,4.486,Rice,synthetic_prototype
Tamil Nadu,MAYILADUTHURAI,2020,Rabi,438.4777777777779,,Unknown,942.17,1211.26,1.286,Mustard,synthetic_prototype
Tamil Nadu,MAYILADUTHURAI,2020,Rabi,438.4777777777779,,Unknown,3843.45,3908.42,1.017,Pulses,synthetic_prototype
Tamil Nadu,MAYILADUTHURAI,2020,Rabi,438.4777777777779,,Unknown,2527.74,11716.38,4.635,Maize,synthetic_prototype
Tamil Nadu,MAYILADUTHURAI,2020,Summer,134.12307692307692,,Unknown,2080.58,7523.25,3.616,Rice,synthetic_prototype
Tamil Nadu,MAYILADUTHURAI,2020,Summer,134.12307692307692,,Unknown,2320.0,5618.93,2.422,Millet,synthetic_prototype
Tamil Nadu,MAYILADUTHURAI,2020,Summer,134.12307692307692,,Unknown,1328.34,22556.96,16.981,Watermelon,synthetic_prototype
Tamil Nadu,NAGAPATTINAM,2020,Kharif,330.9059829059829,,Unknown,6228.08,13183.19,2.117,Groundnut,synthetic_prototype
Tamil Nadu,NAGAPATTINAM,2020,Kharif,330.9059829059829,,Unknown,2953.6,6802.43,2.303,Millet,synthetic_prototype
Tamil Nadu,NAGAPATTINAM,2020,Kharif,330.9059829059829,,Unknown,4526.5,9362.74,2.068,Cotton,synthetic_prototype
Tamil Nadu,NAGAPATTINAM,2020,Kharif,330.9059829059829,,Unknown,8548.44,28909.0,3.382,Rice,synthetic_prototype
Tamil Nadu,NAGAPATTINAM,2020,Rabi,438.4777777777779,,Unknown,4421.66,4502.39,1.018,Pulses,synthetic_prototype
Tamil Nadu,NAGAPATTINAM,2020,Rabi,438.4777777777779,,Unknown,3594.4,8214.9,2.285,Groundnut,synthetic_prototype
Tamil Nadu,NAGAPATTINAM,2020,Rabi,438.4777777777779,,Unknown,3316.24,12517.25,3.775,Rice,synthetic_prototype
Tamil Nadu,NAGAPATTINAM,2020,Rabi,438.4777777777779,,Unknown,1057.05,1510.46,1.429,Mustard,synthetic_prototype
Tamil Nadu,NAGAPATTINAM,2020,Summer,134.12307692307692,,Unknown,3517.37,16103.58,4.578,Maize,synthetic_prototype
Tamil Nadu,NAGAPATTINAM,2020,Summer,134.12307692307692,,Unknown,1269.09,20785.79,16.378,Watermelon,synthetic_prototype
Tamil Nadu,NAGAPATTINAM,2020,Summer,134.12307692307692,,Unknown,5435.66,17496.01,3.219,Rice,synthetic_prototype
Tamil Nadu,NAMAKKAL,2020,Kharif,330.9059829059829,25.152302552862903,Low,6519.65,21279.66,3.264,Rice,synthetic_prototype
Tamil Nadu,NAMAKKAL,2020,Kharif,330.9059829059829,25.152302552862903,Low,8097.5,39804.2,4.916,Maize,synthetic_prototype
Tamil Nadu,NAMAKKAL,2020,Kharif,330.9059829059829,25.152302552862903,Low,4256.43,10598.28,2.49,Millet,synthetic_prototype
Tamil Nadu,NAMAKKAL,2020,Kharif,330.9059829059829,25.152302552862903,Low,1888.43,3242.28,1.717,Soybean,synthetic_prototype
Tamil Nadu,NAMAKKAL,2020,Rabi,438.4777777777779,25.152302552862903,Low,950.38,1003.54,1.056,Mustard,synthetic_prototype
Tamil Nadu,NAMAKKAL,2020,Rabi,438.4777777777779,25.152302552862903,Low,2851.56,14581.92,5.114,Rice,synthetic_prototype
Tamil Nadu,NAMAKKAL,2020,Rabi,438.4777777777779,25.152302552862903,Low,7566.31,39438.92,5.212,Maize,synthetic_prototype
Tamil Nadu,NAMAKKAL,2020,Rabi,438.4777777777779,25.152302552862903,Low,4282.64,4894.07,1.143,Pulses,synthetic_prototype
Tamil Nadu,NAMAKKAL,2020,Summer,134.12307692307692,25.152302552862903,Low,3238.64,5838.7,1.803,Groundnut,synthetic_prototype
Tamil Nadu,NAMAKKAL,2020,Summer,134.12307692307692,25.152302552862903,Low,2243.11,8054.0,3.591,Maize,synthetic_prototype
Tamil Nadu,NAMAKKAL,2020,Summer,134.12307692307692,25.152302552862903,Low,1620.61,7484.38,4.618,Rice,synthetic_prototype
Tamil Nadu,PERAMBALUR,2020,Kharif,330.9059829059829,32.95149883487903,High,7012.69,32165.57,4.587,Rice,synthetic_prototype
Tamil Nadu,PERAMBALUR,2020,Kharif,330.9059829059829,32.95149883487903,High,1803.05,3531.92,1.959,Cotton,synthetic_prototype
Tamil Nadu,PERAMBALUR,2020,Kharif,330.9059829059829,32.95149883487903,High,3722.35,10518.87,2.826,Millet,synthetic_prototype
Tamil Nadu,PERAMBALUR,2020,Kharif,330.9059829059829,32.95149883487903,High,3710.47,8696.23,2.344,Groundnut,synthetic_prototype
Tamil Nadu,PERAMBALUR,2020,Rabi,438.4777777777779,32.95149883487903,High,853.1,968.79,1.136,Mustard,synthetic_prototype
Tamil Nadu,PERAMBALUR,2020,Rabi,438.4777777777779,32.95149883487903,High,5785.69,28474.88,4.922,Rice,synthetic_prototype
Tamil Nadu,PERAMBALUR,2020,Rabi,438.4777777777779,32.95149883487903,High,3199.56,5230.8,1.635,Groundnut,synthetic_prototype
Tamil Nadu,PERAMBALUR,2020,Rabi,438.4777777777779,32.95149883487903,High,1515.24,1602.04,1.057,Pulses,synthetic_prototype
Tamil Nadu,PERAMBALUR,2020,Summer,134.12307692307692,32.95149883487903,High,1257.63,26059.15,20.721,Watermelon,synthetic_prototype
Tamil Nadu,PERAMBALUR,2020,Summer,134.12307692307692,32.95149883487903,High,3841.81,7010.77,1.825,Groundnut,synthetic_prototype
Tamil Nadu,PERAMBALUR,2020,Summer,134.12307692307692,32.95149883487903,High,5421.83,20975.94,3.869,Maize,synthetic_prototype
Tamil Nadu,PUDUKKOTTAI,2020,Kharif,330.9059829059829,23.147286031048385,Low,4237.75,8587.4,2.026,Groundnut,synthetic_prototype
Tamil Nadu,PUDUKKOTTAI,2020,Kharif,330.9059829059829,23.147286031048385,Low,3391.2,5403.35,1.593,Cotton,synthetic_prototype
Tamil Nadu,PUDUKKOTTAI,2020,Kharif,330.9059829059829,23.147286031048385,Low,16904.94,67351.54,3.984,Rice,synthetic_prototype
Tamil Nadu,PUDUKKOTTAI,2020,Kharif,330.9059829059829,23.147286031048385,Low,2077.34,3541.72,1.705,Soybean,synthetic_prototype
Tamil Nadu,PUDUKKOTTAI,2020,Rabi,438.4777777777779,23.147286031048385,Low,805.31,916.13,1.138,Mustard,synthetic_prototype
Tamil Nadu,PUDUKKOTTAI,2020,Rabi,438.4777777777779,23.147286031048385,Low,5578.41,9395.35,1.684,Groundnut,synthetic_prototype
Tamil Nadu,PUDUKKOTTAI,2020,Rabi,438.4777777777779,23.147286031048385,Low,1166.27,3465.55,2.971,Wheat,synthetic_prototype
Tamil Nadu,PUDUKKOTTAI,2020,Rabi,438.4777777777779,23.147286031048385,Low,3664.85,16277.47,4.442,Maize,synthetic_prototype
Tamil Nadu,PUDUKKOTTAI,2020,Summer,134.12307692307692,23.147286031048385,Low,1776.04,34566.46,19.463,Watermelon,synthetic_prototype
Tamil Nadu,PUDUKKOTTAI,2020,Summer,134.12307692307692,23.147286031048385,Low,5101.11,17278.54,3.387,Rice,synthetic_prototype
Tamil Nadu,PUDUKKOTTAI,2020,Summer,134.12307692307692,23.147286031048385,Low,3438.86,6230.56,1.812,Groundnut,synthetic_prototype
Tamil Nadu,RAMANATHAPURAM,2020,Kharif,330.9059829059829,28.9982593121,Medium,8848.04,18033.82,2.038,Groundnut,synthetic_prototype
Tamil Nadu,RAMANATHAPURAM,2020,Kharif,330.9059829059829,28.9982593121,Medium,3353.7,5948.74,1.774,Soybean,synthetic_prototype
Tamil Nadu,RAMANATHAPURAM,2020,Kharif,330.9059829059829,28.9982593121,Medium,3892.39,8999.44,2.312,Millet,synthetic_prototype
Tamil Nadu,RAMANATHAPURAM,2020,Kharif,330.9059829059829,28.9982593121,Medium,3751.06,7732.86,2.062,Cotton,synthetic_prototype
Tamil Nadu,RAMANATHAPURAM,2020,Rabi,438.4777777777779,28.9982593121,Medium,1974.02,2141.39,1.085,Pulses,synthetic_prototype
Tamil Nadu,RAMANATHAPURAM,2020,Rabi,438.4777777777779,28.9982593121,Medium,1850.29,4818.03,2.604,Wheat,synthetic_prototype
Tamil Nadu,RAMANATHAPURAM,2020,Rabi,438.4777777777779,28.9982593121,Medium,4244.82,20044.6,4.722,Maize,synthetic_prototype
Tamil Nadu,RAMANATHAPURAM,2020,Rabi,438.4777777777779,28.9982593121,Medium,1919.83,2442.93,1.272,Mustard,synthetic_prototype
Tamil Nadu,RAMANATHAPURAM,2020,Summer,134.12307692307692,28.9982593121,Medium,5578.57,17883.44,3.206,Rice,synthetic_prototype
Tamil Nadu,RAMANATHAPURAM,2020,Summer,134.12307692307692,28.9982593121,Medium,1314.73,26979.74,20.521,Watermelon,synthetic_prototype
Tamil Nadu,RAMANATHAPURAM,2020,Summer,134.12307692307692,28.9982593121,Medium,4653.39,23121.42,4.969,Maize,synthetic_prototype
Tamil Nadu,RANIPET,2020,Kharif,330.9059829059829,,Unknown,2858.07,12766.82,4.467,Maize,synthetic_prototype
Tamil Nadu,RANIPET,2020,Kharif,330.9059829059829,,Unknown,2847.58,6098.16,2.142,Groundnut,synthetic_prototype
Tamil Nadu,RANIPET,2020,Kharif,330.9059829059829,,Unknown,6782.15,31444.58,4.636,Rice,synthetic_prototype
Tamil Nadu,RANIPET,2020,Kharif,330.9059829059829,,Unknown,1997.5,4568.3,2.287,Soybean,synthetic_prototype
Tamil Nadu,RANIPET,2020,Rabi,438.4777777777779,,Unknown,2357.07,3474.28,1.474,Mustard,synthetic_prototype
Tamil Nadu,RANIPET,2020,Rabi,438.4777777777779,,Unknown,5024.73,19732.81,3.927,Maize,synthetic_prototype
Tamil Nadu,RANIPET,2020,Rabi,438.4777777777779,,Unknown,3122.49,15597.15,4.995,Rice,synthetic_prototype
Tamil Nadu,RANIPET,2020,Rabi,438.4777777777779,,Unknown,2679.28,2724.07,1.017,Pulses,synthetic_prototype
Tamil Nadu,RANIPET,2020,Summer,134.12307692307692,,Unknown,1268.95,2221.8,1.751,Groundnut,synthetic_prototype
Tamil Nadu,RANIPET,2020,Summer,134.12307692307692,,Unknown,851.47,14438.84,16.957,Watermelon,synthetic_prototype
Tamil Nadu,RANIPET,2020,Summer,134.12307692307692,,Unknown,1531.12,5638.71,3.683,Maize,synthetic_prototype
Tamil Nadu,SALEM,2020,Kharif,330.9059829059829,26.934064780120966,Low,4024.48,7052.85,1.752,Soybean,synthetic_prototype
Tamil Nadu,SALEM,2020,Kharif,330.9059829059829,26.934064780120966,Low,4578.36,9048.6,1.976,Cotton,synthetic_prototype
Tamil Nadu,SALEM,2020,Kharif,330.9059829059829,26.934064780120966,Low,3708.39,18811.38,5.073,Maize,synthetic_prototype
Tamil Nadu,SALEM,2020,Kharif,330.9059829059829,26.934064780120966,Low,4539.38,11042.55,2.433,Millet,synthetic_prototype
Tamil Nadu,SALEM,2020,Rabi,438.4777777777779,26.934064780120966,Low,10822.32,45855.44,4.237,Rice,synthetic_prototype
Tamil Nadu,SALEM,2020,Rabi,438.4777777777779,26.934064780120966,Low,2862.55,5085.36,1.777,Groundnut,synthetic_prototype
Tamil Nadu,SALEM,2020,Rabi,438.4777777777779,26.934064780120966,Low,532.76,1638.16,3.075,Wheat,synthetic_prototype
Tamil Nadu,SALEM,2020,Rabi,438.4777777777779,26.934064780120966,Low,4034.7,14685.13,3.64,Maize,synthetic_prototype
Tamil Nadu,SALEM,2020,Summer,134.12307692307692,26.934064780120966,Low,3758.43,7151.06,1.903,Groundnut,synthetic_prototype
Tamil Nadu,SALEM,2020,Summer,134.12307692307692,26.934064780120966,Low,6386.63,21559.04,3.376,Rice,synthetic_prototype
Tamil Nadu,SALEM,2020,Summer,134.12307692307692,26.934064780120966,Low,4539.75,17329.44,3.817,Maize,synthetic_prototype
Tamil Nadu,SIVAGANGA,2020,Kharif,330.9059829059829,27.401053718064517,Medium,1410.72,2874.83,2.038,Groundnut,synthetic_prototype
Tamil Nadu,SIVAGANGA,2020,Kharif,330.9059829059829,27.401053718064517,Medium,6390.12,33189.54,5.194,Maize,synthetic_prototype
Tamil Nadu,SIVAGANGA,2020,Kharif,330.9059829059829,27.401053718064517,Medium,5381.78,22068.19,4.101,Rice,synthetic_prototype
Tamil Nadu,SIVAGANGA,2020,Kharif,330.9059829059829,27.401053718064517,Medium,1442.62,2876.58,1.994,Millet,synthetic_prototype
Tamil Nadu,SIVAGANGA,2020,Rabi,438.4777777777779,27.401053718064517,Medium,2898.25,5862.2,2.023,Groundnut,synthetic_prototype
Tamil Nadu,SIVAGANGA,2020,Rabi,438.4777777777779,27.401053718064517,Medium,532.14,546.74,1.027,Mustard,synthetic_prototype
Tamil Nadu,SIVAGANGA,2020,Rabi,438.4777777777779,27.401053718064517,Medium,2086.1,1860.17,0.892,Pulses,synthetic_prototype
Tamil Nadu,SIVAGANGA,2020,Rabi,438.4777777777779,27.401053718064517,Medium,4719.74,22334.17,4.732,Rice,synthetic_prototype
Tamil Nadu,SIVAGANGA,2020,Summer,134.12307692307692,27.401053718064517,Medium,1314.82,2578.31,1.961,Millet,synthetic_prototype
Tamil Nadu,SIVAGANGA,2020,Summer,134.12307692307692,27.401053718064517,Medium,2936.1,5299.64,1.805,Groundnut,synthetic_prototype
Tamil Nadu,SIVAGANGA,2020,Summer,134.12307692307692,27.401053718064517,Medium,1096.37,21638.43,19.736,Watermelon,synthetic_prototype
Tamil Nadu,TENKASI,2020,Kharif,330.9059829059829,,Unknown,2608.86,5534.71,2.122,Cotton,synthetic_prototype
Tamil Nadu,TENKASI,2020,Kharif,330.9059829059829,,Unknown,1610.68,3124.98,1.94,Millet,synthetic_prototype
Tamil Nadu,TENKASI,2020,Kharif,330.9059829059829,,Unknown,3170.44,5830.94,1.839,Soybean,synthetic_prototype
Tamil Nadu,TENKASI,2020,Kharif,330.9059829059829,,Unknown,5000.2,12124.75,2.425,Groundnut,synthetic_prototype
Tamil Nadu,TENKASI,2020,Rabi,438.4777777777779,,Unknown,1316.63,1525.99,1.159,Mustard,synthetic_prototype
Tamil Nadu,TENKASI,2020,Rabi,438.4777777777779,,Unknown,1977.47,1712.91,0.866,Pulses,synthetic_prototype
Tamil Nadu,TENKASI,2020,Rabi,438.4777777777779,,Unknown,6011.22,24548.18,4.084,Maize,synthetic_prototype
Tamil Nadu,TENKASI,2020,Rabi,438.4777777777779,,Unknown,6527.96,32707.85,5.01,Rice,synthetic_prototype
Tamil Nadu,TENKASI,2020,Summer,134.12307692307692,,Unknown,1119.81,1867.35,1.668,Groundnut,synthetic_prototype
Tamil Nadu,TENKASI,2020,Summer,134.12307692307692,,Unknown,847.87,1444.96,1.704,Millet,synthetic_prototype
Tamil Nadu,TENKASI,2020,Summer,134.12307692307692,,Unknown,391.72,6729.94,17.18,Watermelon,synthetic_prototype
Tamil Nadu,THANJAVUR,2020,Kharif,330.9059829059829,28.445014925161292,Medium,790.25,1595.92,2.019,Soybean,synthetic_prototype
Tamil Nadu,THANJAVUR,2020,Kharif,330.9059829059829,28.445014925161292,Medium,6141.55,11811.89,1.923,Cotton,synthetic_prototype
Tamil Nadu,THANJAVUR,2020,Kharif,330.9059829059829,28.445014925161292,Medium,3467.83,15171.27,4.375,Rice,synthetic_prototype
Tamil Nadu,THANJAVUR,2020,Kharif,330.9059829059829,28.445014925161292,Medium,4095.25,7403.92,1.808,Groundnut,synthetic_prototype
Tamil Nadu,THANJAVUR,2020,Rabi,438.4777777777779,28.445014925161292,Medium,358.13,1053.42,2.941,Wheat,synthetic_prototype
Tamil Nadu,THANJAVUR,2020,Rabi,438.4777777777779,28.445014925161292,Medium,3436.99,16141.97,4.697,Rice,synthetic_prototype
Tamil Nadu,THANJAVUR,2020,Rabi,438.4777777777779,28.445014925161292,Medium,1437.78,1794.69,1.248,Mustard,synthetic_prototype
Tamil Nadu,THANJAVUR,2020,Rabi,438.4777777777779,28.445014925161292,Medium,3407.89,6107.02,1.792,Groundnut,synthetic_prototype
Tamil Nadu,THANJAVUR,2020,Summer,134.12307692307692,28.445014925161292,Medium,826.45,3218.98,3.895,Maize,synthetic_prototype
Tamil Nadu,THANJAVUR,2020,Summer,134.12307692307692,28.445014925161292,Medium,2108.25,6505.88,3.086,Rice,synthetic_prototype
Tamil Nadu,THANJAVUR,2020,Summer,134.12307692307692,28.445014925161292,Medium,1742.06,3229.84,1.854,Millet,synthetic_prototype
Tamil Nadu,THE NILGIRIS,2020,Kharif,330.9059829059829,35.84706918911291,High,2906.75,16628.64,5.721,Maize,synthetic_prototype
Tamil Nadu,THE NILGIRIS,2020,Kharif,330.9059829059829,35.84706918911291,High,2288.9,4736.44,2.069,Soybean,synthetic_prototype
Tamil Nadu,THE NILGIRIS,2020,Kharif,330.9059829059829,35.84706918911291,High,3614.23,6045.57,1.673,Cotton,synthetic_prototype
Tamil Nadu,THE NILGIRIS,2020,Kharif,330.9059829059829,35.84706918911291,High,2949.0,5005.83,1.697,Groundnut,synthetic_prototype
Tamil Nadu,THE NILGIRIS,2020,Rabi,438.4777777777779,35.84706918911291,High,1519.04,4076.19,2.683,Wheat,synthetic_prototype
Tamil Nadu,THE NILGIRIS,2020,Rabi,438.4777777777779,35.84706918911291,High,1960.97,10079.94,5.14,Maize,synthetic_prototype
Tamil Nadu,THE NILGIRIS,2020,Rabi,438.4777777777779,35.84706918911291,High,3932.21,8191.8,2.083,Groundnut,synthetic_prototype
Tamil Nadu,THE NILGIRIS,2020,Rabi,438.4777777777779,35.84706918911291,High,1646.27,1819.69,1.105,Pulses,synthetic_prototype
Tamil Nadu,THE NILGIRIS,2020,Summer,134.12307692307692,35.84706918911291,High,3481.88,6295.93,1.808,Groundnut,synthetic_prototype
Tamil Nadu,THE NILGIRIS,2020,Summer,134.12307692307692,35.84706918911291,High,2694.71,12543.03,4.655,Maize,synthetic_prototype
Tamil Nadu,THE NILGIRIS,2020,Summer,134.12307692307692,35.84706918911291,High,1724.36,33442.75,19.394,Watermelon,synthetic_prototype
Tamil Nadu,THENI,2020,Kharif,330.9059829059829,34.932106377692,High,7775.78,31151.78,4.006,Maize,synthetic_prototype
Tamil Nadu,THENI,2020,Kharif,330.9059829059829,34.932106377692,High,1238.2,2006.45,1.62,Soybean,synthetic_prototype
Tamil Nadu,THENI,2020,Kharif,330.9059829059829,34.932106377692,High,1909.64,3068.34,1.607,Cotton,synthetic_prototype
Tamil Nadu,THENI,2020,Kharif,330.9059829059829,34.932106377692,High,4874.18,11633.55,2.387,Groundnut,synthetic_prototype
Tamil Nadu,THENI,2020,Rabi,438.4777777777779,34.932106377692,High,1736.58,5014.54,2.888,Wheat,synthetic_prototype
Tamil Nadu,THENI,2020,Rabi,438.4777777777779,34.932106377692,High,8945.65,32660.91,3.651,Rice,synthetic_prototype
Tamil Nadu,THENI,2020,Rabi,438.4777777777779,34.932106377692,High,6026.37,27355.53,4.539,Maize,synthetic_prototype
Tamil Nadu,THENI,2020,Rabi,438.4777777777779,34.932106377692,High,4098.72,8218.15,2.005,Groundnut,synthetic_prototype
Tamil Nadu,THENI,2020,Summer,134.12307692307692,34.932106377692,High,5103.15,20726.49,4.062,Rice,synthetic_prototype
Tamil Nadu,THENI,2020,Summer,134.12307692307692,34.932106377692,High,3320.24,12622.55,3.802,Maize,synthetic_prototype
Tamil Nadu,THENI,2020,Summer,134.12307692307692,34.932106377692,High,1005.68,17801.23,17.701,Watermelon,synthetic_prototype
Tamil Nadu,THOOTHUKUDI,2020,Kharif,330.9059829059829,,Unknown,10617.59,34986.85,3.295,Rice,synthetic_prototype
Tamil Nadu,THOOTHUKUDI,2020,Kharif,330.9059829059829,,Unknown,1790.64,2801.01,1.564,Cotton,synthetic_prototype
Tamil Nadu,THOOTHUKUDI,2020,Kharif,330.9059829059829,,Unknown,6030.1,34696.67,5.754,Maize,synthetic_prototype
Tamil Nadu,THOOTHUKUDI,2020,Kharif,330.9059829059829,,Unknown,1670.6,4463.43,2.672,Millet,synthetic_prototype
Tamil Nadu,THOOTHUKUDI,2020,Rabi,438.4777777777779,,Unknown,2665.76,4656.43,1.747,Groundnut,synthetic_prototype
Tamil Nadu,THOOTHUKUDI,2020,Rabi,438.4777777777779,,Unknown,3879.24,3712.46,0.957,Pulses,synthetic_prototype
Tamil Nadu,THOOTHUKUDI,2020,Rabi,438.4777777777779,,Unknown,5706.1,25436.9,4.458,Rice,synthetic_prototype
Tamil Nadu,THOOTHUKUDI,2020,Rabi,438.4777777777779,,Unknown,608.49,1527.25,2.51,Wheat,synthetic_prototype
Tamil Nadu,THOOTHUKUDI,2020,Summer,134.12307692307692,,Unknown,2077.19,4155.8,2.001,Groundnut,synthetic_prototype
Tamil Nadu,THOOTHUKUDI,2020,Summer,134.12307692307692,,Unknown,3273.72,10381.15,3.171,Rice,synthetic_prototype
Tamil Nadu,THOOTHUKUDI,2020,Summer,134.12307692307692,,Unknown,2207.27,5275.01,2.39,Millet,synthetic_prototype
Tamil Nadu,TIRUCHIRAPPALLI,2020,Kharif,330.9059829059829,26.180574092419352,Low,2664.85,4221.51,1.584,Soybean,synthetic_prototype
Tamil Nadu,TIRUCHIRAPPALLI,2020,Kharif,330.9059829059829,26.180574092419352,Low,3043.07,7524.21,2.473,Millet,synthetic_prototype
Tamil Nadu,TIRUCHIRAPPALLI,2020,Kharif,330.9059829059829,26.180574092419352,Low,3435.75,5990.48,1.744,Groundnut,synthetic_prototype
Tamil Nadu,TIRUCHIRAPPALLI,2020,Kharif,330.9059829059829,26.180574092419352,Low,8387.0,48042.14,5.728,Maize,synthetic_prototype
Tamil Nadu,TIRUCHIRAPPALLI,2020,Rabi,438.4777777777779,26.180574092419352,Low,3098.24,11972.27,3.864,Maize,synthetic_prototype
Tamil Nadu,TIRUCHIRAPPALLI,2020,Rabi,438.4777777777779,26.180574092419352,Low,573.86,1269.72,2.213,Wheat,synthetic_prototype
Tamil Nadu,TIRUCHIRAPPALLI,2020,Rabi,438.4777777777779,26.180574092419352,Low,2398.16,4627.02,1.929,Groundnut,synthetic_prototype
Tamil Nadu,TIRUCHIRAPPALLI,2020,Rabi,438.4777777777779,26.180574092419352,Low,8748.12,32406.77,3.704,Rice,synthetic_prototype
Tamil Nadu,TIRUCHIRAPPALLI,2020,Summer,134.12307692307692,26.180574092419352,Low,3988.79,16094.42,4.035,Rice,synthetic_prototype
Tamil Nadu,TIRUCHIRAPPALLI,2020,Summer,134.12307692307692,26.180574092419352,Low,2433.8,3693.95,1.518,Groundnut,synthetic_prototype
Tamil Nadu,TIRUCHIRAPPALLI,2020,Summer,134.12307692307692,26.180574092419352,Low,1359.43,27590.77,20.296,Watermelon,synthetic_prototype
Tamil Nadu,TIRUNELVELI,2020,Kharif,330.9059829059829,27.362339060924,Low,2380.45,5952.3,2.5,Millet,synthetic_prototype
Tamil Nadu,TIRUNELVELI,2020,Kharif,330.9059829059829,27.362339060924,Low,1264.02,3058.02,2.419,Groundnut,synthetic_prototype
Tamil Nadu,TIRUNELVELI,2020,Kharif,330.9059829059829,27.362339060924,Low,8114.74,38208.91,4.709,Maize,synthetic_prototype
Tamil Nadu,TIRUNELVELI,2020,Kharif,330.9059829059829,27.362339060924,Low,1395.72,2881.75,2.065,Cotton,synthetic_prototype
Tamil Nadu,TIRUNELVELI,2020,Rabi,438.4777777777779,27.362339060924,Low,1268.61,2885.11,2.274,Groundnut,synthetic_prototype
Tamil Nadu,TIRUNELVELI,2020,Rabi,438.4777777777779,27.362339060924,Low,15137.56,74075.6,4.893,Rice,synthetic_prototype
Tamil Nadu,TIRUNELVELI,2020,Rabi,438.4777777777779,27.362339060924,Low,1096.17,981.65,0.896,Pulses,synthetic_prototype
Tamil Nadu,TIRUNELVELI,2020,Rabi,438.4777777777779,27.362339060924,Low,1113.99,1233.56,1.107,Mustard,synthetic_prototype
Tamil Nadu,TIRUNELVELI,2020,Summer,134.12307692307692,27.362339060924,Low,2481.08,5439.23,2.192,Groundnut,synthetic_prototype
Tamil Nadu,TIRUNELVELI,2020,Summer,134.12307692307692,27.362339060924,Low,1538.33,25375.66,16.496,Watermelon,synthetic_prototype
Tamil Nadu,TIRUNELVELI,2020,Summer,134.12307692307692,27.362339060924,Low,6356.15,22111.87,3.479,Rice,synthetic_prototype
Tamil Nadu,TIRUPATHUR,2020,Kharif,330.9059829059829,,Unknown,987.45,1529.39,1.549,Soybean,synthetic_prototype
Tamil Nadu,TIRUPATHUR,2020,Kharif,330.9059829059829,,Unknown,2815.22,5882.54,2.09,Cotton,synthetic_prototype
Tamil Nadu,TIRUPATHUR,2020,Kharif,330.9059829059829,,Unknown,5025.73,9782.04,1.946,Millet,synthetic_prototype
Tamil Nadu,TIRUPATHUR,2020,Kharif,330.9059829059829,,Unknown,9338.1,40169.64,4.302,Maize,synthetic_prototype
Tamil Nadu,TIRUPATHUR,2020,Rabi,438.4777777777779,,Unknown,2450.29,2685.54,1.096,Mustard,synthetic_prototype
Tamil Nadu,TIRUPATHUR,2020,Rabi,438.4777777777779,,Unknown,4762.04,25255.37,5.303,Maize,synthetic_prototype
Tamil Nadu,TIRUPATHUR,2020,Rabi,438.4777777777779,,Unknown,413.93,1130.44,2.731,Wheat,synthetic_prototype
Tamil Nadu,TIRUPATHUR,2020,Rabi,438.4777777777779,,Unknown,6137.15,22970.35,3.743,Rice,synthetic_prototype
Tamil Nadu,TIRUPATHUR,2020,Summer,134.12307692307692,,Unknown,3281.24,12658.8,3.858,Rice,synthetic_prototype
Tamil Nadu,TIRUPATHUR,2020,Summer,134.12307692307692,,Unknown,1753.17,35028.84,19.98,Watermelon,synthetic_prototype
Tamil Nadu,TIRUPATHUR,2020,Summer,134.12307692307692,,Unknown,5131.91,17670.56,3.443,Maize,synthetic_prototype
Tamil Nadu,TIRUPPUR,2020,Kharif,330.9059829059829,26.49042549164,Low,3862.51,6219.05,1.61,Soybean,synthetic_prototype
Tamil Nadu,TIRUPPUR,2020,Kharif,330.9059829059829,26.49042549164,Low,3993.32,7643.16,1.914,Cotton,synthetic_prototype
Tamil Nadu,TIRUPPUR,2020,Kharif,330.9059829059829,26.49042549164,Low,10117.99,36711.21,3.628,Rice,synthetic_prototype
Tamil Nadu,TIRUPPUR,2020,Kharif,330.9059829059829,26.49042549164,Low,3993.96,22405.98,5.61,Maize,synthetic_prototype
Tamil Nadu,TIRUPPUR,2020,Rabi,438.4777777777779,26.49042549164,Low,3996.46,3733.22,0.934,Pulses,synthetic_prototype
Tamil Nadu,TIRUPPUR,2020,Rabi,438.4777777777779,26.49042549164,Low,947.07,1376.12,1.453,Mustard,synthetic_prototype
Tamil Nadu,TIRUPPUR,2020,Rabi,438.4777777777779,26.49042549164,Low,12966.37,65450.35,5.048,Rice,synthetic_prototype
Tamil Nadu,TIRUPPUR,2020,Rabi,438.4777777777779,26.49042549164,Low,2147.06,5945.66,2.769,Wheat,synthetic_prototype
Tamil Nadu,TIRUPPUR,2020,Summer,134.12307692307692,26.49042549164,Low,1358.97,2473.44,1.82,Millet,synthetic_prototype
Tamil Nadu,TIRUPPUR,2020,Summer,134.12307692307692,26.49042549164,Low,398.22,8216.93,20.634,Watermelon,synthetic_prototype
Tamil Nadu,TIRUPPUR,2020,Summer,134.12307692307692,26.49042549164,Low,6328.12,26798.5,4.235,Rice,synthetic_prototype
Tamil Nadu,TIRUVALLUR,2020,Kharif,330.9059829059829,,Unknown,1454.76,3182.49,2.188,Cotton,synthetic_prototype
Tamil Nadu,TIRUVALLUR,2020,Kharif,330.9059829059829,,Unknown,4525.63,11396.96,2.518,Millet,synthetic_prototype
Tamil Nadu,TIRUVALLUR,2020,Kharif,330.9059829059829,,Unknown,10108.34,33168.32,3.281,Rice,synthetic_prototype
Tamil Nadu,TIRUVALLUR,2020,Kharif,330.9059829059829,,Unknown,3109.75,12795.12,4.115,Maize,synthetic_prototype
Tamil Nadu,TIRUVALLUR,2020,Rabi,438.4777777777779,,Unknown,1396.25,1535.08,1.099,Mustard,synthetic_prototype
Tamil Nadu,TIRUVALLUR,2020,Rabi,438.4777777777779,,Unknown,596.38,1297.47,2.176,Wheat,synthetic_prototype
Tamil Nadu,TIRUVALLUR,2020,Rabi,438.4777777777779,,Unknown,5866.87,27917.82,4.759,Rice,synthetic_prototype
Tamil Nadu,TIRUVALLUR,2020,Rabi,438.4777777777779,,Unknown,9645.09,36116.02,3.745,Maize,synthetic_prototype
Tamil Nadu,TIRUVALLUR,2020,Summer,134.12307692307692,,Unknown,7954.24,29782.75,3.744,Rice,synthetic_prototype
Tamil Nadu,TIRUVALLUR,2020,Summer,134.12307692307692,,Unknown,4477.8,21457.03,4.792,Maize,synthetic_prototype
Tamil Nadu,TIRUVALLUR,2020,Summer,134.12307692307692,,Unknown,2958.71,6371.08,2.153,Groundnut,synthetic_prototype
Tamil Nadu,TIRUVANNAMALAI,2020,Kharif,330.9059829059829,30.938669521370965,High,4702.04,18515.59,3.938,Maize,synthetic_prototype
Tamil Nadu,TIRUVANNAMALAI,2020,Kharif,330.9059829059829,30.938669521370965,High,4828.08,8473.86,1.755,Cotton,synthetic_prototype
Tamil Nadu,TIRUVANNAMALAI,2020,Kharif,330.9059829059829,30.938669521370965,High,4497.3,9163.06,2.037,Groundnut,synthetic_prototype
Tamil Nadu,TIRUVANNAMALAI,2020,Kharif,330.9059829059829,30.938669521370965,High,6549.05,24300.96,3.711,Rice,synthetic_prototype
Tamil Nadu,TIRUVANNAMALAI,2020,Rabi,438.4777777777779,30.938669521370965,High,1136.8,1170.8,1.03,Mustard,synthetic_prototype
Tamil Nadu,TIRUVANNAMALAI,2020,Rabi,438.4777777777779,30.938669521370965,High,5207.99,25573.47,4.91,Rice,synthetic_prototype
Tamil Nadu,TIRUVANNAMALAI,2020,Rabi,438.4777777777779,30.938669521370965,High,1078.48,2460.6,2.282,Wheat,synthetic_prototype
Tamil Nadu,TIRUVANNAMALAI,2020,Rabi,438.4777777777779,30.938669521370965,High,3991.04,4564.09,1.144,Pulses,synthetic_prototype
Tamil Nadu,TIRUVANNAMALAI,2020,Summer,134.12307692307692,30.938669521370965,High,2410.66,9631.34,3.995,Rice,synthetic_prototype
Tamil Nadu,TIRUVANNAMALAI,2020,Summer,134.12307692307692,30.938669521370965,High,1834.94,3299.95,1.798,Groundnut,synthetic_prototype
Tamil Nadu,TIRUVANNAMALAI,2020,Summer,134.12307692307692,30.938669521370965,High,1052.2,2594.93,2.466,Millet,synthetic_prototype
Tamil Nadu,TIRUVARUR,2020,Kharif,330.9059829059829,,Unknown,3228.33,7077.29,2.192,Groundnut,synthetic_prototype
Tamil Nadu,TIRUVARUR,2020,Kharif,330.9059829059829,,Unknown,2826.58,5693.96,2.014,Soybean,synthetic_prototype
Tamil Nadu,TIRUVARUR,2020,Kharif,330.9059829059829,,Unknown,1540.41,2306.68,1.497,Cotton,synthetic_prototype
Tamil Nadu,TIRUVARUR,2020,Kharif,330.9059829059829,,Unknown,1291.86,3575.78,2.768,Millet,synthetic_prototype
Tamil Nadu,TIRUVARUR,2020,Rabi,438.4777777777779,,Unknown,2340.39,4997.12,2.135,Groundnut,synthetic_prototype
Tamil Nadu,TIRUVARUR,2020,Rabi,438.4777777777779,,Unknown,3708.8,14233.22,3.838,Maize,synthetic_prototype
Tamil Nadu,TIRUVARUR,2020,Rabi,438.4777777777779,,Unknown,2759.51,12557.62,4.551,Rice,synthetic_prototype
Tamil Nadu,TIRUVARUR,2020,Rabi,438.4777777777779,,Unknown,1584.57,1919.15,1.211,Pulses,synthetic_prototype
Tamil Nadu,TIRUVARUR,2020,Summer,134.12307692307692,,Unknown,606.04,10413.89,17.183,Watermelon,synthetic_prototype
Tamil Nadu,TIRUVARUR,2020,Summer,134.12307692307692,,Unknown,1567.1,6913.15,4.411,Maize,synthetic_prototype
Tamil Nadu,TIRUVARUR,2020,Summer,134.12307692307692,,Unknown,1184.02,2272.54,1.919,Groundnut,synthetic_prototype
Tamil Nadu,VELLORE,2020,Kharif,330.9059829059829,28.828871023427418,Medium,687.04,1136.71,1.655,Soybean,synthetic_prototype
Tamil Nadu,VELLORE,2020,Kharif,330.9059829059829,28.828871023427418,Medium,1254.81,2645.18,2.108,Groundnut,synthetic_prototype
Tamil Nadu,VELLORE,2020,Kharif,330.9059829059829,28.828871023427418,Medium,1834.06,2833.73,1.545,Cotton,synthetic_prototype
Tamil Nadu,VELLORE,2020,Kharif,330.9059829059829,28.828871023427418,Medium,10785.88,39903.45,3.7,Rice,synthetic_prototype
Tamil Nadu,VELLORE,2020,Rabi,438.4777777777779,28.828871023427418,Medium,8510.53,33954.79,3.99,Rice,synthetic_prototype
Tamil Nadu,VELLORE,2020,Rabi,438.4777777777779,28.828871023427418,Medium,3033.48,11367.3,3.747,Maize,synthetic_prototype
Tamil Nadu,VELLORE,2020,Rabi,438.4777777777779,28.828871023427418,Medium,2797.72,4947.02,1.768,Groundnut,synthetic_prototype
Tamil Nadu,VELLORE,2020,Rabi,438.4777777777779,28.828871023427418,Medium,613.07,1505.47,2.456,Wheat,synthetic_prototype
Tamil Nadu,VELLORE,2020,Summer,134.12307692307692,28.828871023427418,Medium,3128.31,11195.36,3.579,Maize,synthetic_prototype
Tamil Nadu,VELLORE,2020,Summer,134.12307692307692,28.828871023427418,Medium,4693.1,21623.17,4.607,Rice,synthetic_prototype
Tamil Nadu,VELLORE,2020,Summer,134.12307692307692,28.828871023427418,Medium,1955.78,4203.93,2.149,Groundnut,synthetic_prototype
Tamil Nadu,VILUPPURAM,2020,Kharif,330.9059829059829,29.779336412338708,High,5742.86,24397.95,4.248,Rice,synthetic_prototype
Tamil Nadu,VILUPPURAM,2020,Kharif,330.9059829059829,29.779336412338708,High,8108.32,39025.78,4.813,Maize,synthetic_prototype
Tamil Nadu,VILUPPURAM,2020,Kharif,330.9059829059829,29.779336412338708,High,3845.75,10410.03,2.707,Millet,synthetic_prototype
Tamil Nadu,VILUPPURAM,2020,Kharif,330.9059829059829,29.779336412338708,High,4248.27,7129.03,1.678,Cotton,synthetic_prototype
Tamil Nadu,VILUPPURAM,2020,Rabi,438.4777777777779,29.779336412338708,High,3845.61,19849.55,5.162,Maize,synthetic_prototype
Tamil Nadu,VILUPPURAM,2020,Rabi,438.4777777777779,29.779336412338708,High,2373.68,2872.41,1.21,Mustard,synthetic_prototype
Tamil Nadu,VILUPPURAM,2020,Rabi,438.4777777777779,29.779336412338708,High,2488.37,5061.46,2.034,Groundnut,synthetic_prototype
Tamil Nadu,VILUPPURAM,2020,Rabi,438.4777777777779,29.779336412338708,High,728.46,704.99,0.968,Pulses,synthetic_prototype
Tamil Nadu,VILUPPURAM,2020,Summer,134.12307692307692,29.779336412338708,High,1782.48,3528.19,1.979,Millet,synthetic_prototype
Tamil Nadu,VILUPPURAM,2020,Summer,134.12307692307692,29.779336412338708,High,865.29,17777.88,20.546,Watermelon,synthetic_prototype
Tamil Nadu,VILUPPURAM,2020,Summer,134.12307692307692,29.779336412338708,High,2985.95,14356.4,4.808,Maize,synthetic_prototype
Tamil Nadu,VIRUDHUNAGAR,2020,Kharif,330.9059829059829,,Unknown,5265.63,29360.57,5.576,Maize,synthetic_prototype
Tamil Nadu,VIRUDHUNAGAR,2020,Kharif,330.9059829059829,,Unknown,3721.19,8388.91,2.254,Groundnut,synthetic_prototype
Tamil Nadu,VIRUDHUNAGAR,2020,Kharif,330.9059829059829,,Unknown,8397.8,38558.57,4.592,Rice,synthetic_prototype
Tamil Nadu,VIRUDHUNAGAR,2020,Kharif,330.9059829059829,,Unknown,2381.11,5314.99,2.232,Millet,synthetic_prototype
Tamil Nadu,VIRUDHUNAGAR,2020,Rabi,438.4777777777779,,Unknown,2355.94,2779.56,1.18,Mustard,synthetic_prototype
Tamil Nadu,VIRUDHUNAGAR,2020,Rabi,438.4777777777779,,Unknown,4893.76,7665.78,1.566,Groundnut,synthetic_prototype
Tamil Nadu,VIRUDHUNAGAR,2020,Rabi,438.4777777777779,,Unknown,7397.72,38108.22,5.151,Maize,synthetic_prototype
Tamil Nadu,VIRUDHUNAGAR,2020,Rabi,438.4777777777779,,Unknown,1267.99,3552.89,2.802,Wheat,synthetic_prototype
Tamil Nadu,VIRUDHUNAGAR,2020,Summer,134.12307692307692,,Unknown,1400.15,6834.57,4.881,Maize,synthetic_prototype
Tamil Nadu,VIRUDHUNAGAR,2020,Summer,134.12307692307692,,Unknown,3469.99,12323.94,3.552,Rice,synthetic_prototype
Tamil Nadu,VIRUDHUNAGAR,2020,Summer,134.12307692307692,,Unknown,874.95,14418.31,16.479,Watermelon,synthetic_prototype
Tamil Nadu,ARIYALUR,2021,Kharif,330.9059829059829,28.544388593024195,Medium,5612.54,9911.74,1.766,Groundnut,synthetic_prototype
Tamil Nadu,ARIYALUR,2021,Kharif,330.9059829059829,28.544388593024195,Medium,2142.61,4567.46,2.132,Cotton,synthetic_prototype
Tamil Nadu,ARIYALUR,2021,Kharif,330.9059829059829,28.544388593024195,Medium,1701.36,4598.8,2.703,Millet,synthetic_prototype
Tamil Nadu,ARIYALUR,2021,Kharif,330.9059829059829,28.544388593024195,Medium,968.19,1902.11,1.965,Soybean,synthetic_prototype
Tamil Nadu,ARIYALUR,2021,Rabi,438.4777777777779,28.544388593024195,Medium,3695.54,5782.82,1.565,Groundnut,synthetic_prototype
Tamil Nadu,ARIYALUR,2021,Rabi,438.4777777777779,28.544388593024195,Medium,6206.0,29541.84,4.76,Maize,synthetic_prototype
Tamil Nadu,ARIYALUR,2021,Rabi,438.4777777777779,28.544388593024195,Medium,988.95,868.99,0.879,Pulses,synthetic_prototype
Tamil Nadu,ARIYALUR,2021,Rabi,438.4777777777779,28.544388593024195,Medium,6879.44,27948.2,4.063,Rice,synthetic_prototype
Tamil Nadu,ARIYALUR,2021,Summer,134.12307692307692,28.544388593024195,Medium,1391.39,5441.35,3.911,Maize,synthetic_prototype
Tamil Nadu,ARIYALUR,2021,Summer,134.12307692307692,28.544388593024195,Medium,2245.09,7424.34,3.307,Rice,synthetic_prototype
Tamil Nadu,ARIYALUR,2021,Summer,134.12307692307692,28.544388593024195,Medium,401.92,5691.79,14.162,Watermelon,synthetic_prototype
Tamil Nadu,CHENGALPATTU,2021,Kharif,330.9059829059829,,Unknown,3243.31,7826.16,2.413,Groundnut,synthetic_prototype
Tamil Nadu,CHENGALPATTU,2021,Kharif,330.9059829059829,,Unknown,6571.38,27851.69,4.238,Maize,synthetic_prototype
Tamil Nadu,CHENGALPATTU,2021,Kharif,330.9059829059829,,Unknown,2553.72,4812.48,1.884,Cotton,synthetic_prototype
Tamil Nadu,CHENGALPATTU,2021,Kharif,330.9059829059829,,Unknown,2303.64,10966.4,4.76,Rice,synthetic_prototype
Tamil Nadu,CHENGALPATTU,2021,Rabi,438.4777777777779,,Unknown,818.49,2322.76,2.838,Wheat,synthetic_prototype
Tamil Nadu,CHENGALPATTU,2021,Rabi,438.4777777777779,,Unknown,4931.91,24427.8,4.953,Maize,synthetic_prototype
Tamil Nadu,CHENGALPATTU,2021,Rabi,438.4777777777779,,Unknown,2593.11,3137.46,1.21,Pulses,synthetic_prototype
Tamil Nadu,CHENGALPATTU,2021,Rabi,438.4777777777779,,Unknown,4136.98,8183.54,1.978,Groundnut,synthetic_prototype
Tamil Nadu,CHENGALPATTU,2021,Summer,134.12307692307692,,Unknown,734.93,1441.58,1.962,Groundnut,synthetic_prototype
Tamil Nadu,CHENGALPATTU,2021,Summer,134.12307692307692,,Unknown,2007.05,5080.86,2.532,Millet,synthetic_prototype
Tamil Nadu,CHENGALPATTU,2021,Summer,134.12307692307692,,Unknown,1962.13,6918.8,3.526,Rice,synthetic_prototype
Tamil Nadu,CHENNAI,2021,Kharif,330.9059829059829,21.27328608612097,Low,12918.41,51965.57,4.023,Rice,synthetic_prototype
Tamil Nadu,CHENNAI,2021,Kharif,330.9059829059829,21.27328608612097,Low,892.97,2049.36,2.295,Millet,synthetic_prototype
Tamil Nadu,CHENNAI,2021,Kharif,330.9059829059829,21.27328608612097,Low,1447.4,3128.14,2.161,Soybean,synthetic_prototype
Tamil Nadu,CHENNAI,2021,Kharif,330.9059829059829,21.27328608612097,Low,4355.08,17877.27,4.105,Maize,synthetic_prototype
Tamil Nadu,CHENNAI,2021,Rabi,438.4777777777779,21.27328608612097,Low,1614.96,4238.28,2.624,Wheat,synthetic_prototype
Tamil Nadu,CHENNAI,2021,Rabi,438.4777777777779,21.27328608612097,Low,2394.2,2619.71,1.094,Pulses,synthetic_prototype
Tamil Nadu,CHENNAI,2021,Rabi,438.4777777777779,21.27328608612097,Low,4809.79,8790.51,1.828,Groundnut,synthetic_prototype
Tamil Nadu,CHENNAI,2021,Rabi,438.4777777777779,21.27328608612097,Low,5806.25,29663.44,5.109,Maize,synthetic_prototype
Tamil Nadu,CHENNAI,2021,Summer,134.12307692307692,21.27328608612097,Low,1437.48,6764.15,4.706,Maize,synthetic_prototype
Tamil Nadu,CHENNAI,2021,Summer,134.12307692307692,21.27328608612097,Low,5055.1,16690.56,3.302,Rice,synthetic_prototype
Tamil Nadu,CHENNAI,2021,Summer,134.12307692307692,21.27328608612097,Low,1612.36,2904.88,1.802,Millet,synthetic_prototype
Tamil Nadu,COIMBATORE,2021,Kharif,330.9059829059829,29.7236860548,High,2348.86,4761.79,2.027,Soybean,synthetic_prototype
Tamil Nadu,COIMBATORE,2021,Kharif,330.9059829059829,29.7236860548,High,10616.09,46041.31,4.337,Rice,synthetic_prototype
Tamil Nadu,COIMBATORE,2021,Kharif,330.9059829059829,29.7236860548,High,919.31,1919.13,2.088,Millet,synthetic_prototype
Tamil Nadu,COIMBATORE,2021,Kharif,330.9059829059829,29.7236860548,High,4661.57,10738.48,2.304,Groundnut,synthetic_prototype
Tamil Nadu,COIMBATORE,2021,Rabi,438.4777777777779,29.7236860548,High,6200.87,23918.91,3.857,Rice,synthetic_prototype
Tamil Nadu,COIMBATORE,2021,Rabi,438.4777777777779,29.7236860548,High,3036.69,3351.83,1.104,Pulses,synthetic_prototype
Tamil Nadu,COIMBATORE,2021,Rabi,438.4777777777779,29.7236860548,High,5698.95,30778.11,5.401,Maize,synthetic_prototype
Tamil Nadu,COIMBATORE,2021,Rabi,438.4777777777779,29.7236860548,High,3565.16,6525.67,1.83,Groundnut,synthetic_prototype
Tamil Nadu,COIMBATORE,2021,Summer,134.12307692307692,29.7236860548,High,1680.94,24361.77,14.493,Watermelon,synthetic_prototype
Tamil Nadu,COIMBATORE,2021,Summer,134.12307692307692,29.7236860548,High,4627.56,15904.79,3.437,Maize,synthetic_prototype
Tamil Nadu,COIMBATORE,2021,Summer,134.12307692307692,29.7236860548,High,2543.91,3980.93,1.565,Groundnut,synthetic_prototype
Tamil Nadu,CUDDALORE,2021,Kharif,330.9059829059829,30.017899455080645,High,3925.26,9217.65,2.348,Millet,synthetic_prototype
Tamil Nadu,CUDDALORE,2021,Kharif,330.9059829059829,30.017899455080645,High,1543.02,2618.5,1.697,Soybean,synthetic_prototype
Tamil Nadu,CUDDALORE,2021,Kharif,330.9059829059829,30.017899455080645,High,1637.78,3454.2,2.109,Cotton,synthetic_prototype
Tamil Nadu,CUDDALORE,2021,Kharif,330.9059829059829,30.017899455080645,High,3959.5,17687.47,4.467,Maize,synthetic_prototype
Tamil Nadu,CUDDALORE,2021,Rabi,438.4777777777779,30.017899455080645,High,3277.66,7383.0,2.253,Groundnut,synthetic_prototype
Tamil Nadu,CUDDALORE,2021,Rabi,438.4777777777779,30.017899455080645,High,6336.81,24833.28,3.919,Maize,synthetic_prototype
Tamil Nadu,CUDDALORE,2021,Rabi,438.4777777777779,30.017899455080645,High,4271.02,21460.68,5.025,Rice,synthetic_prototype
Tamil Nadu,CUDDALORE,2021,Rabi,438.4777777777779,30.017899455080645,High,4708.97,5925.73,1.258,Pulses,synthetic_prototype
Tamil Nadu,CUDDALORE,2021,Summer,134.12307692307692,30.017899455080645,High,3781.44,13908.33,3.678,Rice,synthetic_prototype
Tamil Nadu,CUDDALORE,2021,Summer,134.12307692307692,30.017899455080645,High,1206.97,2307.99,1.912,Groundnut,synthetic_prototype
Tamil Nadu,CUDDALORE,2021,Summer,134.12307692307692,30.017899455080645,High,1287.97,22642.67,17.58,Watermelon,synthetic_prototype
Tamil Nadu,DHARMAPURI,2021,Kharif,330.9059829059829,28.06294488487903,Medium,6331.77,26117.91,4.125,Maize,synthetic_prototype
Tamil Nadu,DHARMAPURI,2021,Kharif,330.9059829059829,28.06294488487903,Medium,2187.3,3658.36,1.673,Soybean,synthetic_prototype
Tamil Nadu,DHARMAPURI,2021,Kharif,330.9059829059829,28.06294488487903,Medium,14257.15,69749.69,4.892,Rice,synthetic_prototype
Tamil Nadu,DHARMAPURI,2021,Kharif,330.9059829059829,28.06294488487903,Medium,5476.78,9331.44,1.704,Groundnut,synthetic_prototype
Tamil Nadu,DHARMAPURI,2021,Rabi,438.4777777777779,28.06294488487903,Medium,5571.43,26371.28,4.733,Maize,synthetic_prototype
Tamil Nadu,DHARMAPURI,2021,Rabi,438.4777777777779,28.06294488487903,Medium,2022.53,2602.14,1.287,Mustard,synthetic_prototype
Tamil Nadu,DHARMAPURI,2021,Rabi,438.4777777777779,28.06294488487903,Medium,1003.95,2278.02,2.269,Groundnut,synthetic_prototype
Tamil Nadu,DHARMAPURI,2021,Rabi,438.4777777777779,28.06294488487903,Medium,1279.6,3291.14,2.572,Wheat,synthetic_prototype
Tamil Nadu,DHARMAPURI,2021,Summer,134.12307692307692,28.06294488487903,Medium,3479.07,13769.59,3.958,Maize,synthetic_prototype
Tamil Nadu,DHARMAPURI,2021,Summer,134.12307692307692,28.06294488487903,Medium,1277.27,23599.57,18.477,Watermelon,synthetic_prototype
Tamil Nadu,DHARMAPURI,2021,Summer,134.12307692307692,28.06294488487903,Medium,4309.0,17874.22,4.148,Rice,synthetic_prototype
Tamil Nadu,DINDIGUL,2021,Kharif,330.9059829059829,28.69312810556,Medium,1430.67,3025.99,2.115,Cotton,synthetic_prototype
Tamil Nadu,DINDIGUL,2021,Kharif,330.9059829059829,28.69312810556,Medium,1218.49,2170.11,1.781,Soybean,synthetic_prototype
Tamil Nadu,DINDIGUL,2021,Kharif,330.9059829059829,28.69312810556,Medium,6099.47,25140.46,4.122,Maize,synthetic_prototype
Tamil Nadu,DINDIGUL,2021,Kharif,330.9059829059829,28.69312810556,Medium,5382.46,18984.87,3.527,Rice,synthetic_prototype
Tamil Nadu,DINDIGUL,2021,Rabi,438.4777777777779,28.69312810556,Medium,3353.69,4121.9,1.229,Pulses,synthetic_prototype
Tamil Nadu,DINDIGUL,2021,Rabi,438.4777777777779,28.69312810556,Medium,4880.67,18392.61,3.768,Rice,synthetic_prototype
Tamil Nadu,DINDIGUL,2021,Rabi,438.4777777777779,28.69312810556,Medium,1978.0,2505.62,1.267,Mustard,synthetic_prototype
Tamil Nadu,DINDIGUL,2021,Rabi,438.4777777777779,28.69312810556,Medium,2509.14,6138.22,2.446,Wheat,synthetic_prototype
Tamil Nadu,DINDIGUL,2021,Summer,134.12307692307692,28.69312810556,Medium,759.25,1587.9,2.091,Groundnut,synthetic_prototype
Tamil Nadu,DINDIGUL,2021,Summer,134.12307692307692,28.69312810556,Medium,720.12,1531.55,2.127,Millet,synthetic_prototype
Tamil Nadu,DINDIGUL,2021,Summer,134.12307692307692,28.69312810556,Medium,4604.49,21013.58,4.564,Rice,synthetic_prototype
Tamil Nadu,ERODE,2021,Kharif,330.9059829059829,27.250912962701612,Low,5872.58,19372.52,3.299,Rice,synthetic_prototype
Tamil Nadu,ERODE,2021,Kharif,330.9059829059829,27.250912962701612,Low,6697.99,14708.37,2.196,Groundnut,synthetic_prototype
Tamil Nadu,ERODE,2021,Kharif,330.9059829059829,27.250912962701612,Low,3869.82,6167.05,1.594,Soybean,synthetic_prototype
Tamil Nadu,ERODE,2021,Kharif,330.9059829059829,27.250912962701612,Low,5719.69,16502.64,2.885,Millet,synthetic_prototype
Tamil Nadu,ERODE,2021,Rabi,438.4777777777779,27.250912962701612,Low,4429.72,20656.45,4.663,Rice,synthetic_prototype
Tamil Nadu,ERODE,2021,Rabi,438.4777777777779,27.250912962701612,Low,1523.02,2124.95,1.395,Mustard,synthetic_prototype
Tamil Nadu,ERODE,2021,Rabi,438.4777777777779,27.250912962701612,Low,1879.06,4508.47,2.399,Wheat,synthetic_prototype
Tamil Nadu,ERODE,2021,Rabi,438.4777777777779,27.250912962701612,Low,4033.44,16133.3,4.0,Maize,synthetic_prototype
Tamil Nadu,ERODE,2021,Summer,134.12307692307692,27.250912962701612,Low,3076.32,11085.05,3.603,Maize,synthetic_prototype
Tamil Nadu,ERODE,2021,Summer,134.12307692307692,27.250912962701612,Low,509.05,7939.35,15.596,Watermelon,synthetic_prototype
Tamil Nadu,ERODE,2021,Summer,134.12307692307692,27.250912962701612,Low,1320.96,1982.9,1.501,Groundnut,synthetic_prototype
Tamil Nadu,KALLAKURICHI,2021,Kharif,330.9059829059829,,Unknown,3971.86,8415.56,2.119,Cotton,synthetic_prototype
Tamil Nadu,KALLAKURICHI,2021,Kharif,330.9059829059829,,Unknown,1743.85,4935.63,2.83,Millet,synthetic_prototype
Tamil Nadu,KALLAKURICHI,2021,Kharif,330.9059829059829,,Unknown,5972.83,14181.04,2.374,Groundnut,synthetic_prototype
Tamil Nadu,KALLAKURICHI,2021,Kharif,330.9059829059829,,Unknown,6446.49,31043.06,4.815,Maize,synthetic_prototype
Tamil Nadu,KALLAKURICHI,2021,Rabi,438.4777777777779,,Unknown,1249.67,1444.33,1.156,Mustard,synthetic_prototype
Tamil Nadu,KALLAKURICHI,2021,Rabi,438.4777777777779,,Unknown,1178.72,1516.52,1.287,Pulses,synthetic_prototype
Tamil Nadu,KALLAKURICHI,2021,Rabi,438.4777777777779,,Unknown,1080.1,2571.43,2.381,Wheat,synthetic_prototype
Tamil Nadu,KALLAKURICHI,2021,Rabi,438.4777777777779,,Unknown,2565.83,10360.74,4.038,Maize,synthetic_prototype
Tamil Nadu,KALLAKURICHI,2021,Summer,134.12307692307692,,Unknown,1955.59,7424.7,3.797,Rice,synthetic_prototype
Tamil Nadu,KALLAKURICHI,2021,Summer,134.12307692307692,,Unknown,1798.52,3771.54,2.097,Millet,synthetic_prototype
Tamil Nadu,KALLAKURICHI,2021,Summer,134.12307692307692,,Unknown,1181.23,1814.08,1.536,Groundnut,synthetic_prototype
Tamil Nadu,KANCHIPURAM,2021,Kharif,330.9059829059829,,Unknown,1890.96,5412.88,2.863,Millet,synthetic_prototype
Tamil Nadu,KANCHIPURAM,2021,Kharif,330.9059829059829,,Unknown,6484.99,34179.19,5.271,Maize,synthetic_prototype
Tamil Nadu,KANCHIPURAM,2021,Kharif,330.9059829059829,,Unknown,16025.33,66095.26,4.124,Rice,synthetic_prototype
Tamil Nadu,KANCHIPURAM,2021,Kharif,330.9059829059829,,Unknown,6325.39,11429.79,1.807,Cotton,synthetic_prototype
Tamil Nadu,KANCHIPURAM,2021,Rabi,438.4777777777779,,Unknown,9336.58,42521.52,4.554,Maize,synthetic_prototype
Tamil Nadu,KANCHIPURAM,2021,Rabi,438.4777777777779,,Unknown,5207.81,9591.96,1.842,Groundnut,synthetic_prototype
Tamil Nadu,KANCHIPURAM,2021,Rabi,438.4777777777779,,Unknown,3915.75,4426.38,1.13,Pulses,synthetic_prototype
Tamil Nadu,KANCHIPURAM,2021,Rabi,438.4777777777779,,Unknown,1885.23,5223.3,2.771,Wheat,synthetic_prototype
Tamil Nadu,KANCHIPURAM,2021,Summer,134.12307692307692,,Unknown,1205.13,17270.42,14.331,Watermelon,synthetic_prototype
Tamil Nadu,KANCHIPURAM,2021,Summer,134.12307692307692,,Unknown,1434.83,3322.27,2.315,Millet,synthetic_prototype
Tamil Nadu,KANCHIPURAM,2021,Summer,134.12307692307692,,Unknown,4902.44,19867.83,4.053,Maize,synthetic_prototype
Tamil Nadu,KANNIYAKUMARI,2021,Kharif,330.9059829059829,31.164836859555997,High,2282.4,5776.11,2.531,Millet,synthetic_prototype
Tamil Nadu,KANNIYAKUMARI,2021,Kharif,330.9059829059829,31.164836859555997,High,3628.63,7557.88,2.083,Groundnut,synthetic_prototype
Tamil Nadu,KANNIYAKUMARI,2021,Kharif,330.9059829059829,31.164836859555997,High,1826.37,4041.72,2.213,Soybean,synthetic_prototype
Tamil Nadu,KANNIYAKUMARI,2021,Kharif,330.9059829059829,31.164836859555997,High,7225.77,28731.87,3.976,Maize,synthetic_prototype
Tamil Nadu,KANNIYAKUMARI,2021,Rabi,438.4777777777779,31.164836859555997,High,2189.46,2372.34,1.084,Pulses,synthetic_prototype
Tamil Nadu,KANNIYAKUMARI,2021,Rabi,438.4777777777779,31.164836859555997,High,7768.94,15386.76,1.981,Groundnut,synthetic_prototype
Tamil Nadu,KANNIYAKUMARI,2021,Rabi,438.4777777777779,31.164836859555997,High,1727.77,3913.36,2.265,Wheat,synthetic_prototype
Tamil Nadu,KANNIYAKUMARI,2021,Rabi,438.4777777777779,31.164836859555997,High,2253.97,2309.68,1.025,Mustard,synthetic_prototype
Tamil Nadu,KANNIYAKUMARI,2021,Summer,134.12307692307692,31.164836859555997,High,1167.07,5823.11,4.99,Maize,synthetic_prototype
Tamil Nadu,KANNIYAKUMARI,2021,Summer,134.12307692307692,31.164836859555997,High,2753.56,5333.37,1.937,Groundnut,synthetic_prototype
Tamil Nadu,KANNIYAKUMARI,2021,Summer,134.12307692307692,31.164836859555997,High,1404.0,27797.77,19.799,Watermelon,synthetic_prototype
Tamil Nadu,KARUR,2021,Kharif,330.9059829059829,25.69542081294355,Low,2644.91,7698.33,2.911,Millet,synthetic_prototype
Tamil Nadu,KARUR,2021,Kharif,330.9059829059829,25.69542081294355,Low,3746.77,9141.07,2.44,Groundnut,synthetic_prototype
Tamil Nadu,KARUR,2021,Kharif,330.9059829059829,25.69542081294355,Low,1514.67,3354.5,2.215,Soybean,synthetic_prototype
Tamil Nadu,KARUR,2021,Kharif,330.9059829059829,25.69542081294355,Low,6802.04,34429.91,5.062,Maize,synthetic_prototype
Tamil Nadu,KARUR,2021,Rabi,438.4777777777779,25.69542081294355,Low,1344.52,1617.16,1.203,Mustard,synthetic_prototype
Tamil Nadu,KARUR,2021,Rabi,438.4777777777779,25.69542081294355,Low,1272.88,2566.15,2.016,Groundnut,synthetic_prototype
Tamil Nadu,KARUR,2021,Rabi,438.4777777777779,25.69542081294355,Low,586.57,1687.74,2.877,Wheat,synthetic_prototype
Tamil Nadu,KARUR,2021,Rabi,438.4777777777779,25.69542081294355,Low,1619.38,2002.58,1.237,Pulses,synthetic_prototype
Tamil Nadu,KARUR,2021,Summer,134.12307692307692,25.69542081294355,Low,3737.42,16651.72,4.455,Maize,synthetic_prototype
Tamil Nadu,KARUR,2021,Summer,134.12307692307692,25.69542081294355,Low,1311.23,2715.79,2.071,Groundnut,synthetic_prototype
Tamil Nadu,KARUR,2021,Summer,134.12307692307692,25.69542081294355,Low,676.93,10194.49,15.06,Watermelon,synthetic_prototype
Tamil Nadu,KRISHNAGIRI,2021,Kharif,330.9059829059829,27.765414212580644,Medium,2931.28,4663.59,1.591,Soybean,synthetic_prototype
Tamil Nadu,KRISHNAGIRI,2021,Kharif,330.9059829059829,27.765414212580644,Medium,4308.36,20841.9,4.838,Rice,synthetic_prototype
Tamil Nadu,KRISHNAGIRI,2021,Kharif,330.9059829059829,27.765414212580644,Medium,6018.8,27584.23,4.583,Maize,synthetic_prototype
Tamil Nadu,KRISHNAGIRI,2021,Kharif,330.9059829059829,27.765414212580644,Medium,741.19,1164.17,1.571,Cotton,synthetic_prototype
Tamil Nadu,KRISHNAGIRI,2021,Rabi,438.4777777777779,27.765414212580644,Medium,1096.95,2647.75,2.414,Wheat,synthetic_prototype
Tamil Nadu,KRISHNAGIRI,2021,Rabi,438.4777777777779,27.765414212580644,Medium,408.11,445.15,1.091,Mustard,synthetic_prototype
Tamil Nadu,KRISHNAGIRI,2021,Rabi,438.4777777777779,27.765414212580644,Medium,5254.37,10246.33,1.95,Groundnut,synthetic_prototype
Tamil Nadu,KRISHNAGIRI,2021,Rabi,438.4777777777779,27.765414212580644,Medium,2486.75,9372.29,3.769,Maize,synthetic_prototype
Tamil Nadu,KRISHNAGIRI,2021,Summer,134.12307692307692,27.765414212580644,Medium,631.46,12824.39,20.309,Watermelon,synthetic_prototype
Tamil Nadu,KRISHNAGIRI,2021,Summer,134.12307692307692,27.765414212580644,Medium,1695.6,5978.06,3.526,Maize,synthetic_prototype
Tamil Nadu,KRISHNAGIRI,2021,Summer,134.12307692307692,27.765414212580644,Medium,2802.17,8878.93,3.169,Rice,synthetic_prototype
Tamil Nadu,MADURAI,2021,Kharif,330.9059829059829,32.49706241748,High,3683.71,6640.35,1.803,Groundnut,synthetic_prototype
Tamil Nadu,MADURAI,2021,Kharif,330.9059829059829,32.49706241748,High,5299.78,28749.0,5.425,Maize,synthetic_prototype
Tamil Nadu,MADURAI,2021,Kharif,330.9059829059829,32.49706241748,High,1828.72,3713.69,2.031,Cotton,synthetic_prototype
Tamil Nadu,MADURAI,2021,Kharif,330.9059829059829,32.49706241748,High,2558.27,4435.76,1.734,Soybean,synthetic_prototype
Tamil Nadu,MADURAI,2021,Rabi,438.4777777777779,32.49706241748,High,2502.66,11273.51,4.505,Maize,synthetic_prototype
Tamil Nadu,MADURAI,2021,Rabi,438.4777777777779,32.49706241748,High,781.02,2322.05,2.973,Wheat,synthetic_prototype
Tamil Nadu,MADURAI,2021,Rabi,438.4777777777779,32.49706241748,High,9838.49,38063.6,3.869,Rice,synthetic_prototype
Tamil Nadu,MADURAI,2021,Rabi,438.4777777777779,32.49706241748,High,719.43,752.03,1.045,Mustard,synthetic_prototype
Tamil Nadu,MADURAI,2021,Summer,134.12307692307692,32.49706241748,High,940.4,14669.67,15.599,Watermelon,synthetic_prototype
Tamil Nadu,MADURAI,2021,Summer,134.12307692307692,32.49706241748,High,1100.12,2280.43,2.073,Groundnut,synthetic_prototype
Tamil Nadu,MADURAI,2021,Summer,134.12307692307692,32.49706241748,High,3020.64,6688.59,2.214,Millet,synthetic_prototype
Tamil Nadu,MAYILADUTHURAI,2021,Kharif,330.9059829059829,,Unknown,4125.0,7568.28,1.835,Cotton,synthetic_prototype
Tamil Nadu,MAYILADUTHURAI,2021,Kharif,330.9059829059829,,Unknown,2661.77,5298.69,1.991,Groundnut,synthetic_prototype
Tamil Nadu,MAYILADUTHURAI,2021,Kharif,330.9059829059829,,Unknown,2486.0,4725.04,1.901,Soybean,synthetic_prototype
Tamil Nadu,MAYILADUTHURAI,2021,Kharif,330.9059829059829,,Unknown,6226.89,30081.57,4.831,Rice,synthetic_prototype
Tamil Nadu,MAYILADUTHURAI,2021,Rabi,438.4777777777779,,Unknown,2207.55,6042.97,2.737,Wheat,synthetic_prototype
Tamil Nadu,MAYILADUTHURAI,2021,Rabi,438.4777777777779,,Unknown,3475.17,17916.2,5.155,Maize,synthetic_prototype
Tamil Nadu,MAYILADUTHURAI,2021,Rabi,438.4777777777779,,Unknown,1369.04,1733.76,1.266,Mustard,synthetic_prototype
Tamil Nadu,MAYILADUTHURAI,2021,Rabi,438.4777777777779,,Unknown,1443.08,3034.55,2.103,Groundnut,synthetic_prototype
Tamil Nadu,MAYILADUTHURAI,2021,Summer,134.12307692307692,,Unknown,1485.13,2303.17,1.551,Groundnut,synthetic_prototype
Tamil Nadu,MAYILADUTHURAI,2021,Summer,134.12307692307692,,Unknown,1430.41,3321.15,2.322,Millet,synthetic_prototype
Tamil Nadu,MAYILADUTHURAI,2021,Summer,134.12307692307692,,Unknown,5844.1,18475.08,3.161,Rice,synthetic_prototype
Tamil Nadu,NAGAPATTINAM,2021,Kharif,330.9059829059829,,Unknown,5817.64,25057.33,4.307,Rice,synthetic_prototype
Tamil Nadu,NAGAPATTINAM,2021,Kharif,330.9059829059829,,Unknown,2919.91,7487.37,2.564,Millet,synthetic_prototype
Tamil Nadu,NAGAPATTINAM,2021,Kharif,330.9059829059829,,Unknown,3534.08,7333.03,2.075,Groundnut,synthetic_prototype
Tamil Nadu,NAGAPATTINAM,2021,Kharif,330.9059829059829,,Unknown,4167.08,21946.35,5.267,Maize,synthetic_prototype
Tamil Nadu,NAGAPATTINAM,2021,Rabi,438.4777777777779,,Unknown,3539.35,8103.32,2.289,Groundnut,synthetic_prototype
Tamil Nadu,NAGAPATTINAM,2021,Rabi,438.4777777777779,,Unknown,8953.71,37185.27,4.153,Rice,synthetic_prototype
Tamil Nadu,NAGAPATTINAM,2021,Rabi,438.4777777777779,,Unknown,1601.28,7243.58,4.524,Maize,synthetic_prototype
Tamil Nadu,NAGAPATTINAM,2021,Rabi,438.4777777777779,,Unknown,415.43,1202.57,2.895,Wheat,synthetic_prototype
Tamil Nadu,NAGAPATTINAM,2021,Summer,134.12307692307692,,Unknown,1037.58,1907.54,1.838,Groundnut,synthetic_prototype
Tamil Nadu,NAGAPATTINAM,2021,Summer,134.12307692307692,,Unknown,1673.52,34799.47,20.794,Watermelon,synthetic_prototype
Tamil Nadu,NAGAPATTINAM,2021,Summer,134.12307692307692,,Unknown,1164.37,2225.56,1.911,Millet,synthetic_prototype
Tamil Nadu,NAMAKKAL,2021,Kharif,330.9059829059829,25.152302552862903,Low,1071.81,2600.81,2.427,Millet,synthetic_prototype
Tamil Nadu,NAMAKKAL,2021,Kharif,330.9059829059829,25.152302552862903,Low,7372.93,32759.75,4.443,Rice,synthetic_prototype
Tamil Nadu,NAMAKKAL,2021,Kharif,330.9059829059829,25.152302552862903,Low,6623.78,29638.1,4.475,Maize,synthetic_prototype
Tamil Nadu,NAMAKKAL,2021,Kharif,330.9059829059829,25.152302552862903,Low,4602.27,10054.82,2.185,Cotton,synthetic_prototype
Tamil Nadu,NAMAKKAL,2021,Rabi,438.4777777777779,25.152302552862903,Low,2047.52,2601.16,1.27,Pulses,synthetic_prototype
Tamil Nadu,NAMAKKAL,2021,Rabi,438.4777777777779,25.152302552862903,Low,1592.05,6169.69,3.875,Maize,synthetic_prototype
Tamil Nadu,NAMAKKAL,2021,Rabi,438.4777777777779,25.152302552862903,Low,640.4,716.42,1.119,Mustard,synthetic_prototype
Tamil Nadu,NAMAKKAL,2021,Rabi,438.4777777777779,25.152302552862903,Low,4276.1,8068.29,1.887,Groundnut,synthetic_prototype
Tamil Nadu,NAMAKKAL,2021,Summer,134.12307692307692,25.152302552862903,Low,3738.12,11800.29,3.157,Rice,synthetic_prototype
Tamil Nadu,NAMAKKAL,2021,Summer,134.12307692307692,25.152302552862903,Low,912.18,1895.89,2.078,Groundnut,synthetic_prototype
Tamil Nadu,NAMAKKAL,2021,Summer,134.12307692307692,25.152302552862903,Low,1536.58,25222.55,16.415,Watermelon,synthetic_prototype
Tamil Nadu,PERAMBALUR,2021,Kharif,330.9059829059829,32.95149883487903,High,8869.59,42150.56,4.752,Rice,synthetic_prototype
Tamil Nadu,PERAMBALUR,2021,Kharif,330.9059829059829,32.95149883487903,High,2927.74,4835.87,1.652,Cotton,synthetic_prototype
Tamil Nadu,PERAMBALUR,2021,Kharif,330.9059829059829,32.95149883487903,High,4043.42,22458.96,5.554,Maize,synthetic_prototype
Tamil Nadu,PERAMBALUR,2021,Kharif,330.9059829059829,32.95149883487903,High,1005.05,2319.88,2.308,Soybean,synthetic_prototype
Tamil Nadu,PERAMBALUR,2021,Rabi,438.4777777777779,32.95149883487903,High,2412.64,3264.85,1.353,Mustard,synthetic_prototype
Tamil Nadu,PERAMBALUR,2021,Rabi,438.4777777777779,32.95149883487903,High,1551.17,2472.14,1.594,Groundnut,synthetic_prototype
Tamil Nadu,PERAMBALUR,2021,Rabi,438.4777777777779,32.95149883487903,High,4784.12,18998.15,3.971,Rice,synthetic_prototype
Tamil Nadu,PERAMBALUR,2021,Rabi,438.4777777777779,32.95149883487903,High,2715.32,10137.39,3.733,Maize,synthetic_prototype
Tamil Nadu,PERAMBALUR,2021,Summer,134.12307692307692,32.95149883487903,High,1250.39,22262.43,17.804,Watermelon,synthetic_prototype
Tamil Nadu,PERAMBALUR,2021,Summer,134.12307692307692,32.95149883487903,High,1029.89,5185.35,5.035,Maize,synthetic_prototype
Tamil Nadu,PERAMBALUR,2021,Summer,134.12307692307692,32.95149883487903,High,6518.31,29802.18,4.572,Rice,synthetic_prototype
Tamil Nadu,PUDUKKOTTAI,2021,Kharif,330.9059829059829,23.147286031048385,Low,2880.36,8276.29,2.873,Millet,synthetic_prototype
Tamil Nadu,PUDUKKOTTAI,2021,Kharif,330.9059829059829,23.147286031048385,Low,3733.74,6259.41,1.676,Soybean,synthetic_prototype
Tamil Nadu,PUDUKKOTTAI,2021,Kharif,330.9059829059829,23.147286031048385,Low,4811.76,8716.29,1.811,Cotton,synthetic_prototype
Tamil Nadu,PUDUKKOTTAI,2021,Kharif,330.9059829059829,23.147286031048385,Low,6059.93,14408.57,2.378,Groundnut,synthetic_prototype
Tamil Nadu,PUDUKKOTTAI,2021,Rabi,438.4777777777779,23.147286031048385,Low,4782.08,21462.31,4.488,Maize,synthetic_prototype
Tamil Nadu,PUDUKKOTTAI,2021,Rabi,438.4777777777779,23.147286031048385,Low,1188.21,2450.49,2.062,Groundnut,synthetic_prototype
Tamil Nadu,PUDUKKOTTAI,2021,Rabi,438.4777777777779,23.147286031048385,Low,1499.88,2234.68,1.49,Mustard,synthetic_prototype
Tamil Nadu,PUDUKKOTTAI,2021,Rabi,438.4777777777779,23.147286031048385,Low,4310.38,19222.06,4.459,Rice,synthetic_prototype
Tamil Nadu,PUDUKKOTTAI,2021,Summer,134.12307692307692,23.147286031048385,Low,1013.11,2266.78,2.237,Millet,synthetic_prototype
Tamil Nadu,PUDUKKOTTAI,2021,Summer,134.12307692307692,23.147286031048385,Low,5406.46,21927.2,4.056,Maize,synthetic_prototype
Tamil Nadu,PUDUKKOTTAI,2021,Summer,134.12307692307692,23.147286031048385,Low,1370.37,2408.7,1.758,Groundnut,synthetic_prototype
Tamil Nadu,RAMANATHAPURAM,2021,Kharif,330.9059829059829,28.9982593121,Medium,2434.47,6085.12,2.5,Millet,synthetic_prototype
Tamil Nadu,RAMANATHAPURAM,2021,Kharif,330.9059829059829,28.9982593121,Medium,2680.02,5449.96,2.034,Cotton,synthetic_prototype
Tamil Nadu,RAMANATHAPURAM,2021,Kharif,330.9059829059829,28.9982593121,Medium,5026.99,21232.59,4.224,Maize,synthetic_prototype
Tamil Nadu,RAMANATHAPURAM,2021,Kharif,330.9059829059829,28.9982593121,Medium,3545.6,7553.89,2.13,Soybean,synthetic_prototype
Tamil Nadu,RAMANATHAPURAM,2021,Rabi,438.4777777777779,28.9982593121,Medium,2879.94,3123.19,1.084,Pulses,synthetic_prototype
Tamil Nadu,RAMANATHAPURAM,2021,Rabi,438.4777777777779,28.9982593121,Medium,4615.08,21938.19,4.754,Maize,synthetic_prototype
Tamil Nadu,RAMANATHAPURAM,2021,Rabi,438.4777777777779,28.9982593121,Medium,1018.22,1363.65,1.339,Mustard,synthetic_prototype
Tamil Nadu,RAMANATHAPURAM,2021,Rabi,438.4777777777779,28.9982593121,Medium,4856.81,21007.91,4.325,Rice,synthetic_prototype
Tamil Nadu,RAMANATHAPURAM,2021,Summer,134.12307692307692,28.9982593121,Medium,1504.36,26329.12,17.502,Watermelon,synthetic_prototype
Tamil Nadu,RAMANATHAPURAM,2021,Summer,134.12307692307692,28.9982593121,Medium,2922.96,5605.09,1.918,Groundnut,synthetic_prototype
Tamil Nadu,RAMANATHAPURAM,2021,Summer,134.12307692307692,28.9982593121,Medium,4618.84,16044.98,3.474,Rice,synthetic_prototype
Tamil Nadu,RANIPET,2021,Kharif,330.9059829059829,,Unknown,1265.09,2259.74,1.786,Soybean,synthetic_prototype
Tamil Nadu,RANIPET,2021,Kharif,330.9059829059829,,Unknown,2545.18,4993.13,1.962,Cotton,synthetic_prototype
Tamil Nadu,RANIPET,2021,Kharif,330.9059829059829,,Unknown,1301.51,3166.86,2.433,Millet,synthetic_prototype
Tamil Nadu,RANIPET,2021,Kharif,330.9059829059829,,Unknown,7991.56,15473.79,1.936,Groundnut,synthetic_prototype
Tamil Nadu,RANIPET,2021,Rabi,438.4777777777779,,Unknown,16452.41,68594.09,4.169,Rice,synthetic_prototype
Tamil Nadu,RANIPET,2021,Rabi,438.4777777777779,,Unknown,4989.68,20687.1,4.146,Maize,synthetic_prototype
Tamil Nadu,RANIPET,2021,Rabi,438.4777777777779,,Unknown,1327.92,3572.4,2.69,Wheat,synthetic_prototype
Tamil Nadu,RANIPET,2021,Rabi,438.4777777777779,,Unknown,1953.52,2035.34,1.042,Mustard,synthetic_prototype
Tamil Nadu,RANIPET,2021,Summer,134.12307692307692,,Unknown,1456.52,6002.27,4.121,Rice,synthetic_prototype
Tamil Nadu,RANIPET,2021,Summer,134.12307692307692,,Unknown,1111.04,5015.61,4.514,Maize,synthetic_prototype
Tamil Nadu,RANIPET,2021,Summer,134.12307692307692,,Unknown,2849.39,5303.6,1.861,Millet,synthetic_prototype
Tamil Nadu,SALEM,2021,Kharif,330.9059829059829,26.934064780120966,Low,4963.51,22977.75,4.629,Rice,synthetic_prototype
Tamil Nadu,SALEM,2021,Kharif,330.9059829059829,26.934064780120966,Low,1235.28,2174.35,1.76,Cotton,synthetic_prototype
Tamil Nadu,SALEM,2021,Kharif,330.9059829059829,26.934064780120966,Low,5599.12,31813.4,5.682,Maize,synthetic_prototype
Tamil Nadu,SALEM,2021,Kharif,330.9059829059829,26.934064780120966,Low,1304.44,2827.78,2.168,Millet,synthetic_prototype
Tamil Nadu,SALEM,2021,Rabi,438.4777777777779,26.934064780120966,Low,5186.9,8631.34,1.664,Groundnut,synthetic_prototype
Tamil Nadu,SALEM,2021,Rabi,438.4777777777779,26.934064780120966,Low,1704.9,8418.37,4.938,Maize,synthetic_prototype
Tamil Nadu,SALEM,2021,Rabi,438.4777777777779,26.934064780120966,Low,868.76,1317.26,1.516,Mustard,synthetic_prototype
Tamil Nadu,SALEM,2021,Rabi,438.4777777777779,26.934064780120966,Low,11352.25,43321.69,3.816,Rice,synthetic_prototype
Tamil Nadu,SALEM,2021,Summer,134.12307692307692,26.934064780120966,Low,2304.45,8480.51,3.68,Maize,synthetic_prototype
Tamil Nadu,SALEM,2021,Summer,134.12307692307692,26.934064780120966,Low,634.14,9492.72,14.969,Watermelon,synthetic_prototype
Tamil Nadu,SALEM,2021,Summer,134.12307692307692,26.934064780120966,Low,993.48,2375.56,2.391,Millet,synthetic_prototype
Tamil Nadu,SIVAGANGA,2021,Kharif,330.9059829059829,27.401053718064517,Medium,1433.98,3126.94,2.181,Groundnut,synthetic_prototype
Tamil Nadu,SIVAGANGA,2021,Kharif,330.9059829059829,27.401053718064517,Medium,2858.01,8113.11,2.839,Millet,synthetic_prototype
Tamil Nadu,SIVAGANGA,2021,Kharif,330.9059829059829,27.401053718064517,Medium,1521.76,5971.47,3.924,Maize,synthetic_prototype
Tamil Nadu,SIVAGANGA,2021,Kharif,330.9059829059829,27.401053718064517,Medium,962.92,1858.35,1.93,Cotton,synthetic_prototype
Tamil Nadu,SIVAGANGA,2021,Rabi,438.4777777777779,27.401053718064517,Medium,1847.78,8914.64,4.825,Rice,synthetic_prototype
Tamil Nadu,SIVAGANGA,2021,Rabi,438.4777777777779,27.401053718064517,Medium,1985.65,3646.84,1.837,Groundnut,synthetic_prototype
Tamil Nadu,SIVAGANGA,2021,Rabi,438.4777777777779,27.401053718064517,Medium,6049.44,29003.82,4.794,Maize,synthetic_prototype
Tamil Nadu,SIVAGANGA,2021,Rabi,438.4777777777779,27.401053718064517,Medium,947.16,1355.39,1.431,Mustard,synthetic_prototype
Tamil Nadu,SIVAGANGA,2021,Summer,134.12307692307692,27.401053718064517,Medium,1169.03,22624.2,19.353,Watermelon,synthetic_prototype
Tamil Nadu,SIVAGANGA,2021,Summer,134.12307692307692,27.401053718064517,Medium,543.33,1364.61,2.512,Millet,synthetic_prototype
Tamil Nadu,SIVAGANGA,2021,Summer,134.12307692307692,27.401053718064517,Medium,3082.4,5658.18,1.836,Groundnut,synthetic_prototype
Tamil Nadu,TENKASI,2021,Kharif,330.9059829059829,,Unknown,1741.54,3397.57,1.951,Groundnut,synthetic_prototype
Tamil Nadu,TENKASI,2021,Kharif,330.9059829059829,,Unknown,4018.31,13921.01,3.464,Rice,synthetic_prototype
Tamil Nadu,TENKASI,2021,Kharif,330.9059829059829,,Unknown,4015.0,6284.88,1.565,Cotton,synthetic_prototype
Tamil Nadu,TENKASI,2021,Kharif,330.9059829059829,,Unknown,2624.36,13855.64,5.28,Maize,synthetic_prototype
Tamil Nadu,TENKASI,2021,Rabi,438.4777777777779,,Unknown,1175.53,2386.77,2.03,Groundnut,synthetic_prototype
Tamil Nadu,TENKASI,2021,Rabi,438.4777777777779,,Unknown,3486.03,15632.64,4.484,Maize,synthetic_prototype
Tamil Nadu,TENKASI,2021,Rabi,438.4777777777779,,Unknown,1044.39,3259.82,3.121,Wheat,synthetic_prototype
Tamil Nadu,TENKASI,2021,Rabi,438.4777777777779,,Unknown,575.08,829.21,1.442,Mustard,synthetic_prototype
Tamil Nadu,TENKASI,2021,Summer,134.12307692307692,,Unknown,3737.99,13517.24,3.616,Maize,synthetic_prototype
Tamil Nadu,TENKASI,2021,Summer,134.12307692307692,,Unknown,1488.18,2664.98,1.791,Millet,synthetic_prototype
Tamil Nadu,TENKASI,2021,Summer,134.12307692307692,,Unknown,1555.16,6291.27,4.045,Rice,synthetic_prototype
Tamil Nadu,THANJAVUR,2021,Kharif,330.9059829059829,28.445014925161292,Medium,2883.44,7069.79,2.452,Groundnut,synthetic_prototype
Tamil Nadu,THANJAVUR,2021,Kharif,330.9059829059829,28.445014925161292,Medium,1641.37,3317.94,2.021,Cotton,synthetic_prototype
Tamil Nadu,THANJAVUR,2021,Kharif,330.9059829059829,28.445014925161292,Medium,2100.2,5292.4,2.52,Millet,synthetic_prototype
Tamil Nadu,THANJAVUR,2021,Kharif,330.9059829059829,28.445014925161292,Medium,1458.36,3010.5,2.064,Soybean,synthetic_prototype
Tamil Nadu,THANJAVUR,2021,Rabi,438.4777777777779,28.445014925161292,Medium,11259.92,42478.14,3.773,Rice,synthetic_prototype
Tamil Nadu,THANJAVUR,2021,Rabi,438.4777777777779,28.445014925161292,Medium,859.73,2339.44,2.721,Wheat,synthetic_prototype
Tamil Nadu,THANJAVUR,2021,Rabi,438.4777777777779,28.445014925161292,Medium,1961.67,1709.88,0.872,Pulses,synthetic_prototype
Tamil Nadu,THANJAVUR,2021,Rabi,438.4777777777779,28.445014925161292,Medium,2002.63,2539.05,1.268,Mustard,synthetic_prototype
Tamil Nadu,THANJAVUR,2021,Summer,134.12307692307692,28.445014925161292,Medium,892.2,1606.4,1.8,Millet,synthetic_prototype
Tamil Nadu,THANJAVUR,2021,Summer,134.12307692307692,28.445014925161292,Medium,895.46,1838.27,2.053,Groundnut,synthetic_prototype
Tamil Nadu,THANJAVUR,2021,Summer,134.12307692307692,28.445014925161292,Medium,1110.11,20766.92,18.707,Watermelon,synthetic_prototype
Tamil Nadu,THE NILGIRIS,2021,Kharif,330.9059829059829,35.84706918911291,High,11739.13,38836.97,3.308,Rice,synthetic_prototype
Tamil Nadu,THE NILGIRIS,2021,Kharif,330.9059829059829,35.84706918911291,High,8228.06,46258.2,5.622,Maize,synthetic_prototype
Tamil Nadu,THE NILGIRIS,2021,Kharif,330.9059829059829,35.84706918911291,High,912.06,2031.63,2.228,Soybean,synthetic_prototype
Tamil Nadu,THE NILGIRIS,2021,Kharif,330.9059829059829,35.84706918911291,High,2618.06,4672.42,1.785,Groundnut,synthetic_prototype
Tamil Nadu,THE NILGIRIS,2021,Rabi,438.4777777777779,35.84706918911291,High,3922.36,17140.54,4.37,Rice,synthetic_prototype
Tamil Nadu,THE NILGIRIS,2021,Rabi,438.4777777777779,35.84706918911291,High,1327.16,1516.07,1.142,Pulses,synthetic_prototype
Tamil Nadu,THE NILGIRIS,2021,Rabi,438.4777777777779,35.84706918911291,High,4150.97,8024.61,1.933,Groundnut,synthetic_prototype
Tamil Nadu,THE NILGIRIS,2021,Rabi,438.4777777777779,35.84706918911291,High,1759.6,4599.72,2.614,Wheat,synthetic_prototype
Tamil Nadu,THE NILGIRIS,2021,Summer,134.12307692307692,35.84706918911291,High,4249.08,13678.3,3.219,Rice,synthetic_prototype
Tamil Nadu,THE NILGIRIS,2021,Summer,134.12307692307692,35.84706918911291,High,2229.19,9061.49,4.065,Maize,synthetic_prototype
Tamil Nadu,THE NILGIRIS,2021,Summer,134.12307692307692,35.84706918911291,High,2797.63,5738.25,2.051,Groundnut,synthetic_prototype
Tamil Nadu,THENI,2021,Kharif,330.9059829059829,34.932106377692,High,2171.63,4983.54,2.295,Millet,synthetic_prototype
Tamil Nadu,THENI,2021,Kharif,330.9059829059829,34.932106377692,High,5389.01,27856.08,5.169,Maize,synthetic_prototype
Tamil Nadu,THENI,2021,Kharif,330.9059829059829,34.932106377692,High,11453.88,38791.52,3.387,Rice,synthetic_prototype
Tamil Nadu,THENI,2021,Kharif,330.9059829059829,34.932106377692,High,2180.39,3266.53,1.498,Cotton,synthetic_prototype
Tamil Nadu,THENI,2021,Rabi,438.4777777777779,34.932106377692,High,3644.45,3547.43,0.973,Pulses,synthetic_prototype
Tamil Nadu,THENI,2021,Rabi,438.4777777777779,34.932106377692,High,1621.91,5293.59,3.264,Wheat,synthetic_prototype
Tamil Nadu,THENI,2021,Rabi,438.4777777777779,34.932106377692,High,1115.42,1456.3,1.306,Mustard,synthetic_prototype
Tamil Nadu,THENI,2021,Rabi,438.4777777777779,34.932106377692,High,3791.44,7919.29,2.089,Groundnut,synthetic_prototype
Tamil Nadu,THENI,2021,Summer,134.12307692307692,34.932106377692,High,1761.85,8169.82,4.637,Rice,synthetic_prototype
Tamil Nadu,THENI,2021,Summer,134.12307692307692,34.932106377692,High,1632.28,8339.0,5.109,Maize,synthetic_prototype
Tamil Nadu,THENI,2021,Summer,134.12307692307692,34.932106377692,High,862.48,1640.12,1.902,Millet,synthetic_prototype
Tamil Nadu,THOOTHUKUDI,2021,Kharif,330.9059829059829,,Unknown,4765.57,13757.96,2.887,Millet,synthetic_prototype
Tamil Nadu,THOOTHUKUDI,2021,Kharif,330.9059829059829,,Unknown,7058.9,35713.22,5.059,Maize,synthetic_prototype
Tamil Nadu,THOOTHUKUDI,2021,Kharif,330.9059829059829,,Unknown,2384.3,4476.39,1.877,Cotton,synthetic_prototype
Tamil Nadu,THOOTHUKUDI,2021,Kharif,330.9059829059829,,Unknown,1707.38,2768.45,1.621,Soybean,synthetic_prototype
Tamil Nadu,THOOTHUKUDI,2021,Rabi,438.4777777777779,,Unknown,4266.66,19675.86,4.612,Rice,synthetic_prototype
Tamil Nadu,THOOTHUKUDI,2021,Rabi,438.4777777777779,,Unknown,3603.95,6136.14,1.703,Groundnut,synthetic_prototype
Tamil Nadu,THOOTHUKUDI,2021,Rabi,438.4777777777779,,Unknown,465.62,1457.05,3.129,Wheat,synthetic_prototype
Tamil Nadu,THOOTHUKUDI,2021,Rabi,438.4777777777779,,Unknown,1380.93,2076.01,1.503,Mustard,synthetic_prototype
Tamil Nadu,THOOTHUKUDI,2021,Summer,134.12307692307692,,Unknown,6679.55,21486.17,3.217,Rice,synthetic_prototype
Tamil Nadu,THOOTHUKUDI,2021,Summer,134.12307692307692,,Unknown,1552.11,5973.16,3.848,Maize,synthetic_prototype
Tamil Nadu,THOOTHUKUDI,2021,Summer,134.12307692307692,,Unknown,2641.22,6451.86,2.443,Millet,synthetic_prototype
Tamil Nadu,TIRUCHIRAPPALLI,2021,Kharif,330.9059829059829,26.180574092419352,Low,7041.12,31433.76,4.464,Maize,synthetic_prototype
Tamil Nadu,TIRUCHIRAPPALLI,2021,Kharif,330.9059829059829,26.180574092419352,Low,1269.61,2216.71,1.746,Soybean,synthetic_prototype
Tamil Nadu,TIRUCHIRAPPALLI,2021,Kharif,330.9059829059829,26.180574092419352,Low,1663.98,3293.09,1.979,Millet,synthetic_prototype
Tamil Nadu,TIRUCHIRAPPALLI,2021,Kharif,330.9059829059829,26.180574092419352,Low,11488.05,46816.45,4.075,Rice,synthetic_prototype
Tamil Nadu,TIRUCHIRAPPALLI,2021,Rabi,438.4777777777779,26.180574092419352,Low,687.95,2097.88,3.049,Wheat,synthetic_prototype
Tamil Nadu,TIRUCHIRAPPALLI,2021,Rabi,438.4777777777779,26.180574092419352,Low,3279.38,15911.45,4.852,Maize,synthetic_prototype
Tamil Nadu,TIRUCHIRAPPALLI,2021,Rabi,438.4777777777779,26.180574092419352,Low,1204.45,1439.08,1.195,Pulses,synthetic_prototype
Tamil Nadu,TIRUCHIRAPPALLI,2021,Rabi,438.4777777777779,26.180574092419352,Low,3728.66,15157.25,4.065,Rice,synthetic_prototype
Tamil Nadu,TIRUCHIRAPPALLI,2021,Summer,134.12307692307692,26.180574092419352,Low,1595.05,26866.14,16.843,Watermelon,synthetic_prototype
Tamil Nadu,TIRUCHIRAPPALLI,2021,Summer,134.12307692307692,26.180574092419352,Low,3094.42,5942.81,1.92,Millet,synthetic_prototype
Tamil Nadu,TIRUCHIRAPPALLI,2021,Summer,134.12307692307692,26.180574092419352,Low,2985.43,10875.19,3.643,Maize,synthetic_prototype
Tamil Nadu,TIRUNELVELI,2021,Kharif,330.9059829059829,27.362339060924,Low,1856.66,3865.35,2.082,Cotton,synthetic_prototype
Tamil Nadu,TIRUNELVELI,2021,Kharif,330.9059829059829,27.362339060924,Low,7570.53,29667.04,3.919,Rice,synthetic_prototype
Tamil Nadu,TIRUNELVELI,2021,Kharif,330.9059829059829,27.362339060924,Low,6519.98,30835.86,4.729,Maize,synthetic_prototype
Tamil Nadu,TIRUNELVELI,2021,Kharif,330.9059829059829,27.362339060924,Low,1782.76,4340.77,2.435,Groundnut,synthetic_prototype
Tamil Nadu,TIRUNELVELI,2021,Rabi,438.4777777777779,27.362339060924,Low,1256.39,4049.73,3.223,Wheat,synthetic_prototype
Tamil Nadu,TIRUNELVELI,2021,Rabi,438.4777777777779,27.362339060924,Low,5853.28,27586.73,4.713,Rice,synthetic_prototype
Tamil Nadu,TIRUNELVELI,2021,Rabi,438.4777777777779,27.362339060924,Low,6029.28,7604.44,1.261,Pulses,synthetic_prototype
Tamil Nadu,TIRUNELVELI,2021,Rabi,438.4777777777779,27.362339060924,Low,4257.96,22042.91,5.177,Maize,synthetic_prototype
Tamil Nadu,TIRUNELVELI,2021,Summer,134.12307692307692,27.362339060924,Low,4049.86,15580.73,3.847,Maize,synthetic_prototype
Tamil Nadu,TIRUNELVELI,2021,Summer,134.12307692307692,27.362339060924,Low,1088.52,22630.18,20.79,Watermelon,synthetic_prototype
Tamil Nadu,TIRUNELVELI,2021,Summer,134.12307692307692,27.362339060924,Low,2073.18,3263.3,1.574,Groundnut,synthetic_prototype
Tamil Nadu,TIRUPATHUR,2021,Kharif,330.9059829059829,,Unknown,8590.78,16205.31,1.886,Groundnut,synthetic_prototype
Tamil Nadu,TIRUPATHUR,2021,Kharif,330.9059829059829,,Unknown,4047.83,7261.11,1.794,Soybean,synthetic_prototype
Tamil Nadu,TIRUPATHUR,2021,Kharif,330.9059829059829,,Unknown,11935.41,47728.82,3.999,Rice,synthetic_prototype
Tamil Nadu,TIRUPATHUR,2021,Kharif,330.9059829059829,,Unknown,2945.54,7602.33,2.581,Millet,synthetic_prototype
Tamil Nadu,TIRUPATHUR,2021,Rabi,438.4777777777779,,Unknown,6138.42,11180.44,1.821,Groundnut,synthetic_prototype
Tamil Nadu,TIRUPATHUR,2021,Rabi,438.4777777777779,,Unknown,3437.04,3100.19,0.902,Pulses,synthetic_prototype
Tamil Nadu,TIRUPATHUR,2021,Rabi,438.4777777777779,,Unknown,654.82,1479.11,2.259,Wheat,synthetic_prototype
Tamil Nadu,TIRUPATHUR,2021,Rabi,438.4777777777779,,Unknown,1615.17,2088.45,1.293,Mustard,synthetic_prototype
Tamil Nadu,TIRUPATHUR,2021,Summer,134.12307692307692,,Unknown,4212.68,15802.36,3.751,Maize,synthetic_prototype
Tamil Nadu,TIRUPATHUR,2021,Summer,134.12307692307692,,Unknown,4104.54,12839.01,3.128,Rice,synthetic_prototype
Tamil Nadu,TIRUPATHUR,2021,Summer,134.12307692307692,,Unknown,1053.17,2329.94,2.212,Millet,synthetic_prototype
Tamil Nadu,TIRUPPUR,2021,Kharif,330.9059829059829,26.49042549164,Low,6378.91,13213.72,2.071,Cotton,synthetic_prototype
Tamil Nadu,TIRUPPUR,2021,Kharif,330.9059829059829,26.49042549164,Low,1758.43,3755.35,2.136,Soybean,synthetic_prototype
Tamil Nadu,TIRUPPUR,2021,Kharif,330.9059829059829,26.49042549164,Low,3307.25,7664.54,2.317,Groundnut,synthetic_prototype
Tamil Nadu,TIRUPPUR,2021,Kharif,330.9059829059829,26.49042549164,Low,4335.23,10216.18,2.357,Millet,synthetic_prototype
Tamil Nadu,TIRUPPUR,2021,Rabi,438.4777777777779,26.49042549164,Low,459.74,596.97,1.299,Mustard,synthetic_prototype
Tamil Nadu,TIRUPPUR,2021,Rabi,438.4777777777779,26.49042549164,Low,8602.5,31570.45,3.67,Rice,synthetic_prototype
Tamil Nadu,TIRUPPUR,2021,Rabi,438.4777777777779,26.49042549164,Low,4198.44,21969.45,5.233,Maize,synthetic_prototype
Tamil Nadu,TIRUPPUR,2021,Rabi,438.4777777777779,26.49042549164,Low,1303.72,1455.88,1.117,Pulses,synthetic_prototype
Tamil Nadu,TIRUPPUR,2021,Summer,134.12307692307692,26.49042549164,Low,3022.66,6095.31,2.017,Groundnut,synthetic_prototype
Tamil Nadu,TIRUPPUR,2021,Summer,134.12307692307692,26.49042549164,Low,1323.48,22820.42,17.243,Watermelon,synthetic_prototype
Tamil Nadu,TIRUPPUR,2021,Summer,134.12307692307692,26.49042549164,Low,2000.14,4661.58,2.331,Millet,synthetic_prototype
Tamil Nadu,TIRUVALLUR,2021,Kharif,330.9059829059829,,Unknown,8423.03,30475.6,3.618,Rice,synthetic_prototype
Tamil Nadu,TIRUVALLUR,2021,Kharif,330.9059829059829,,Unknown,1742.05,3708.85,2.129,Soybean,synthetic_prototype
Tamil Nadu,TIRUVALLUR,2021,Kharif,330.9059829059829,,Unknown,1881.04,3896.27,2.071,Cotton,synthetic_prototype
Tamil Nadu,TIRUVALLUR,2021,Kharif,330.9059829059829,,Unknown,1469.84,3206.95,2.182,Millet,synthetic_prototype
Tamil Nadu,TIRUVALLUR,2021,Rabi,438.4777777777779,,Unknown,3849.45,19418.77,5.045,Rice,synthetic_prototype
Tamil Nadu,TIRUVALLUR,2021,Rabi,438.4777777777779,,Unknown,5340.94,5073.98,0.95,Pulses,synthetic_prototype
Tamil Nadu,TIRUVALLUR,2021,Rabi,438.4777777777779,,Unknown,1401.16,1846.9,1.318,Mustard,synthetic_prototype
Tamil Nadu,TIRUVALLUR,2021,Rabi,438.4777777777779,,Unknown,2292.61,8632.56,3.765,Maize,synthetic_prototype
Tamil Nadu,TIRUVALLUR,2021,Summer,134.12307692307692,,Unknown,824.13,1455.48,1.766,Groundnut,synthetic_prototype
Tamil Nadu,TIRUVALLUR,2021,Summer,134.12307692307692,,Unknown,7966.37,26525.64,3.33,Rice,synthetic_prototype
Tamil Nadu,TIRUVALLUR,2021,Summer,134.12307692307692,,Unknown,2429.23,4547.08,1.872,Millet,synthetic_prototype
Tamil Nadu,TIRUVANNAMALAI,2021,Kharif,330.9059829059829,30.938669521370965,High,3331.53,13822.81,4.149,Rice,synthetic_prototype
Tamil Nadu,TIRUVANNAMALAI,2021,Kharif,330.9059829059829,30.938669521370965,High,1307.97,2192.01,1.676,Groundnut,synthetic_prototype
Tamil Nadu,TIRUVANNAMALAI,2021,Kharif,330.9059829059829,30.938669521370965,High,1003.73,2221.68,2.213,Soybean,synthetic_prototype
Tamil Nadu,TIRUVANNAMALAI,2021,Kharif,330.9059829059829,30.938669521370965,High,4599.29,7788.36,1.693,Cotton,synthetic_prototype
Tamil Nadu,TIRUVANNAMALAI,2021,Rabi,438.4777777777779,30.938669521370965,High,4712.33,22657.51,4.808,Rice,synthetic_prototype
Tamil Nadu,TIRUVANNAMALAI,2021,Rabi,438.4777777777779,30.938669521370965,High,1258.63,3516.2,2.794,Wheat,synthetic_prototype
Tamil Nadu,TIRUVANNAMALAI,2021,Rabi,438.4777777777779,30.938669521370965,High,4798.29,9141.44,1.905,Groundnut,synthetic_prototype
Tamil Nadu,TIRUVANNAMALAI,2021,Rabi,438.4777777777779,30.938669521370965,High,545.86,604.81,1.108,Mustard,synthetic_prototype
Tamil Nadu,TIRUVANNAMALAI,2021,Summer,134.12307692307692,30.938669521370965,High,1644.27,4133.89,2.514,Millet,synthetic_prototype
Tamil Nadu,TIRUVANNAMALAI,2021,Summer,134.12307692307692,30.938669521370965,High,777.4,3617.6,4.653,Maize,synthetic_prototype
Tamil Nadu,TIRUVANNAMALAI,2021,Summer,134.12307692307692,30.938669521370965,High,3006.67,13361.82,4.444,Rice,synthetic_prototype
Tamil Nadu,TIRUVARUR,2021,Kharif,330.9059829059829,,Unknown,2196.86,3719.29,1.693,Soybean,synthetic_prototype
Tamil Nadu,TIRUVARUR,2021,Kharif,330.9059829059829,,Unknown,2622.83,5624.26,2.144,Cotton,synthetic_prototype
Tamil Nadu,TIRUVARUR,2021,Kharif,330.9059829059829,,Unknown,3126.45,9067.68,2.9,Millet,synthetic_prototype
Tamil Nadu,TIRUVARUR,2021,Kharif,330.9059829059829,,Unknown,3675.12,7280.7,1.981,Groundnut,synthetic_prototype
Tamil Nadu,TIRUVARUR,2021,Rabi,438.4777777777779,,Unknown,2891.24,3329.16,1.151,Pulses,synthetic_prototype
Tamil Nadu,TIRUVARUR,2021,Rabi,438.4777777777779,,Unknown,1471.93,1935.07,1.315,Mustard,synthetic_prototype
Tamil Nadu,TIRUVARUR,2021,Rabi,438.4777777777779,,Unknown,7032.09,27790.27,3.952,Maize,synthetic_prototype
Tamil Nadu,TIRUVARUR,2021,Rabi,438.4777777777779,,Unknown,1367.47,2839.64,2.077,Groundnut,synthetic_prototype
Tamil Nadu,TIRUVARUR,2021,Summer,134.12307692307692,,Unknown,1344.5,6056.44,4.505,Maize,synthetic_prototype
Tamil Nadu,TIRUVARUR,2021,Summer,134.12307692307692,,Unknown,3679.94,17238.76,4.685,Rice,synthetic_prototype
Tamil Nadu,TIRUVARUR,2021,Summer,134.12307692307692,,Unknown,2662.7,4869.63,1.829,Millet,synthetic_prototype
Tamil Nadu,VELLORE,2021,Kharif,330.9059829059829,28.828871023427418,Medium,5248.78,21439.47,4.085,Maize,synthetic_prototype
Tamil Nadu,VELLORE,2021,Kharif,330.9059829059829,28.828871023427418,Medium,1722.65,3540.6,2.055,Cotton,synthetic_prototype
Tamil Nadu,VELLORE,2021,Kharif,330.9059829059829,28.828871023427418,Medium,1201.78,2072.09,1.724,Soybean,synthetic_prototype
Tamil Nadu,VELLORE,2021,Kharif,330.9059829059829,28.828871023427418,Medium,2223.7,5745.23,2.584,Millet,synthetic_prototype
Tamil Nadu,VELLORE,2021,Rabi,438.4777777777779,28.828871023427418,Medium,4868.41,11106.13,2.281,Groundnut,synthetic_prototype
Tamil Nadu,VELLORE,2021,Rabi,438.4777777777779,28.828871023427418,Medium,6334.2,27417.98,4.329,Maize,synthetic_prototype
Tamil Nadu,VELLORE,2021,Rabi,438.4777777777779,28.828871023427418,Medium,1051.22,993.1,0.945,Pulses,synthetic_prototype
Tamil Nadu,VELLORE,2021,Rabi,438.4777777777779,28.828871023427418,Medium,5894.73,23492.04,3.985,Rice,synthetic_prototype
Tamil Nadu,VELLORE,2021,Summer,134.12307692307692,28.828871023427418,Medium,2731.73,4932.2,1.806,Groundnut,synthetic_prototype
Tamil Nadu,VELLORE,2021,Summer,134.12307692307692,28.828871023427418,Medium,1630.77,6559.88,4.023,Maize,synthetic_prototype
Tamil Nadu,VELLORE,2021,Summer,134.12307692307692,28.828871023427418,Medium,2742.66,11504.98,4.195,Rice,synthetic_prototype
Tamil Nadu,VILUPPURAM,2021,Kharif,330.9059829059829,29.779336412338708,High,3171.75,7669.76,2.418,Millet,synthetic_prototype
Tamil Nadu,VILUPPURAM,2021,Kharif,330.9059829059829,29.779336412338708,High,1518.76,3614.51,2.38,Groundnut,synthetic_prototype
Tamil Nadu,VILUPPURAM,2021,Kharif,330.9059829059829,29.779336412338708,High,2797.89,5014.7,1.792,Soybean,synthetic_prototype
Tamil Nadu,VILUPPURAM,2021,Kharif,330.9059829059829,29.779336412338708,High,2548.72,8546.64,3.353,Rice,synthetic_prototype
Tamil Nadu,VILUPPURAM,2021,Rabi,438.4777777777779,29.779336412338708,High,4308.05,22234.69,5.161,Maize,synthetic_prototype
Tamil Nadu,VILUPPURAM,2021,Rabi,438.4777777777779,29.779336412338708,High,1142.76,1605.75,1.405,Mustard,synthetic_prototype
Tamil Nadu,VILUPPURAM,2021,Rabi,438.4777777777779,29.779336412338708,High,435.22,1171.71,2.692,Wheat,synthetic_prototype
Tamil Nadu,VILUPPURAM,2021,Rabi,438.4777777777779,29.779336412338708,High,5227.56,8348.09,1.597,Groundnut,synthetic_prototype
Tamil Nadu,VILUPPURAM,2021,Summer,134.12307692307692,29.779336412338708,High,4600.56,20172.14,4.385,Rice,synthetic_prototype
Tamil Nadu,VILUPPURAM,2021,Summer,134.12307692307692,29.779336412338708,High,1552.89,3747.82,2.413,Millet,synthetic_prototype
Tamil Nadu,VILUPPURAM,2021,Summer,134.12307692307692,29.779336412338708,High,1185.37,6072.27,5.123,Maize,synthetic_prototype
Tamil Nadu,VIRUDHUNAGAR,2021,Kharif,330.9059829059829,,Unknown,1399.7,5933.64,4.239,Maize,synthetic_prototype
Tamil Nadu,VIRUDHUNAGAR,2021,Kharif,330.9059829059829,,Unknown,3188.05,8926.33,2.8,Millet,synthetic_prototype
Tamil Nadu,VIRUDHUNAGAR,2021,Kharif,330.9059829059829,,Unknown,3363.02,6529.74,1.942,Soybean,synthetic_prototype
Tamil Nadu,VIRUDHUNAGAR,2021,Kharif,330.9059829059829,,Unknown,4758.52,8332.62,1.751,Cotton,synthetic_prototype
Tamil Nadu,VIRUDHUNAGAR,2021,Rabi,438.4777777777779,,Unknown,511.14,1573.39,3.078,Wheat,synthetic_prototype
Tamil Nadu,VIRUDHUNAGAR,2021,Rabi,438.4777777777779,,Unknown,2978.45,2592.43,0.87,Pulses,synthetic_prototype
Tamil Nadu,VIRUDHUNAGAR,2021,Rabi,438.4777777777779,,Unknown,5839.17,22996.74,3.938,Rice,synthetic_prototype
Tamil Nadu,VIRUDHUNAGAR,2021,Rabi,438.4777777777779,,Unknown,7262.5,33828.68,4.658,Maize,synthetic_prototype
Tamil Nadu,VIRUDHUNAGAR,2021,Summer,134.12307692307692,,Unknown,741.92,11293.28,15.222,Watermelon,synthetic_prototype
Tamil Nadu,VIRUDHUNAGAR,2021,Summer,134.12307692307692,,Unknown,999.83,2545.17,2.546,Millet,synthetic_prototype
Tamil Nadu,VIRUDHUNAGAR,2021,Summer,134.12307692307692,,Unknown,2880.74,12792.81,4.441,Maize,synthetic_prototype
Tamil Nadu,ARIYALUR,2022,Kharif,330.9059829059829,28.544388593024195,Medium,797.81,2138.57,2.681,Millet,synthetic_prototype
Tamil Nadu,ARIYALUR,2022,Kharif,330.9059829059829,28.544388593024195,Medium,3234.1,6996.62,2.163,Soybean,synthetic_prototype
Tamil Nadu,ARIYALUR,2022,Kharif,330.9059829059829,28.544388593024195,Medium,8340.54,31713.39,3.802,Rice,synthetic_prototype
Tamil Nadu,ARIYALUR,2022,Kharif,330.9059829059829,28.544388593024195,Medium,2730.87,5313.08,1.946,Cotton,synthetic_prototype
Tamil Nadu,ARIYALUR,2022,Rabi,438.4777777777779,28.544388593024195,Medium,1196.73,1423.86,1.19,Mustard,synthetic_prototype
Tamil Nadu,ARIYALUR,2022,Rabi,438.4777777777779,28.544388593024195,Medium,3031.16,13029.87,4.299,Rice,synthetic_prototype
Tamil Nadu,ARIYALUR,2022,Rabi,438.4777777777779,28.544388593024195,Medium,3462.98,18904.21,5.459,Maize,synthetic_prototype
Tamil Nadu,ARIYALUR,2022,Rabi,438.4777777777779,28.544388593024195,Medium,900.26,2013.1,2.236,Wheat,synthetic_prototype
Tamil Nadu,ARIYALUR,2022,Summer,134.12307692307692,28.544388593024195,Medium,2828.35,11569.55,4.091,Rice,synthetic_prototype
Tamil Nadu,ARIYALUR,2022,Summer,134.12307692307692,28.544388593024195,Medium,2173.69,5392.72,2.481,Millet,synthetic_prototype
Tamil Nadu,ARIYALUR,2022,Summer,134.12307692307692,28.544388593024195,Medium,1092.14,22399.43,20.51,Watermelon,synthetic_prototype
Tamil Nadu,CHENGALPATTU,2022,Kharif,330.9059829059829,,Unknown,12051.46,56900.57,4.721,Rice,synthetic_prototype
Tamil Nadu,CHENGALPATTU,2022,Kharif,330.9059829059829,,Unknown,4671.39,25377.45,5.433,Maize,synthetic_prototype
Tamil Nadu,CHENGALPATTU,2022,Kharif,330.9059829059829,,Unknown,3447.62,6293.27,1.825,Groundnut,synthetic_prototype
Tamil Nadu,CHENGALPATTU,2022,Kharif,330.9059829059829,,Unknown,2463.94,5881.4,2.387,Millet,synthetic_prototype
Tamil Nadu,CHENGALPATTU,2022,Rabi,438.4777777777779,,Unknown,1938.96,2252.13,1.162,Mustard,synthetic_prototype
Tamil Nadu,CHENGALPATTU,2022,Rabi,438.4777777777779,,Unknown,2569.82,3194.45,1.243,Pulses,synthetic_prototype
Tamil Nadu,CHENGALPATTU,2022,Rabi,438.4777777777779,,Unknown,7499.17,31177.26,4.157,Rice,synthetic_prototype
Tamil Nadu,CHENGALPATTU,2022,Rabi,438.4777777777779,,Unknown,436.24,1236.75,2.835,Wheat,synthetic_prototype
Tamil Nadu,CHENGALPATTU,2022,Summer,134.12307692307692,,Unknown,5002.0,20218.79,4.042,Rice,synthetic_prototype
Tamil Nadu,CHENGALPATTU,2022,Summer,134.12307692307692,,Unknown,2703.15,6753.83,2.499,Millet,synthetic_prototype
Tamil Nadu,CHENGALPATTU,2022,Summer,134.12307692307692,,Unknown,2059.71,7343.78,3.565,Maize,synthetic_prototype
Tamil Nadu,CHENNAI,2022,Kharif,330.9059829059829,21.27328608612097,Low,5184.95,21570.89,4.16,Maize,synthetic_prototype
Tamil Nadu,CHENNAI,2022,Kharif,330.9059829059829,21.27328608612097,Low,5005.63,12093.02,2.416,Groundnut,synthetic_prototype
Tamil Nadu,CHENNAI,2022,Kharif,330.9059829059829,21.27328608612097,Low,1264.74,3050.83,2.412,Millet,synthetic_prototype
Tamil Nadu,CHENNAI,2022,Kharif,330.9059829059829,21.27328608612097,Low,8809.16,30695.45,3.484,Rice,synthetic_prototype
Tamil Nadu,CHENNAI,2022,Rabi,438.4777777777779,21.27328608612097,Low,1625.85,4346.16,2.673,Wheat,synthetic_prototype
Tamil Nadu,CHENNAI,2022,Rabi,438.4777777777779,21.27328608612097,Low,3678.51,8167.57,2.22,Groundnut,synthetic_prototype
Tamil Nadu,CHENNAI,2022,Rabi,438.4777777777779,21.27328608612097,Low,5306.25,19677.6,3.708,Rice,synthetic_prototype
Tamil Nadu,CHENNAI,2022,Rabi,438.4777777777779,21.27328608612097,Low,2380.53,2442.95,1.026,Pulses,synthetic_prototype
Tamil Nadu,CHENNAI,2022,Summer,134.12307692307692,21.27328608612097,Low,3827.87,14697.05,3.839,Rice,synthetic_prototype
Tamil Nadu,CHENNAI,2022,Summer,134.12307692307692,21.27328608612097,Low,1753.68,36824.23,20.998,Watermelon,synthetic_prototype
Tamil Nadu,CHENNAI,2022,Summer,134.12307692307692,21.27328608612097,Low,2036.38,4501.2,2.21,Groundnut,synthetic_prototype
Tamil Nadu,COIMBATORE,2022,Kharif,330.9059829059829,29.7236860548,High,1059.33,3120.96,2.946,Millet,synthetic_prototype
Tamil Nadu,COIMBATORE,2022,Kharif,330.9059829059829,29.7236860548,High,819.69,1787.64,2.181,Soybean,synthetic_prototype
Tamil Nadu,COIMBATORE,2022,Kharif,330.9059829059829,29.7236860548,High,4873.19,11738.79,2.409,Groundnut,synthetic_prototype
Tamil Nadu,COIMBATORE,2022,Kharif,330.9059829059829,29.7236860548,High,3562.78,16045.92,4.504,Rice,synthetic_prototype
Tamil Nadu,COIMBATORE,2022,Rabi,438.4777777777779,29.7236860548,High,11751.84,60055.59,5.11,Rice,synthetic_prototype
Tamil Nadu,COIMBATORE,2022,Rabi,438.4777777777779,29.7236860548,High,3781.57,7006.58,1.853,Groundnut,synthetic_prototype
Tamil Nadu,COIMBATORE,2022,Rabi,438.4777777777779,29.7236860548,High,2051.2,5925.04,2.889,Wheat,synthetic_prototype
Tamil Nadu,COIMBATORE,2022,Rabi,438.4777777777779,29.7236860548,High,2051.45,10074.38,4.911,Maize,synthetic_prototype
Tamil Nadu,COIMBATORE,2022,Summer,134.12307692307692,29.7236860548,High,6096.03,23171.28,3.801,Rice,synthetic_prototype
Tamil Nadu,COIMBATORE,2022,Summer,134.12307692307692,29.7236860548,High,1312.68,4649.56,3.542,Maize,synthetic_prototype
Tamil Nadu,COIMBATORE,2022,Summer,134.12307692307692,29.7236860548,High,1647.8,3390.27,2.057,Groundnut,synthetic_prototype
Tamil Nadu,CUDDALORE,2022,Kharif,330.9059829059829,30.017899455080645,High,1816.53,3360.75,1.85,Soybean,synthetic_prototype
Tamil Nadu,CUDDALORE,2022,Kharif,330.9059829059829,30.017899455080645,High,2991.79,6493.03,2.17,Cotton,synthetic_prototype
Tamil Nadu,CUDDALORE,2022,Kharif,330.9059829059829,30.017899455080645,High,7835.35,36834.36,4.701,Rice,synthetic_prototype
Tamil Nadu,CUDDALORE,2022,Kharif,330.9059829059829,30.017899455080645,High,2677.51,5567.02,2.079,Groundnut,synthetic_prototype
Tamil Nadu,CUDDALORE,2022,Rabi,438.4777777777779,30.017899455080645,High,1492.91,1908.93,1.279,Pulses,synthetic_prototype
Tamil Nadu,CUDDALORE,2022,Rabi,438.4777777777779,30.017899455080645,High,3159.49,5007.55,1.585,Groundnut,synthetic_prototype
Tamil Nadu,CUDDALORE,2022,Rabi,438.4777777777779,30.017899455080645,High,824.26,2504.39,3.038,Wheat,synthetic_prototype
Tamil Nadu,CUDDALORE,2022,Rabi,438.4777777777779,30.017899455080645,High,5193.56,28337.62,5.456,Maize,synthetic_prototype
Tamil Nadu,CUDDALORE,2022,Summer,134.12307692307692,30.017899455080645,High,2908.03,12480.22,4.292,Rice,synthetic_prototype
Tamil Nadu,CUDDALORE,2022,Summer,134.12307692307692,30.017899455080645,High,2688.05,5085.71,1.892,Groundnut,synthetic_prototype
Tamil Nadu,CUDDALORE,2022,Summer,134.12307692307692,30.017899455080645,High,609.15,11190.09,18.37,Watermelon,synthetic_prototype
Tamil Nadu,DHARMAPURI,2022,Kharif,330.9059829059829,28.06294488487903,Medium,2328.73,3795.74,1.63,Soybean,synthetic_prototype
Tamil Nadu,DHARMAPURI,2022,Kharif,330.9059829059829,28.06294488487903,Medium,7897.44,38173.22,4.834,Maize,synthetic_prototype
Tamil Nadu,DHARMAPURI,2022,Kharif,330.9059829059829,28.06294488487903,Medium,2567.05,6564.4,2.557,Millet,synthetic_prototype
Tamil Nadu,DHARMAPURI,2022,Kharif,330.9059829059829,28.06294488487903,Medium,8523.35,32025.39,3.757,Rice,synthetic_prototype
Tamil Nadu,DHARMAPURI,2022,Rabi,438.4777777777779,28.06294488487903,Medium,9516.04,36602.48,3.846,Rice,synthetic_prototype
Tamil Nadu,DHARMAPURI,2022,Rabi,438.4777777777779,28.06294488487903,Medium,1267.92,3448.25,2.72,Wheat,synthetic_prototype
Tamil Nadu,DHARMAPURI,2022,Rabi,438.4777777777779,28.06294488487903,Medium,7172.46,33694.28,4.698,Maize,synthetic_prototype
Tamil Nadu,DHARMAPURI,2022,Rabi,438.4777777777779,28.06294488487903,Medium,3572.23,3156.48,0.884,Pulses,synthetic_prototype
Tamil Nadu,DHARMAPURI,2022,Summer,134.12307692307692,28.06294488487903,Medium,464.81,7570.54,16.287,Watermelon,synthetic_prototype
Tamil Nadu,DHARMAPURI,2022,Summer,134.12307692307692,28.06294488487903,Medium,1462.68,2931.2,2.004,Millet,synthetic_prototype
Tamil Nadu,DHARMAPURI,2022,Summer,134.12307692307692,28.06294488487903,Medium,2785.17,8928.79,3.206,Rice,synthetic_prototype
Tamil Nadu,DINDIGUL,2022,Kharif,330.9059829059829,28.69312810556,Medium,5507.1,12884.68,2.34,Groundnut,synthetic_prototype
Tamil Nadu,DINDIGUL,2022,Kharif,330.9059829059829,28.69312810556,Medium,2579.45,5985.52,2.32,Millet,synthetic_prototype
Tamil Nadu,DINDIGUL,2022,Kharif,330.9059829059829,28.69312810556,Medium,13019.92,55606.35,4.271,Rice,synthetic_prototype
Tamil Nadu,DINDIGUL,2022,Kharif,330.9059829059829,28.69312810556,Medium,4641.09,9692.72,2.088,Cotton,synthetic_prototype
Tamil Nadu,DINDIGUL,2022,Rabi,438.4777777777779,28.69312810556,Medium,6643.37,26517.72,3.992,Maize,synthetic_prototype
Tamil Nadu,DINDIGUL,2022,Rabi,438.4777777777779,28.69312810556,Medium,1569.68,2116.71,1.349,Mustard,synthetic_prototype
Tamil Nadu,DINDIGUL,2022,Rabi,438.4777777777779,28.69312810556,Medium,8622.93,44475.32,5.158,Rice,synthetic_prototype
Tamil Nadu,DINDIGUL,2022,Rabi,438.4777777777779,28.69312810556,Medium,788.6,2330.31,2.955,Wheat,synthetic_prototype
Tamil Nadu,DINDIGUL,2022,Summer,134.12307692307692,28.69312810556,Medium,4477.99,20027.33,4.472,Maize,synthetic_prototype
Tamil Nadu,DINDIGUL,2022,Summer,134.12307692307692,28.69312810556,Medium,6041.47,24458.89,4.048,Rice,synthetic_prototype
Tamil Nadu,DINDIGUL,2022,Summer,134.12307692307692,28.69312810556,Medium,932.93,1778.34,1.906,Millet,synthetic_prototype
Tamil Nadu,ERODE,2022,Kharif,330.9059829059829,27.250912962701612,Low,7538.14,30068.72,3.989,Maize,synthetic_prototype
Tamil Nadu,ERODE,2022,Kharif,330.9059829059829,27.250912962701612,Low,4555.81,10133.91,2.224,Cotton,synthetic_prototype
Tamil Nadu,ERODE,2022,Kharif,330.9059829059829,27.250912962701612,Low,2490.94,5849.77,2.348,Groundnut,synthetic_prototype
Tamil Nadu,ERODE,2022,Kharif,330.9059829059829,27.250912962701612,Low,14198.17,49128.26,3.46,Rice,synthetic_prototype
Tamil Nadu,ERODE,2022,Rabi,438.4777777777779,27.250912962701612,Low,4396.68,8131.67,1.85,Groundnut,synthetic_prototype
Tamil Nadu,ERODE,2022,Rabi,438.4777777777779,27.250912962701612,Low,3500.09,15735.08,4.496,Rice,synthetic_prototype
Tamil Nadu,ERODE,2022,Rabi,438.4777777777779,27.250912962701612,Low,904.15,2981.26,3.297,Wheat,synthetic_prototype
Tamil Nadu,ERODE,2022,Rabi,438.4777777777779,27.250912962701612,Low,4431.65,17966.69,4.054,Maize,synthetic_prototype
Tamil Nadu,ERODE,2022,Summer,134.12307692307692,27.250912962701612,Low,1815.32,4673.57,2.575,Millet,synthetic_prototype
Tamil Nadu,ERODE,2022,Summer,134.12307692307692,27.250912962701612,Low,1397.09,2410.73,1.726,Groundnut,synthetic_prototype
Tamil Nadu,ERODE,2022,Summer,134.12307692307692,27.250912962701612,Low,423.24,8710.15,20.58,Watermelon,synthetic_prototype
Tamil Nadu,KALLAKURICHI,2022,Kharif,330.9059829059829,,Unknown,3991.97,17641.74,4.419,Maize,synthetic_prototype
Tamil Nadu,KALLAKURICHI,2022,Kharif,330.9059829059829,,Unknown,2299.14,5359.7,2.331,Soybean,synthetic_prototype
Tamil Nadu,KALLAKURICHI,2022,Kharif,330.9059829059829,,Unknown,2100.02,5297.25,2.522,Millet,synthetic_prototype
Tamil Nadu,KALLAKURICHI,2022,Kharif,330.9059829059829,,Unknown,3125.34,13661.68,4.371,Rice,synthetic_prototype
Tamil Nadu,KALLAKURICHI,2022,Rabi,438.4777777777779,,Unknown,976.41,2251.58,2.306,Wheat,synthetic_prototype
Tamil Nadu,KALLAKURICHI,2022,Rabi,438.4777777777779,,Unknown,3225.77,4161.92,1.29,Pulses,synthetic_prototype
Tamil Nadu,KALLAKURICHI,2022,Rabi,438.4777777777779,,Unknown,3847.07,8459.36,2.199,Groundnut,synthetic_prototype
Tamil Nadu,KALLAKURICHI,2022,Rabi,438.4777777777779,,Unknown,1636.23,2447.48,1.496,Mustard,synthetic_prototype
Tamil Nadu,KALLAKURICHI,2022,Summer,134.12307692307692,,Unknown,3883.49,7736.41,1.992,Groundnut,synthetic_prototype
Tamil Nadu,KALLAKURICHI,2022,Summer,134.12307692307692,,Unknown,1265.91,6431.68,5.081,Maize,synthetic_prototype
Tamil Nadu,KALLAKURICHI,2022,Summer,134.12307692307692,,Unknown,1187.45,2766.88,2.33,Millet,synthetic_prototype
Tamil Nadu,KANCHIPURAM,2022,Kharif,330.9059829059829,,Unknown,4946.0,11242.41,2.273,Millet,synthetic_prototype
Tamil Nadu,KANCHIPURAM,2022,Kharif,330.9059829059829,,Unknown,2693.19,4326.93,1.607,Cotton,synthetic_prototype
Tamil Nadu,KANCHIPURAM,2022,Kharif,330.9059829059829,,Unknown,9600.79,38755.21,4.037,Rice,synthetic_prototype
Tamil Nadu,KANCHIPURAM,2022,Kharif,330.9059829059829,,Unknown,3300.69,6048.15,1.832,Soybean,synthetic_prototype
Tamil Nadu,KANCHIPURAM,2022,Rabi,438.4777777777779,,Unknown,6469.32,26710.53,4.129,Rice,synthetic_prototype
Tamil Nadu,KANCHIPURAM,2022,Rabi,438.4777777777779,,Unknown,1068.09,2752.02,2.577,Wheat,synthetic_prototype
Tamil Nadu,KANCHIPURAM,2022,Rabi,438.4777777777779,,Unknown,5073.25,11717.95,2.31,Groundnut,synthetic_prototype
Tamil Nadu,KANCHIPURAM,2022,Rabi,438.4777777777779,,Unknown,2848.03,2488.05,0.874,Pulses,synthetic_prototype
Tamil Nadu,KANCHIPURAM,2022,Summer,134.12307692307692,,Unknown,5955.2,26239.66,4.406,Rice,synthetic_prototype
Tamil Nadu,KANCHIPURAM,2022,Summer,134.12307692307692,,Unknown,1897.75,3351.02,1.766,Millet,synthetic_prototype
Tamil Nadu,KANCHIPURAM,2022,Summer,134.12307692307692,,Unknown,3668.14,7360.26,2.007,Groundnut,synthetic_prototype
Tamil Nadu,KANNIYAKUMARI,2022,Kharif,330.9059829059829,31.164836859555997,High,6327.68,18653.94,2.948,Millet,synthetic_prototype
Tamil Nadu,KANNIYAKUMARI,2022,Kharif,330.9059829059829,31.164836859555997,High,4836.82,17606.1,3.64,Rice,synthetic_prototype
Tamil Nadu,KANNIYAKUMARI,2022,Kharif,330.9059829059829,31.164836859555997,High,2408.61,13128.45,5.451,Maize,synthetic_prototype
Tamil Nadu,KANNIYAKUMARI,2022,Kharif,330.9059829059829,31.164836859555997,High,3309.8,5733.15,1.732,Soybean,synthetic_prototype
Tamil Nadu,KANNIYAKUMARI,2022,Rabi,438.4777777777779,31.164836859555997,High,2151.35,2755.27,1.281,Mustard,synthetic_prototype
Tamil Nadu,KANNIYAKUMARI,2022,Rabi,438.4777777777779,31.164836859555997,High,5473.85,8683.94,1.586,Groundnut,synthetic_prototype
Tamil Nadu,KANNIYAKUMARI,2022,Rabi,438.4777777777779,31.164836859555997,High,15781.64,59245.97,3.754,Rice,synthetic_prototype
Tamil Nadu,KANNIYAKUMARI,2022,Rabi,438.4777777777779,31.164836859555997,High,1034.28,2484.09,2.402,Wheat,synthetic_prototype
Tamil Nadu,KANNIYAKUMARI,2022,Summer,134.12307692307692,31.164836859555997,High,1339.71,27957.33,20.868,Watermelon,synthetic_prototype
Tamil Nadu,KANNIYAKUMARI,2022,Summer,134.12307692307692,31.164836859555997,High,4237.76,8683.49,2.049,Groundnut,synthetic_prototype
Tamil Nadu,KANNIYAKUMARI,2022,Summer,134.12307692307692,31.164836859555997,High,3582.57,11457.59,3.198,Rice,synthetic_prototype
Tamil Nadu,KARUR,2022,Kharif,330.9059829059829,25.69542081294355,Low,2330.62,10340.77,4.437,Rice,synthetic_prototype
Tamil Nadu,KARUR,2022,Kharif,330.9059829059829,25.69542081294355,Low,6101.41,28006.97,4.59,Maize,synthetic_prototype
Tamil Nadu,KARUR,2022,Kharif,330.9059829059829,25.69542081294355,Low,3982.86,6345.31,1.593,Cotton,synthetic_prototype
Tamil Nadu,KARUR,2022,Kharif,330.9059829059829,25.69542081294355,Low,3357.44,7014.11,2.089,Groundnut,synthetic_prototype
Tamil Nadu,KARUR,2022,Rabi,438.4777777777779,25.69542081294355,Low,2660.47,5029.68,1.891,Groundnut,synthetic_prototype
Tamil Nadu,KARUR,2022,Rabi,438.4777777777779,25.69542081294355,Low,3339.98,17418.26,5.215,Maize,synthetic_prototype
Tamil Nadu,KARUR,2022,Rabi,438.4777777777779,25.69542081294355,Low,3423.7,4003.0,1.169,Pulses,synthetic_prototype
Tamil Nadu,KARUR,2022,Rabi,438.4777777777779,25.69542081294355,Low,2335.35,2635.83,1.129,Mustard,synthetic_prototype
Tamil Nadu,KARUR,2022,Summer,134.12307692307692,25.69542081294355,Low,773.04,2720.75,3.52,Maize,synthetic_prototype
Tamil Nadu,KARUR,2022,Summer,134.12307692307692,25.69542081294355,Low,1466.85,29639.55,20.206,Watermelon,synthetic_prototype
Tamil Nadu,KARUR,2022,Summer,134.12307692307692,25.69542081294355,Low,1981.4,9267.57,4.677,Rice,synthetic_prototype
Tamil Nadu,KRISHNAGIRI,2022,Kharif,330.9059829059829,27.765414212580644,Medium,3917.45,9981.6,2.548,Millet,synthetic_prototype
Tamil Nadu,KRISHNAGIRI,2022,Kharif,330.9059829059829,27.765414212580644,Medium,930.25,1420.31,1.527,Cotton,synthetic_prototype
Tamil Nadu,KRISHNAGIRI,2022,Kharif,330.9059829059829,27.765414212580644,Medium,1545.89,2523.2,1.632,Soybean,synthetic_prototype
Tamil Nadu,KRISHNAGIRI,2022,Kharif,330.9059829059829,27.765414212580644,Medium,2745.39,13247.13,4.825,Maize,synthetic_prototype
Tamil Nadu,KRISHNAGIRI,2022,Rabi,438.4777777777779,27.765414212580644,Medium,1392.45,3536.07,2.539,Wheat,synthetic_prototype
Tamil Nadu,KRISHNAGIRI,2022,Rabi,438.4777777777779,27.765414212580644,Medium,841.43,1189.65,1.414,Mustard,synthetic_prototype
Tamil Nadu,KRISHNAGIRI,2022,Rabi,438.4777777777779,27.765414212580644,Medium,4337.0,20514.23,4.73,Rice,synthetic_prototype
Tamil Nadu,KRISHNAGIRI,2022,Rabi,438.4777777777779,27.765414212580644,Medium,828.25,1829.85,2.209,Groundnut,synthetic_prototype
Tamil Nadu,KRISHNAGIRI,2022,Summer,134.12307692307692,27.765414212580644,Medium,1504.72,2477.21,1.646,Groundnut,synthetic_prototype
Tamil Nadu,KRISHNAGIRI,2022,Summer,134.12307692307692,27.765414212580644,Medium,436.41,6418.52,14.708,Watermelon,synthetic_prototype
Tamil Nadu,KRISHNAGIRI,2022,Summer,134.12307692307692,27.765414212580644,Medium,2645.84,11838.82,4.475,Maize,synthetic_prototype
Tamil Nadu,MADURAI,2022,Kharif,330.9059829059829,32.49706241748,High,8097.21,29378.96,3.628,Rice,synthetic_prototype
Tamil Nadu,MADURAI,2022,Kharif,330.9059829059829,32.49706241748,High,1134.02,1811.75,1.598,Cotton,synthetic_prototype
Tamil Nadu,MADURAI,2022,Kharif,330.9059829059829,32.49706241748,High,5261.75,27570.38,5.24,Maize,synthetic_prototype
Tamil Nadu,MADURAI,2022,Kharif,330.9059829059829,32.49706241748,High,2968.36,6260.12,2.109,Groundnut,synthetic_prototype
Tamil Nadu,MADURAI,2022,Rabi,438.4777777777779,32.49706241748,High,5970.48,26732.5,4.477,Rice,synthetic_prototype
Tamil Nadu,MADURAI,2022,Rabi,438.4777777777779,32.49706241748,High,3896.12,16191.54,4.156,Maize,synthetic_prototype
Tamil Nadu,MADURAI,2022,Rabi,438.4777777777779,32.49706241748,High,3815.16,3407.62,0.893,Pulses,synthetic_prototype
Tamil Nadu,MADURAI,2022,Rabi,438.4777777777779,32.49706241748,High,2929.22,6113.55,2.087,Groundnut,synthetic_prototype
Tamil Nadu,MADURAI,2022,Summer,134.12307692307692,32.49706241748,High,2453.66,5493.92,2.239,Groundnut,synthetic_prototype
Tamil Nadu,MADURAI,2022,Summer,134.12307692307692,32.49706241748,High,971.51,17819.3,18.342,Watermelon,synthetic_prototype
Tamil Nadu,MADURAI,2022,Summer,134.12307692307692,32.49706241748,High,2679.92,5635.63,2.103,Millet,synthetic_prototype
Tamil Nadu,MAYILADUTHURAI,2022,Kharif,330.9059829059829,,Unknown,1682.38,3103.88,1.845,Groundnut,synthetic_prototype
Tamil Nadu,MAYILADUTHURAI,2022,Kharif,330.9059829059829,,Unknown,1292.42,2287.22,1.77,Soybean,synthetic_prototype
Tamil Nadu,MAYILADUTHURAI,2022,Kharif,330.9059829059829,,Unknown,4748.92,10939.32,2.304,Millet,synthetic_prototype
Tamil Nadu,MAYILADUTHURAI,2022,Kharif,330.9059829059829,,Unknown,3627.1,5948.82,1.64,Cotton,synthetic_prototype
Tamil Nadu,MAYILADUTHURAI,2022,Rabi,438.4777777777779,,Unknown,747.74,744.57,0.996,Pulses,synthetic_prototype
Tamil Nadu,MAYILADUTHURAI,2022,Rabi,438.4777777777779,,Unknown,707.76,2165.91,3.06,Wheat,synthetic_prototype
Tamil Nadu,MAYILADUTHURAI,2022,Rabi,438.4777777777779,,Unknown,844.13,1466.4,1.737,Groundnut,synthetic_prototype
Tamil Nadu,MAYILADUTHURAI,2022,Rabi,438.4777777777779,,Unknown,915.64,1278.99,1.397,Mustard,synthetic_prototype
Tamil Nadu,MAYILADUTHURAI,2022,Summer,134.12307692307692,,Unknown,404.09,8366.8,20.705,Watermelon,synthetic_prototype
Tamil Nadu,MAYILADUTHURAI,2022,Summer,134.12307692307692,,Unknown,640.82,1325.43,2.068,Millet,synthetic_prototype
Tamil Nadu,MAYILADUTHURAI,2022,Summer,134.12307692307692,,Unknown,3916.94,18180.1,4.641,Rice,synthetic_prototype
Tamil Nadu,NAGAPATTINAM,2022,Kharif,330.9059829059829,,Unknown,12541.53,61974.13,4.942,Rice,synthetic_prototype
Tamil Nadu,NAGAPATTINAM,2022,Kharif,330.9059829059829,,Unknown,3910.61,8896.95,2.275,Soybean,synthetic_prototype
Tamil Nadu,NAGAPATTINAM,2022,Kharif,330.9059829059829,,Unknown,928.03,2681.14,2.889,Millet,synthetic_prototype
Tamil Nadu,NAGAPATTINAM,2022,Kharif,330.9059829059829,,Unknown,5981.68,28109.77,4.699,Maize,synthetic_prototype
Tamil Nadu,NAGAPATTINAM,2022,Rabi,438.4777777777779,,Unknown,2188.8,6266.61,2.863,Wheat,synthetic_prototype
Tamil Nadu,NAGAPATTINAM,2022,Rabi,438.4777777777779,,Unknown,9673.59,36962.88,3.821,Rice,synthetic_prototype
Tamil Nadu,NAGAPATTINAM,2022,Rabi,438.4777777777779,,Unknown,1915.02,1898.16,0.991,Pulses,synthetic_prototype
Tamil Nadu,NAGAPATTINAM,2022,Rabi,438.4777777777779,,Unknown,1540.7,3146.81,2.042,Groundnut,synthetic_prototype
Tamil Nadu,NAGAPATTINAM,2022,Summer,134.12307692307692,,Unknown,2673.83,6078.91,2.273,Millet,synthetic_prototype
Tamil Nadu,NAGAPATTINAM,2022,Summer,134.12307692307692,,Unknown,1852.39,8440.46,4.557,Rice,synthetic_prototype
Tamil Nadu,NAGAPATTINAM,2022,Summer,134.12307692307692,,Unknown,2469.34,4670.47,1.891,Groundnut,synthetic_prototype
Tamil Nadu,NAMAKKAL,2022,Kharif,330.9059829059829,25.152302552862903,Low,11268.68,42427.43,3.765,Rice,synthetic_prototype
Tamil Nadu,NAMAKKAL,2022,Kharif,330.9059829059829,25.152302552862903,Low,2151.32,4393.82,2.042,Soybean,synthetic_prototype
Tamil Nadu,NAMAKKAL,2022,Kharif,330.9059829059829,25.152302552862903,Low,991.69,1640.44,1.654,Cotton,synthetic_prototype
Tamil Nadu,NAMAKKAL,2022,Kharif,330.9059829059829,25.152302552862903,Low,4501.63,10256.19,2.278,Millet,synthetic_prototype
Tamil Nadu,NAMAKKAL,2022,Rabi,438.4777777777779,25.152302552862903,Low,6597.61,24452.29,3.706,Rice,synthetic_prototype
Tamil Nadu,NAMAKKAL,2022,Rabi,438.4777777777779,25.152302552862903,Low,3761.34,18052.76,4.8,Maize,synthetic_prototype
Tamil Nadu,NAMAKKAL,2022,Rabi,438.4777777777779,25.152302552862903,Low,1479.21,1843.74,1.246,Mustard,synthetic_prototype
Tamil Nadu,NAMAKKAL,2022,Rabi,438.4777777777779,25.152302552862903,Low,1155.44,3585.75,3.103,Wheat,synthetic_prototype
Tamil Nadu,NAMAKKAL,2022,Summer,134.12307692307692,25.152302552862903,Low,515.9,9708.18,18.818,Watermelon,synthetic_prototype
Tamil Nadu,NAMAKKAL,2022,Summer,134.12307692307692,25.152302552862903,Low,2393.89,10757.17,4.494,Rice,synthetic_prototype
Tamil Nadu,NAMAKKAL,2022,Summer,134.12307692307692,25.152302552862903,Low,2869.71,13901.72,4.844,Maize,synthetic_prototype
Tamil Nadu,PERAMBALUR,2022,Kharif,330.9059829059829,32.95149883487903,High,1221.03,2226.0,1.823,Groundnut,synthetic_prototype
Tamil Nadu,PERAMBALUR,2022,Kharif,330.9059829059829,32.95149883487903,High,1476.51,3285.86,2.225,Soybean,synthetic_prototype
Tamil Nadu,PERAMBALUR,2022,Kharif,330.9059829059829,32.95149883487903,High,3958.72,8042.58,2.032,Cotton,synthetic_prototype
Tamil Nadu,PERAMBALUR,2022,Kharif,330.9059829059829,32.95149883487903,High,6927.69,18838.84,2.719,Millet,synthetic_prototype
Tamil Nadu,PERAMBALUR,2022,Rabi,438.4777777777779,32.95149883487903,High,2246.72,5321.82,2.369,Groundnut,synthetic_prototype
Tamil Nadu,PERAMBALUR,2022,Rabi,438.4777777777779,32.95149883487903,High,2465.23,7523.08,3.052,Wheat,synthetic_prototype
Tamil Nadu,PERAMBALUR,2022,Rabi,438.4777777777779,32.95149883487903,High,2855.36,15179.44,5.316,Rice,synthetic_prototype
Tamil Nadu,PERAMBALUR,2022,Rabi,438.4777777777779,32.95149883487903,High,8611.51,35630.91,4.138,Maize,synthetic_prototype
Tamil Nadu,PERAMBALUR,2022,Summer,134.12307692307692,32.95149883487903,High,2697.18,5654.35,2.096,Groundnut,synthetic_prototype
Tamil Nadu,PERAMBALUR,2022,Summer,134.12307692307692,32.95149883487903,High,1151.87,2774.22,2.408,Millet,synthetic_prototype
Tamil Nadu,PERAMBALUR,2022,Summer,134.12307692307692,32.95149883487903,High,4229.58,16380.81,3.873,Rice,synthetic_prototype
Tamil Nadu,PUDUKKOTTAI,2022,Kharif,330.9059829059829,23.147286031048385,Low,4677.15,23103.28,4.94,Maize,synthetic_prototype
Tamil Nadu,PUDUKKOTTAI,2022,Kharif,330.9059829059829,23.147286031048385,Low,4161.38,6953.99,1.671,Cotton,synthetic_prototype
Tamil Nadu,PUDUKKOTTAI,2022,Kharif,330.9059829059829,23.147286031048385,Low,2226.9,4862.98,2.184,Soybean,synthetic_prototype
Tamil Nadu,PUDUKKOTTAI,2022,Kharif,330.9059829059829,23.147286031048385,Low,4894.32,10507.94,2.147,Groundnut,synthetic_prototype
Tamil Nadu,PUDUKKOTTAI,2022,Rabi,438.4777777777779,23.147286031048385,Low,5897.37,31917.3,5.412,Maize,synthetic_prototype
Tamil Nadu,PUDUKKOTTAI,2022,Rabi,438.4777777777779,23.147286031048385,Low,3822.91,7195.47,1.882,Groundnut,synthetic_prototype
Tamil Nadu,PUDUKKOTTAI,2022,Rabi,438.4777777777779,23.147286031048385,Low,1958.76,2401.54,1.226,Mustard,synthetic_prototype
Tamil Nadu,PUDUKKOTTAI,2022,Rabi,438.4777777777779,23.147286031048385,Low,1198.86,3929.33,3.278,Wheat,synthetic_prototype
Tamil Nadu,PUDUKKOTTAI,2022,Summer,134.12307692307692,23.147286031048385,Low,2918.6,14344.63,4.915,Maize,synthetic_prototype
Tamil Nadu,PUDUKKOTTAI,2022,Summer,134.12307692307692,23.147286031048385,Low,1633.9,3123.85,1.912,Millet,synthetic_prototype
Tamil Nadu,PUDUKKOTTAI,2022,Summer,134.12307692307692,23.147286031048385,Low,1647.01,25844.67,15.692,Watermelon,synthetic_prototype
Tamil Nadu,RAMANATHAPURAM,2022,Kharif,330.9059829059829,28.9982593121,Medium,1413.44,2599.42,1.839,Soybean,synthetic_prototype
Tamil Nadu,RAMANATHAPURAM,2022,Kharif,330.9059829059829,28.9982593121,Medium,5666.68,12720.73,2.245,Cotton,synthetic_prototype
Tamil Nadu,RAMANATHAPURAM,2022,Kharif,330.9059829059829,28.9982593121,Medium,2827.91,15328.54,5.42,Maize,synthetic_prototype
Tamil Nadu,RAMANATHAPURAM,2022,Kharif,330.9059829059829,28.9982593121,Medium,9952.47,36449.97,3.662,Rice,synthetic_prototype
Tamil Nadu,RAMANATHAPURAM,2022,Rabi,438.4777777777779,28.9982593121,Medium,4669.56,19185.63,4.109,Rice,synthetic_prototype
Tamil Nadu,RAMANATHAPURAM,2022,Rabi,438.4777777777779,28.9982593121,Medium,1084.47,1370.02,1.263,Mustard,synthetic_prototype
Tamil Nadu,RAMANATHAPURAM,2022,Rabi,438.4777777777779,28.9982593121,Medium,2323.11,2469.95,1.063,Pulses,synthetic_prototype
Tamil Nadu,RAMANATHAPURAM,2022,Rabi,438.4777777777779,28.9982593121,Medium,5822.8,10340.72,1.776,Groundnut,synthetic_prototype
Tamil Nadu,RAMANATHAPURAM,2022,Summer,134.12307692307692,28.9982593121,Medium,5138.81,18585.71,3.617,Rice,synthetic_prototype
Tamil Nadu,RAMANATHAPURAM,2022,Summer,134.12307692307692,28.9982593121,Medium,2867.49,6732.19,2.348,Millet,synthetic_prototype
Tamil Nadu,RAMANATHAPURAM,2022,Summer,134.12307692307692,28.9982593121,Medium,3360.23,15268.01,4.544,Maize,synthetic_prototype
Tamil Nadu,RANIPET,2022,Kharif,330.9059829059829,,Unknown,5181.81,9389.88,1.812,Groundnut,synthetic_prototype
Tamil Nadu,RANIPET,2022,Kharif,330.9059829059829,,Unknown,3711.29,10801.12,2.91,Millet,synthetic_prototype
Tamil Nadu,RANIPET,2022,Kharif,330.9059829059829,,Unknown,7766.03,29309.82,3.774,Rice,synthetic_prototype
Tamil Nadu,RANIPET,2022,Kharif,330.9059829059829,,Unknown,2456.12,5661.46,2.305,Soybean,synthetic_prototype
Tamil Nadu,RANIPET,2022,Rabi,438.4777777777779,,Unknown,6567.18,25679.84,3.91,Maize,synthetic_prototype
Tamil Nadu,RANIPET,2022,Rabi,438.4777777777779,,Unknown,10738.56,46806.64,4.359,Rice,synthetic_prototype
Tamil Nadu,RANIPET,2022,Rabi,438.4777777777779,,Unknown,2165.57,2317.92,1.07,Pulses,synthetic_prototype
Tamil Nadu,RANIPET,2022,Rabi,438.4777777777779,,Unknown,1671.17,3632.11,2.173,Groundnut,synthetic_prototype
Tamil Nadu,RANIPET,2022,Summer,134.12307692307692,,Unknown,6064.8,19277.41,3.179,Rice,synthetic_prototype
Tamil Nadu,RANIPET,2022,Summer,134.12307692307692,,Unknown,1769.15,7158.97,4.047,Maize,synthetic_prototype
Tamil Nadu,RANIPET,2022,Summer,134.12307692307692,,Unknown,2652.09,4769.01,1.798,Millet,synthetic_prototype
Tamil Nadu,SALEM,2022,Kharif,330.9059829059829,26.934064780120966,Low,8022.48,14451.82,1.801,Groundnut,synthetic_prototype
Tamil Nadu,SALEM,2022,Kharif,330.9059829059829,26.934064780120966,Low,690.76,1252.55,1.813,Soybean,synthetic_prototype
Tamil Nadu,SALEM,2022,Kharif,330.9059829059829,26.934064780120966,Low,10237.27,35302.81,3.448,Rice,synthetic_prototype
Tamil Nadu,SALEM,2022,Kharif,330.9059829059829,26.934064780120966,Low,6032.04,9753.92,1.617,Cotton,synthetic_prototype
Tamil Nadu,SALEM,2022,Rabi,438.4777777777779,26.934064780120966,Low,6384.42,12323.23,1.93,Groundnut,synthetic_prototype
Tamil Nadu,SALEM,2022,Rabi,438.4777777777779,26.934064780120966,Low,3684.28,16530.18,4.487,Rice,synthetic_prototype
Tamil Nadu,SALEM,2022,Rabi,438.4777777777779,26.934064780120966,Low,2266.79,2448.89,1.08,Mustard,synthetic_prototype
Tamil Nadu,SALEM,2022,Rabi,438.4777777777779,26.934064780120966,Low,4169.84,4709.8,1.129,Pulses,synthetic_prototype
Tamil Nadu,SALEM,2022,Summer,134.12307692307692,26.934064780120966,Low,2247.96,8175.08,3.637,Maize,synthetic_prototype
Tamil Nadu,SALEM,2022,Summer,134.12307692307692,26.934064780120966,Low,2691.94,4724.07,1.755,Groundnut,synthetic_prototype
Tamil Nadu,SALEM,2022,Summer,134.12307692307692,26.934064780120966,Low,1323.43,2555.07,1.931,Millet,synthetic_prototype
Tamil Nadu,SIVAGANGA,2022,Kharif,330.9059829059829,27.401053718064517,Medium,3864.78,7449.89,1.928,Groundnut,synthetic_prototype
Tamil Nadu,SIVAGANGA,2022,Kharif,330.9059829059829,27.401053718064517,Medium,3513.3,7740.96,2.203,Cotton,synthetic_prototype
Tamil Nadu,SIVAGANGA,2022,Kharif,330.9059829059829,27.401053718064517,Medium,1392.84,2457.66,1.764,Soybean,synthetic_prototype
Tamil Nadu,SIVAGANGA,2022,Kharif,330.9059829059829,27.401053718064517,Medium,1011.66,2014.02,1.991,Millet,synthetic_prototype
Tamil Nadu,SIVAGANGA,2022,Rabi,438.4777777777779,27.401053718064517,Medium,1742.02,2131.84,1.224,Pulses,synthetic_prototype
Tamil Nadu,SIVAGANGA,2022,Rabi,438.4777777777779,27.401053718064517,Medium,3177.06,5191.38,1.634,Groundnut,synthetic_prototype
Tamil Nadu,SIVAGANGA,2022,Rabi,438.4777777777779,27.401053718064517,Medium,571.74,1644.22,2.876,Wheat,synthetic_prototype
Tamil Nadu,SIVAGANGA,2022,Rabi,438.4777777777779,27.401053718064517,Medium,8215.75,37055.87,4.51,Rice,synthetic_prototype
Tamil Nadu,SIVAGANGA,2022,Summer,134.12307692307692,27.401053718064517,Medium,2361.94,4782.0,2.025,Groundnut,synthetic_prototype
Tamil Nadu,SIVAGANGA,2022,Summer,134.12307692307692,27.401053718064517,Medium,4739.9,20183.58,4.258,Rice,synthetic_prototype
Tamil Nadu,SIVAGANGA,2022,Summer,134.12307692307692,27.401053718064517,Medium,710.19,14569.84,20.515,Watermelon,synthetic_prototype
Tamil Nadu,TENKASI,2022,Kharif,330.9059829059829,,Unknown,2092.6,3940.41,1.883,Soybean,synthetic_prototype
Tamil Nadu,TENKASI,2022,Kharif,330.9059829059829,,Unknown,2782.29,7112.69,2.556,Millet,synthetic_prototype
Tamil Nadu,TENKASI,2022,Kharif,330.9059829059829,,Unknown,6449.75,33344.6,5.17,Maize,synthetic_prototype
Tamil Nadu,TENKASI,2022,Kharif,330.9059829059829,,Unknown,10392.5,47228.67,4.544,Rice,synthetic_prototype
Tamil Nadu,TENKASI,2022,Rabi,438.4777777777779,,Unknown,936.89,1035.68,1.105,Mustard,synthetic_prototype
Tamil Nadu,TENKASI,2022,Rabi,438.4777777777779,,Unknown,1750.5,9505.31,5.43,Maize,synthetic_prototype
Tamil Nadu,TENKASI,2022,Rabi,438.4777777777779,,Unknown,4074.79,8822.35,2.165,Groundnut,synthetic_prototype
Tamil Nadu,TENKASI,2022,Rabi,438.4777777777779,,Unknown,4418.01,20770.76,4.701,Rice,synthetic_prototype
Tamil Nadu,TENKASI,2022,Summer,134.12307692307692,,Unknown,1733.42,4118.73,2.376,Millet,synthetic_prototype
Tamil Nadu,TENKASI,2022,Summer,134.12307692307692,,Unknown,1519.66,5427.91,3.572,Maize,synthetic_prototype
Tamil Nadu,TENKASI,2022,Summer,134.12307692307692,,Unknown,3396.67,7145.09,2.104,Groundnut,synthetic_prototype
Tamil Nadu,THANJAVUR,2022,Kharif,330.9059829059829,28.445014925161292,Medium,4819.93,16517.57,3.427,Rice,synthetic_prototype
Tamil Nadu,THANJAVUR,2022,Kharif,330.9059829059829,28.445014925161292,Medium,3374.46,6841.66,2.027,Millet,synthetic_prototype
Tamil Nadu,THANJAVUR,2022,Kharif,330.9059829059829,28.445014925161292,Medium,7375.41,13010.56,1.764,Groundnut,synthetic_prototype
Tamil Nadu,THANJAVUR,2022,Kharif,330.9059829059829,28.445014925161292,Medium,1665.19,3495.04,2.099,Cotton,synthetic_prototype
Tamil Nadu,THANJAVUR,2022,Rabi,438.4777777777779,28.445014925161292,Medium,2471.46,4385.33,1.774,Groundnut,synthetic_prototype
Tamil Nadu,THANJAVUR,2022,Rabi,438.4777777777779,28.445014925161292,Medium,1946.6,8263.12,4.245,Maize,synthetic_prototype
Tamil Nadu,THANJAVUR,2022,Rabi,438.4777777777779,28.445014925161292,Medium,2543.49,2512.01,0.988,Pulses,synthetic_prototype
Tamil Nadu,THANJAVUR,2022,Rabi,438.4777777777779,28.445014925161292,Medium,7356.61,38889.94,5.286,Rice,synthetic_prototype
Tamil Nadu,THANJAVUR,2022,Summer,134.12307692307692,28.445014925161292,Medium,1688.65,3467.81,2.054,Groundnut,synthetic_prototype
Tamil Nadu,THANJAVUR,2022,Summer,134.12307692307692,28.445014925161292,Medium,3670.0,17827.64,4.858,Maize,synthetic_prototype
Tamil Nadu,THANJAVUR,2022,Summer,134.12307692307692,28.445014925161292,Medium,1068.03,4818.62,4.512,Rice,synthetic_prototype
Tamil Nadu,THE NILGIRIS,2022,Kharif,330.9059829059829,35.84706918911291,High,2031.64,3743.01,1.842,Cotton,synthetic_prototype
Tamil Nadu,THE NILGIRIS,2022,Kharif,330.9059829059829,35.84706918911291,High,7149.0,24586.05,3.439,Rice,synthetic_prototype
Tamil Nadu,THE NILGIRIS,2022,Kharif,330.9059829059829,35.84706918911291,High,964.73,1643.02,1.703,Soybean,synthetic_prototype
Tamil Nadu,THE NILGIRIS,2022,Kharif,330.9059829059829,35.84706918911291,High,2166.83,10707.16,4.941,Maize,synthetic_prototype
Tamil Nadu,THE NILGIRIS,2022,Rabi,438.4777777777779,35.84706918911291,High,13831.74,58375.5,4.22,Rice,synthetic_prototype
Tamil Nadu,THE NILGIRIS,2022,Rabi,438.4777777777779,35.84706918911291,High,2816.53,3169.13,1.125,Pulses,synthetic_prototype
Tamil Nadu,THE NILGIRIS,2022,Rabi,438.4777777777779,35.84706918911291,High,790.89,2556.9,3.233,Wheat,synthetic_prototype
Tamil Nadu,THE NILGIRIS,2022,Rabi,438.4777777777779,35.84706918911291,High,2733.15,4740.15,1.734,Groundnut,synthetic_prototype
Tamil Nadu,THE NILGIRIS,2022,Summer,134.12307692307692,35.84706918911291,High,3510.25,14918.45,4.25,Rice,synthetic_prototype
Tamil Nadu,THE NILGIRIS,2022,Summer,134.12307692307692,35.84706918911291,High,3316.22,16875.77,5.089,Maize,synthetic_prototype
Tamil Nadu,THE NILGIRIS,2022,Summer,134.12307692307692,35.84706918911291,High,1865.07,3299.09,1.769,Millet,synthetic_prototype
Tamil Nadu,THENI,2022,Kharif,330.9059829059829,34.932106377692,High,4059.94,9014.88,2.22,Millet,synthetic_prototype
Tamil Nadu,THENI,2022,Kharif,330.9059829059829,34.932106377692,High,2357.45,4027.45,1.708,Soybean,synthetic_prototype
Tamil Nadu,THENI,2022,Kharif,330.9059829059829,34.932106377692,High,1185.18,2413.14,2.036,Cotton,synthetic_prototype
Tamil Nadu,THENI,2022,Kharif,330.9059829059829,34.932106377692,High,4735.62,27830.83,5.877,Maize,synthetic_prototype
Tamil Nadu,THENI,2022,Rabi,438.4777777777779,34.932106377692,High,5337.31,22823.58,4.276,Maize,synthetic_prototype
Tamil Nadu,THENI,2022,Rabi,438.4777777777779,34.932106377692,High,2470.65,3024.53,1.224,Mustard,synthetic_prototype
Tamil Nadu,THENI,2022,Rabi,438.4777777777779,34.932106377692,High,2281.98,5188.11,2.274,Groundnut,synthetic_prototype
Tamil Nadu,THENI,2022,Rabi,438.4777777777779,34.932106377692,High,1276.81,3724.57,2.917,Wheat,synthetic_prototype
Tamil Nadu,THENI,2022,Summer,134.12307692307692,34.932106377692,High,2526.31,5069.69,2.007,Millet,synthetic_prototype
Tamil Nadu,THENI,2022,Summer,134.12307692307692,34.932106377692,High,7001.71,22154.06,3.164,Rice,synthetic_prototype
Tamil Nadu,THENI,2022,Summer,134.12307692307692,34.932106377692,High,465.83,8367.08,17.962,Watermelon,synthetic_prototype
Tamil Nadu,THOOTHUKUDI,2022,Kharif,330.9059829059829,,Unknown,4832.43,20988.64,4.343,Maize,synthetic_prototype
Tamil Nadu,THOOTHUKUDI,2022,Kharif,330.9059829059829,,Unknown,2073.5,5020.46,2.421,Millet,synthetic_prototype
Tamil Nadu,THOOTHUKUDI,2022,Kharif,330.9059829059829,,Unknown,10495.74,35870.03,3.418,Rice,synthetic_prototype
Tamil Nadu,THOOTHUKUDI,2022,Kharif,330.9059829059829,,Unknown,2107.58,3575.52,1.697,Cotton,synthetic_prototype
Tamil Nadu,THOOTHUKUDI,2022,Rabi,438.4777777777779,,Unknown,420.26,988.08,2.351,Wheat,synthetic_prototype
Tamil Nadu,THOOTHUKUDI,2022,Rabi,438.4777777777779,,Unknown,867.62,842.89,0.972,Pulses,synthetic_prototype
Tamil Nadu,THOOTHUKUDI,2022,Rabi,438.4777777777779,,Unknown,4861.15,18144.43,3.733,Maize,synthetic_prototype
Tamil Nadu,THOOTHUKUDI,2022,Rabi,438.4777777777779,,Unknown,6336.29,30034.1,4.74,Rice,synthetic_prototype
Tamil Nadu,THOOTHUKUDI,2022,Summer,134.12307692307692,,Unknown,2218.13,11424.84,5.151,Maize,synthetic_prototype
Tamil Nadu,THOOTHUKUDI,2022,Summer,134.12307692307692,,Unknown,1398.32,2894.68,2.07,Groundnut,synthetic_prototype
Tamil Nadu,THOOTHUKUDI,2022,Summer,134.12307692307692,,Unknown,1097.96,20946.59,19.078,Watermelon,synthetic_prototype
Tamil Nadu,TIRUCHIRAPPALLI,2022,Kharif,330.9059829059829,26.180574092419352,Low,5930.47,23191.9,3.911,Rice,synthetic_prototype
Tamil Nadu,TIRUCHIRAPPALLI,2022,Kharif,330.9059829059829,26.180574092419352,Low,1954.91,4745.42,2.427,Millet,synthetic_prototype
Tamil Nadu,TIRUCHIRAPPALLI,2022,Kharif,330.9059829059829,26.180574092419352,Low,5047.31,10945.18,2.169,Cotton,synthetic_prototype
Tamil Nadu,TIRUCHIRAPPALLI,2022,Kharif,330.9059829059829,26.180574092419352,Low,2971.9,16848.17,5.669,Maize,synthetic_prototype
Tamil Nadu,TIRUCHIRAPPALLI,2022,Rabi,438.4777777777779,26.180574092419352,Low,8625.43,30726.92,3.562,Rice,synthetic_prototype
Tamil Nadu,TIRUCHIRAPPALLI,2022,Rabi,438.4777777777779,26.180574092419352,Low,5167.47,9484.65,1.835,Groundnut,synthetic_prototype
Tamil Nadu,TIRUCHIRAPPALLI,2022,Rabi,438.4777777777779,26.180574092419352,Low,4193.23,5413.23,1.291,Pulses,synthetic_prototype
Tamil Nadu,TIRUCHIRAPPALLI,2022,Rabi,438.4777777777779,26.180574092419352,Low,2168.5,2488.38,1.148,Mustard,synthetic_prototype
Tamil Nadu,TIRUCHIRAPPALLI,2022,Summer,134.12307692307692,26.180574092419352,Low,2653.17,13570.62,5.115,Maize,synthetic_prototype
Tamil Nadu,TIRUCHIRAPPALLI,2022,Summer,134.12307692307692,26.180574092419352,Low,4058.41,17318.74,4.267,Rice,synthetic_prototype
Tamil Nadu,TIRUCHIRAPPALLI,2022,Summer,134.12307692307692,26.180574092419352,Low,934.03,1828.53,1.958,Groundnut,synthetic_prototype
Tamil Nadu,TIRUNELVELI,2022,Kharif,330.9059829059829,27.362339060924,Low,5479.28,12155.38,2.218,Groundnut,synthetic_prototype
Tamil Nadu,TIRUNELVELI,2022,Kharif,330.9059829059829,27.362339060924,Low,4248.88,9101.25,2.142,Millet,synthetic_prototype
Tamil Nadu,TIRUNELVELI,2022,Kharif,330.9059829059829,27.362339060924,Low,2727.95,5454.06,1.999,Cotton,synthetic_prototype
Tamil Nadu,TIRUNELVELI,2022,Kharif,330.9059829059829,27.362339060924,Low,5268.35,24076.14,4.57,Rice,synthetic_prototype
Tamil Nadu,TIRUNELVELI,2022,Rabi,438.4777777777779,27.362339060924,Low,3123.86,16842.3,5.391,Maize,synthetic_prototype
Tamil Nadu,TIRUNELVELI,2022,Rabi,438.4777777777779,27.362339060924,Low,4343.06,7749.88,1.784,Groundnut,synthetic_prototype
Tamil Nadu,TIRUNELVELI,2022,Rabi,438.4777777777779,27.362339060924,Low,1575.07,3700.38,2.349,Wheat,synthetic_prototype
Tamil Nadu,TIRUNELVELI,2022,Rabi,438.4777777777779,27.362339060924,Low,1548.44,1834.58,1.185,Pulses,synthetic_prototype
Tamil Nadu,TIRUNELVELI,2022,Summer,134.12307692307692,27.362339060924,Low,3156.36,14914.77,4.725,Maize,synthetic_prototype
Tamil Nadu,TIRUNELVELI,2022,Summer,134.12307692307692,27.362339060924,Low,1393.34,26187.65,18.795,Watermelon,synthetic_prototype
Tamil Nadu,TIRUNELVELI,2022,Summer,134.12307692307692,27.362339060924,Low,2398.84,5857.43,2.442,Millet,synthetic_prototype
Tamil Nadu,TIRUPATHUR,2022,Kharif,330.9059829059829,,Unknown,1403.5,3594.5,2.561,Millet,synthetic_prototype
Tamil Nadu,TIRUPATHUR,2022,Kharif,330.9059829059829,,Unknown,2559.28,4944.25,1.932,Cotton,synthetic_prototype
Tamil Nadu,TIRUPATHUR,2022,Kharif,330.9059829059829,,Unknown,1034.81,1946.8,1.881,Soybean,synthetic_prototype
Tamil Nadu,TIRUPATHUR,2022,Kharif,330.9059829059829,,Unknown,11580.47,49785.43,4.299,Rice,synthetic_prototype
Tamil Nadu,TIRUPATHUR,2022,Rabi,438.4777777777779,,Unknown,14291.83,54043.49,3.781,Rice,synthetic_prototype
Tamil Nadu,TIRUPATHUR,2022,Rabi,438.4777777777779,,Unknown,6189.8,24219.79,3.913,Maize,synthetic_prototype
Tamil Nadu,TIRUPATHUR,2022,Rabi,438.4777777777779,,Unknown,658.48,783.48,1.19,Mustard,synthetic_prototype
Tamil Nadu,TIRUPATHUR,2022,Rabi,438.4777777777779,,Unknown,4120.03,3974.19,0.965,Pulses,synthetic_prototype
Tamil Nadu,TIRUPATHUR,2022,Summer,134.12307692307692,,Unknown,2307.14,10216.68,4.428,Rice,synthetic_prototype
Tamil Nadu,TIRUPATHUR,2022,Summer,134.12307692307692,,Unknown,2592.21,5203.72,2.007,Millet,synthetic_prototype
Tamil Nadu,TIRUPATHUR,2022,Summer,134.12307692307692,,Unknown,3044.62,6851.23,2.25,Groundnut,synthetic_prototype
Tamil Nadu,TIRUPPUR,2022,Kharif,330.9059829059829,26.49042549164,Low,6591.55,30956.42,4.696,Maize,synthetic_prototype
Tamil Nadu,TIRUPPUR,2022,Kharif,330.9059829059829,26.49042549164,Low,15098.41,70869.47,4.694,Rice,synthetic_prototype
Tamil Nadu,TIRUPPUR,2022,Kharif,330.9059829059829,26.49042549164,Low,3014.13,7030.22,2.332,Groundnut,synthetic_prototype
Tamil Nadu,TIRUPPUR,2022,Kharif,330.9059829059829,26.49042549164,Low,3896.76,8384.26,2.152,Cotton,synthetic_prototype
Tamil Nadu,TIRUPPUR,2022,Rabi,438.4777777777779,26.49042549164,Low,8501.74,36911.15,4.342,Maize,synthetic_prototype
Tamil Nadu,TIRUPPUR,2022,Rabi,438.4777777777779,26.49042549164,Low,13353.06,65487.68,4.904,Rice,synthetic_prototype
Tamil Nadu,TIRUPPUR,2022,Rabi,438.4777777777779,26.49042549164,Low,1449.47,1700.14,1.173,Mustard,synthetic_prototype
Tamil Nadu,TIRUPPUR,2022,Rabi,438.4777777777779,26.49042549164,Low,3548.66,4406.27,1.242,Pulses,synthetic_prototype
Tamil Nadu,TIRUPPUR,2022,Summer,134.12307692307692,26.49042549164,Low,3254.84,6855.58,2.106,Groundnut,synthetic_prototype
Tamil Nadu,TIRUPPUR,2022,Summer,134.12307692307692,26.49042549164,Low,4877.26,20842.27,4.273,Maize,synthetic_prototype
Tamil Nadu,TIRUPPUR,2022,Summer,134.12307692307692,26.49042549164,Low,906.43,2124.64,2.344,Millet,synthetic_prototype
Tamil Nadu,TIRUVALLUR,2022,Kharif,330.9059829059829,,Unknown,4058.12,8306.43,2.047,Cotton,synthetic_prototype
Tamil Nadu,TIRUVALLUR,2022,Kharif,330.9059829059829,,Unknown,2895.74,6840.03,2.362,Soybean,synthetic_prototype
Tamil Nadu,TIRUVALLUR,2022,Kharif,330.9059829059829,,Unknown,6722.61,27082.82,4.029,Rice,synthetic_prototype
Tamil Nadu,TIRUVALLUR,2022,Kharif,330.9059829059829,,Unknown,6656.15,13784.2,2.071,Millet,synthetic_prototype
Tamil Nadu,TIRUVALLUR,2022,Rabi,438.4777777777779,,Unknown,7186.17,35064.53,4.879,Maize,synthetic_prototype
Tamil Nadu,TIRUVALLUR,2022,Rabi,438.4777777777779,,Unknown,2254.84,2196.54,0.974,Pulses,synthetic_prototype
Tamil Nadu,TIRUVALLUR,2022,Rabi,438.4777777777779,,Unknown,1858.52,2821.1,1.518,Mustard,synthetic_prototype
Tamil Nadu,TIRUVALLUR,2022,Rabi,438.4777777777779,,Unknown,10087.18,48288.2,4.787,Rice,synthetic_prototype
Tamil Nadu,TIRUVALLUR,2022,Summer,134.12307692307692,,Unknown,1560.63,3212.16,2.058,Millet,synthetic_prototype
Tamil Nadu,TIRUVALLUR,2022,Summer,134.12307692307692,,Unknown,1212.14,5246.7,4.328,Maize,synthetic_prototype
Tamil Nadu,TIRUVALLUR,2022,Summer,134.12307692307692,,Unknown,2972.93,4516.03,1.519,Groundnut,synthetic_prototype
Tamil Nadu,TIRUVANNAMALAI,2022,Kharif,330.9059829059829,30.938669521370965,High,3904.98,8050.82,2.062,Groundnut,synthetic_prototype
Tamil Nadu,TIRUVANNAMALAI,2022,Kharif,330.9059829059829,30.938669521370965,High,8303.24,35439.5,4.268,Rice,synthetic_prototype
Tamil Nadu,TIRUVANNAMALAI,2022,Kharif,330.9059829059829,30.938669521370965,High,1573.49,9044.34,5.748,Maize,synthetic_prototype
Tamil Nadu,TIRUVANNAMALAI,2022,Kharif,330.9059829059829,30.938669521370965,High,3353.69,7083.41,2.112,Cotton,synthetic_prototype
Tamil Nadu,TIRUVANNAMALAI,2022,Rabi,438.4777777777779,30.938669521370965,High,1199.54,3528.9,2.942,Wheat,synthetic_prototype
Tamil Nadu,TIRUVANNAMALAI,2022,Rabi,438.4777777777779,30.938669521370965,High,2082.3,10424.42,5.006,Maize,synthetic_prototype
Tamil Nadu,TIRUVANNAMALAI,2022,Rabi,438.4777777777779,30.938669521370965,High,397.74,472.91,1.189,Mustard,synthetic_prototype
Tamil Nadu,TIRUVANNAMALAI,2022,Rabi,438.4777777777779,30.938669521370965,High,880.24,1015.05,1.153,Pulses,synthetic_prototype
Tamil Nadu,TIRUVANNAMALAI,2022,Summer,134.12307692307692,30.938669521370965,High,3553.08,14602.98,4.11,Maize,synthetic_prototype
Tamil Nadu,TIRUVANNAMALAI,2022,Summer,134.12307692307692,30.938669521370965,High,876.46,18362.97,20.951,Watermelon,synthetic_prototype
Tamil Nadu,TIRUVANNAMALAI,2022,Summer,134.12307692307692,30.938669521370965,High,432.29,1107.34,2.562,Millet,synthetic_prototype
Tamil Nadu,TIRUVARUR,2022,Kharif,330.9059829059829,,Unknown,2234.69,5274.2,2.36,Soybean,synthetic_prototype
Tamil Nadu,TIRUVARUR,2022,Kharif,330.9059829059829,,Unknown,3689.09,16108.92,4.367,Maize,synthetic_prototype
Tamil Nadu,TIRUVARUR,2022,Kharif,330.9059829059829,,Unknown,4056.19,15061.56,3.713,Rice,synthetic_prototype
Tamil Nadu,TIRUVARUR,2022,Kharif,330.9059829059829,,Unknown,1457.95,3101.01,2.127,Cotton,synthetic_prototype
Tamil Nadu,TIRUVARUR,2022,Rabi,438.4777777777779,,Unknown,5037.29,21697.19,4.307,Rice,synthetic_prototype
Tamil Nadu,TIRUVARUR,2022,Rabi,438.4777777777779,,Unknown,2756.0,5772.1,2.094,Groundnut,synthetic_prototype
Tamil Nadu,TIRUVARUR,2022,Rabi,438.4777777777779,,Unknown,2025.24,11077.43,5.47,Maize,synthetic_prototype
Tamil Nadu,TIRUVARUR,2022,Rabi,438.4777777777779,,Unknown,1887.86,2078.74,1.101,Mustard,synthetic_prototype
Tamil Nadu,TIRUVARUR,2022,Summer,134.12307692307692,,Unknown,1644.73,25653.57,15.597,Watermelon,synthetic_prototype
Tamil Nadu,TIRUVARUR,2022,Summer,134.12307692307692,,Unknown,1344.84,3297.91,2.452,Millet,synthetic_prototype
Tamil Nadu,TIRUVARUR,2022,Summer,134.12307692307692,,Unknown,1918.59,3102.39,1.617,Groundnut,synthetic_prototype
Tamil Nadu,VELLORE,2022,Kharif,330.9059829059829,28.828871023427418,Medium,1666.55,6948.41,4.169,Maize,synthetic_prototype
Tamil Nadu,VELLORE,2022,Kharif,330.9059829059829,28.828871023427418,Medium,2331.38,6081.39,2.608,Millet,synthetic_prototype
Tamil Nadu,VELLORE,2022,Kharif,330.9059829059829,28.828871023427418,Medium,2635.49,4972.16,1.887,Groundnut,synthetic_prototype
Tamil Nadu,VELLORE,2022,Kharif,330.9059829059829,28.828871023427418,Medium,10079.2,33624.74,3.336,Rice,synthetic_prototype
Tamil Nadu,VELLORE,2022,Rabi,438.4777777777779,28.828871023427418,Medium,1570.79,1575.03,1.003,Pulses,synthetic_prototype
Tamil Nadu,VELLORE,2022,Rabi,438.4777777777779,28.828871023427418,Medium,5563.38,26133.39,4.697,Maize,synthetic_prototype
Tamil Nadu,VELLORE,2022,Rabi,438.4777777777779,28.828871023427418,Medium,10140.06,46012.18,4.538,Rice,synthetic_prototype
Tamil Nadu,VELLORE,2022,Rabi,438.4777777777779,28.828871023427418,Medium,1787.83,1993.87,1.115,Mustard,synthetic_prototype
Tamil Nadu,VELLORE,2022,Summer,134.12307692307692,28.828871023427418,Medium,2638.95,8382.94,3.177,Rice,synthetic_prototype
Tamil Nadu,VELLORE,2022,Summer,134.12307692307692,28.828871023427418,Medium,1539.64,2458.27,1.597,Groundnut,synthetic_prototype
Tamil Nadu,VELLORE,2022,Summer,134.12307692307692,28.828871023427418,Medium,1467.48,2619.23,1.785,Millet,synthetic_prototype
Tamil Nadu,VILUPPURAM,2022,Kharif,330.9059829059829,29.779336412338708,High,8744.32,43342.9,4.957,Rice,synthetic_prototype
Tamil Nadu,VILUPPURAM,2022,Kharif,330.9059829059829,29.779336412338708,High,4523.11,7729.4,1.709,Cotton,synthetic_prototype
Tamil Nadu,VILUPPURAM,2022,Kharif,330.9059829059829,29.779336412338708,High,3168.43,9019.91,2.847,Millet,synthetic_prototype
Tamil Nadu,VILUPPURAM,2022,Kharif,330.9059829059829,29.779336412338708,High,6257.84,35339.61,5.647,Maize,synthetic_prototype
Tamil Nadu,VILUPPURAM,2022,Rabi,438.4777777777779,29.779336412338708,High,423.64,981.46,2.317,Wheat,synthetic_prototype
Tamil Nadu,VILUPPURAM,2022,Rabi,438.4777777777779,29.779336412338708,High,2336.64,2321.93,0.994,Pulses,synthetic_prototype
Tamil Nadu,VILUPPURAM,2022,Rabi,438.4777777777779,29.779336412338708,High,12806.62,45794.15,3.576,Rice,synthetic_prototype
Tamil Nadu,VILUPPURAM,2022,Rabi,438.4777777777779,29.779336412338708,High,2361.1,3557.16,1.507,Mustard,synthetic_prototype
Tamil Nadu,VILUPPURAM,2022,Summer,134.12307692307692,29.779336412338708,High,1757.54,3841.5,2.186,Groundnut,synthetic_prototype
Tamil Nadu,VILUPPURAM,2022,Summer,134.12307692307692,29.779336412338708,High,5163.19,22058.48,4.272,Rice,synthetic_prototype
Tamil Nadu,VILUPPURAM,2022,Summer,134.12307692307692,29.779336412338708,High,1893.6,4509.39,2.381,Millet,synthetic_prototype
Tamil Nadu,VIRUDHUNAGAR,2022,Kharif,330.9059829059829,,Unknown,5951.5,12878.94,2.164,Cotton,synthetic_prototype
Tamil Nadu,VIRUDHUNAGAR,2022,Kharif,330.9059829059829,,Unknown,4515.5,18515.56,4.1,Maize,synthetic_prototype
Tamil Nadu,VIRUDHUNAGAR,2022,Kharif,330.9059829059829,,Unknown,5743.49,14073.42,2.45,Groundnut,synthetic_prototype
Tamil Nadu,VIRUDHUNAGAR,2022,Kharif,330.9059829059829,,Unknown,7129.57,28085.33,3.939,Rice,synthetic_prototype
Tamil Nadu,VIRUDHUNAGAR,2022,Rabi,438.4777777777779,,Unknown,2283.87,4088.26,1.79,Groundnut,synthetic_prototype
Tamil Nadu,VIRUDHUNAGAR,2022,Rabi,438.4777777777779,,Unknown,505.3,621.39,1.23,Mustard,synthetic_prototype
Tamil Nadu,VIRUDHUNAGAR,2022,Rabi,438.4777777777779,,Unknown,5348.24,6879.95,1.286,Pulses,synthetic_prototype
Tamil Nadu,VIRUDHUNAGAR,2022,Rabi,438.4777777777779,,Unknown,1493.82,4852.25,3.248,Wheat,synthetic_prototype
Tamil Nadu,VIRUDHUNAGAR,2022,Summer,134.12307692307692,,Unknown,660.15,1139.28,1.726,Groundnut,synthetic_prototype
Tamil Nadu,VIRUDHUNAGAR,2022,Summer,134.12307692307692,,Unknown,1117.83,5291.78,4.734,Maize,synthetic_prototype
Tamil Nadu,VIRUDHUNAGAR,2022,Summer,134.12307692307692,,Unknown,2362.2,9077.04,3.843,Rice,synthetic_prototype
Tamil Nadu,ARIYALUR,2023,Kharif,330.9059829059829,28.544388593024195,Medium,3915.58,9108.95,2.326,Groundnut,synthetic_prototype
Tamil Nadu,ARIYALUR,2023,Kharif,330.9059829059829,28.544388593024195,Medium,1616.46,3837.98,2.374,Millet,synthetic_prototype
Tamil Nadu,ARIYALUR,2023,Kharif,330.9059829059829,28.544388593024195,Medium,2700.77,5206.23,1.928,Cotton,synthetic_prototype
Tamil Nadu,ARIYALUR,2023,Kharif,330.9059829059829,28.544388593024195,Medium,1448.36,3077.81,2.125,Soybean,synthetic_prototype
Tamil Nadu,ARIYALUR,2023,Rabi,438.4777777777779,28.544388593024195,Medium,2441.74,11907.39,4.877,Rice,synthetic_prototype
Tamil Nadu,ARIYALUR,2023,Rabi,438.4777777777779,28.544388593024195,Medium,1545.0,6197.51,4.011,Maize,synthetic_prototype
Tamil Nadu,ARIYALUR,2023,Rabi,438.4777777777779,28.544388593024195,Medium,983.08,1038.56,1.056,Mustard,synthetic_prototype
Tamil Nadu,ARIYALUR,2023,Rabi,438.4777777777779,28.544388593024195,Medium,3556.45,4631.45,1.302,Pulses,synthetic_prototype
Tamil Nadu,ARIYALUR,2023,Summer,134.12307692307692,28.544388593024195,Medium,1055.78,20633.27,19.543,Watermelon,synthetic_prototype
Tamil Nadu,ARIYALUR,2023,Summer,134.12307692307692,28.544388593024195,Medium,1249.7,3169.18,2.536,Millet,synthetic_prototype
Tamil Nadu,ARIYALUR,2023,Summer,134.12307692307692,28.544388593024195,Medium,2623.93,13129.61,5.004,Maize,synthetic_prototype
Tamil Nadu,CHENGALPATTU,2023,Kharif,330.9059829059829,,Unknown,1139.61,2294.78,2.014,Millet,synthetic_prototype
Tamil Nadu,CHENGALPATTU,2023,Kharif,330.9059829059829,,Unknown,3349.87,7962.85,2.377,Groundnut,synthetic_prototype
Tamil Nadu,CHENGALPATTU,2023,Kharif,330.9059829059829,,Unknown,1666.2,2676.61,1.606,Soybean,synthetic_prototype
Tamil Nadu,CHENGALPATTU,2023,Kharif,330.9059829059829,,Unknown,6519.85,22811.6,3.499,Rice,synthetic_prototype
Tamil Nadu,CHENGALPATTU,2023,Rabi,438.4777777777779,,Unknown,945.35,1407.97,1.489,Mustard,synthetic_prototype
Tamil Nadu,CHENGALPATTU,2023,Rabi,438.4777777777779,,Unknown,9439.78,47926.65,5.077,Rice,synthetic_prototype
Tamil Nadu,CHENGALPATTU,2023,Rabi,438.4777777777779,,Unknown,2478.46,13092.98,5.283,Maize,synthetic_prototype
Tamil Nadu,CHENGALPATTU,2023,Rabi,438.4777777777779,,Unknown,3155.55,3028.45,0.96,Pulses,synthetic_prototype
Tamil Nadu,CHENGALPATTU,2023,Summer,134.12307692307692,,Unknown,348.0,7492.73,21.531,Watermelon,synthetic_prototype
Tamil Nadu,CHENGALPATTU,2023,Summer,134.12307692307692,,Unknown,2655.15,5279.81,1.989,Groundnut,synthetic_prototype
Tamil Nadu,CHENGALPATTU,2023,Summer,134.12307692307692,,Unknown,1089.11,4194.89,3.852,Rice,synthetic_prototype
Tamil Nadu,CHENNAI,2023,Kharif,330.9059829059829,21.27328608612097,Low,7650.34,33980.58,4.442,Rice,synthetic_prototype
Tamil Nadu,CHENNAI,2023,Kharif,330.9059829059829,21.27328608612097,Low,1194.46,2179.23,1.824,Soybean,synthetic_prototype
Tamil Nadu,CHENNAI,2023,Kharif,330.9059829059829,21.27328608612097,Low,2298.77,4052.91,1.763,Cotton,synthetic_prototype
Tamil Nadu,CHENNAI,2023,Kharif,330.9059829059829,21.27328608612097,Low,749.89,1538.87,2.052,Millet,synthetic_prototype
Tamil Nadu,CHENNAI,2023,Rabi,438.4777777777779,21.27328608612097,Low,4986.41,21818.69,4.376,Rice,synthetic_prototype
Tamil Nadu,CHENNAI,2023,Rabi,438.4777777777779,21.27328608612097,Low,1675.49,1720.87,1.027,Pulses,synthetic_prototype
Tamil Nadu,CHENNAI,2023,Rabi,438.4777777777779,21.27328608612097,Low,1469.62,3154.36,2.146,Groundnut,synthetic_prototype
Tamil Nadu,CHENNAI,2023,Rabi,438.4777777777779,21.27328608612097,Low,1267.19,3350.26,2.644,Wheat,synthetic_prototype
Tamil Nadu,CHENNAI,2023,Summer,134.12307692307692,21.27328608612097,Low,536.44,11151.46,20.788,Watermelon,synthetic_prototype
Tamil Nadu,CHENNAI,2023,Summer,134.12307692307692,21.27328608612097,Low,1336.22,4986.55,3.732,Maize,synthetic_prototype
Tamil Nadu,CHENNAI,2023,Summer,134.12307692307692,21.27328608612097,Low,4521.19,19201.33,4.247,Rice,synthetic_prototype
Tamil Nadu,COIMBATORE,2023,Kharif,330.9059829059829,29.7236860548,High,5017.06,11546.65,2.301,Millet,synthetic_prototype
Tamil Nadu,COIMBATORE,2023,Kharif,330.9059829059829,29.7236860548,High,4041.59,8601.27,2.128,Groundnut,synthetic_prototype
Tamil Nadu,COIMBATORE,2023,Kharif,330.9059829059829,29.7236860548,High,3568.11,14495.8,4.063,Rice,synthetic_prototype
Tamil Nadu,COIMBATORE,2023,Kharif,330.9059829059829,29.7236860548,High,4932.65,10344.31,2.097,Cotton,synthetic_prototype
Tamil Nadu,COIMBATORE,2023,Rabi,438.4777777777779,29.7236860548,High,3940.12,7624.93,1.935,Groundnut,synthetic_prototype
Tamil Nadu,COIMBATORE,2023,Rabi,438.4777777777779,29.7236860548,High,11133.98,40520.74,3.639,Rice,synthetic_prototype
Tamil Nadu,COIMBATORE,2023,Rabi,438.4777777777779,29.7236860548,High,1469.62,3504.17,2.384,Wheat,synthetic_prototype
Tamil Nadu,COIMBATORE,2023,Rabi,438.4777777777779,29.7236860548,High,552.45,802.76,1.453,Mustard,synthetic_prototype
Tamil Nadu,COIMBATORE,2023,Summer,134.12307692307692,29.7236860548,High,1184.92,2147.02,1.812,Groundnut,synthetic_prototype
Tamil Nadu,COIMBATORE,2023,Summer,134.12307692307692,29.7236860548,High,4585.09,16664.02,3.634,Rice,synthetic_prototype
Tamil Nadu,COIMBATORE,2023,Summer,134.12307692307692,29.7236860548,High,782.52,1527.22,1.952,Millet,synthetic_prototype
Tamil Nadu,CUDDALORE,2023,Kharif,330.9059829059829,30.017899455080645,High,1856.2,5027.05,2.708,Millet,synthetic_prototype
Tamil Nadu,CUDDALORE,2023,Kharif,330.9059829059829,30.017899455080645,High,4536.19,18558.57,4.091,Maize,synthetic_prototype
Tamil Nadu,CUDDALORE,2023,Kharif,330.9059829059829,30.017899455080645,High,1867.5,3369.79,1.804,Groundnut,synthetic_prototype
Tamil Nadu,CUDDALORE,2023,Kharif,330.9059829059829,30.017899455080645,High,6180.9,10665.34,1.726,Cotton,synthetic_prototype
Tamil Nadu,CUDDALORE,2023,Rabi,438.4777777777779,30.017899455080645,High,874.39,1822.33,2.084,Groundnut,synthetic_prototype
Tamil Nadu,CUDDALORE,2023,Rabi,438.4777777777779,30.017899455080645,High,921.39,1296.25,1.407,Mustard,synthetic_prototype
Tamil Nadu,CUDDALORE,2023,Rabi,438.4777777777779,30.017899455080645,High,5008.47,22676.77,4.528,Maize,synthetic_prototype
Tamil Nadu,CUDDALORE,2023,Rabi,438.4777777777779,30.017899455080645,High,2921.84,2644.83,0.905,Pulses,synthetic_prototype
Tamil Nadu,CUDDALORE,2023,Summer,134.12307692307692,30.017899455080645,High,704.27,12866.48,18.269,Watermelon,synthetic_prototype
Tamil Nadu,CUDDALORE,2023,Summer,134.12307692307692,30.017899455080645,High,4736.5,23179.02,4.894,Maize,synthetic_prototype
Tamil Nadu,CUDDALORE,2023,Summer,134.12307692307692,30.017899455080645,High,902.95,1892.71,2.096,Millet,synthetic_prototype
Tamil Nadu,DHARMAPURI,2023,Kharif,330.9059829059829,28.06294488487903,Medium,1986.62,5224.4,2.63,Millet,synthetic_prototype
Tamil Nadu,DHARMAPURI,2023,Kharif,330.9059829059829,28.06294488487903,Medium,12288.47,50497.91,4.109,Rice,synthetic_prototype
Tamil Nadu,DHARMAPURI,2023,Kharif,330.9059829059829,28.06294488487903,Medium,4383.03,7156.32,1.633,Cotton,synthetic_prototype
Tamil Nadu,DHARMAPURI,2023,Kharif,330.9059829059829,28.06294488487903,Medium,5107.29,25121.66,4.919,Maize,synthetic_prototype
Tamil Nadu,DHARMAPURI,2023,Rabi,438.4777777777779,28.06294488487903,Medium,2636.08,2508.72,0.952,Pulses,synthetic_prototype
Tamil Nadu,DHARMAPURI,2023,Rabi,438.4777777777779,28.06294488487903,Medium,4031.85,18925.83,4.694,Rice,synthetic_prototype
Tamil Nadu,DHARMAPURI,2023,Rabi,438.4777777777779,28.06294488487903,Medium,1468.93,6200.46,4.221,Maize,synthetic_prototype
Tamil Nadu,DHARMAPURI,2023,Rabi,438.4777777777779,28.06294488487903,Medium,6678.7,11221.47,1.68,Groundnut,synthetic_prototype
Tamil Nadu,DHARMAPURI,2023,Summer,134.12307692307692,28.06294488487903,Medium,1121.24,16313.07,14.549,Watermelon,synthetic_prototype
Tamil Nadu,DHARMAPURI,2023,Summer,134.12307692307692,28.06294488487903,Medium,6158.0,26055.55,4.231,Rice,synthetic_prototype
Tamil Nadu,DHARMAPURI,2023,Summer,134.12307692307692,28.06294488487903,Medium,701.01,1110.07,1.584,Groundnut,synthetic_prototype
Tamil Nadu,DINDIGUL,2023,Kharif,330.9059829059829,28.69312810556,Medium,2597.4,5927.72,2.282,Soybean,synthetic_prototype
Tamil Nadu,DINDIGUL,2023,Kharif,330.9059829059829,28.69312810556,Medium,1401.32,3248.43,2.318,Groundnut,synthetic_prototype
Tamil Nadu,DINDIGUL,2023,Kharif,330.9059829059829,28.69312810556,Medium,6386.71,11199.82,1.754,Cotton,synthetic_prototype
Tamil Nadu,DINDIGUL,2023,Kharif,330.9059829059829,28.69312810556,Medium,7702.73,32914.71,4.273,Rice,synthetic_prototype
Tamil Nadu,DINDIGUL,2023,Rabi,438.4777777777779,28.69312810556,Medium,530.86,1493.28,2.813,Wheat,synthetic_prototype
Tamil Nadu,DINDIGUL,2023,Rabi,438.4777777777779,28.69312810556,Medium,1801.66,2728.31,1.514,Mustard,synthetic_prototype
Tamil Nadu,DINDIGUL,2023,Rabi,438.4777777777779,28.69312810556,Medium,1089.99,1872.5,1.718,Groundnut,synthetic_prototype
Tamil Nadu,DINDIGUL,2023,Rabi,438.4777777777779,28.69312810556,Medium,8176.5,42372.11,5.182,Rice,synthetic_prototype
Tamil Nadu,DINDIGUL,2023,Summer,134.12307692307692,28.69312810556,Medium,3025.58,6798.22,2.247,Groundnut,synthetic_prototype
Tamil Nadu,DINDIGUL,2023,Summer,134.12307692307692,28.69312810556,Medium,1016.01,2086.56,2.054,Millet,synthetic_prototype
Tamil Nadu,DINDIGUL,2023,Summer,134.12307692307692,28.69312810556,Medium,2691.12,9874.41,3.669,Maize,synthetic_prototype
Tamil Nadu,ERODE,2023,Kharif,330.9059829059829,27.250912962701612,Low,4691.84,10560.03,2.251,Groundnut,synthetic_prototype
Tamil Nadu,ERODE,2023,Kharif,330.9059829059829,27.250912962701612,Low,1982.95,3468.55,1.749,Cotton,synthetic_prototype
Tamil Nadu,ERODE,2023,Kharif,330.9059829059829,27.250912962701612,Low,2886.89,4859.03,1.683,Soybean,synthetic_prototype
Tamil Nadu,ERODE,2023,Kharif,330.9059829059829,27.250912962701612,Low,9484.32,55632.81,5.866,Maize,synthetic_prototype
Tamil Nadu,ERODE,2023,Rabi,438.4777777777779,27.250912962701612,Low,964.59,2939.96,3.048,Wheat,synthetic_prototype
Tamil Nadu,ERODE,2023,Rabi,438.4777777777779,27.250912962701612,Low,6422.85,24962.74,3.887,Maize,synthetic_prototype
Tamil Nadu,ERODE,2023,Rabi,438.4777777777779,27.250912962701612,Low,4998.16,9110.55,1.823,Groundnut,synthetic_prototype
Tamil Nadu,ERODE,2023,Rabi,438.4777777777779,27.250912962701612,Low,1656.55,1590.33,0.96,Pulses,synthetic_prototype
Tamil Nadu,ERODE,2023,Summer,134.12307692307692,27.250912962701612,Low,3949.69,15254.92,3.862,Rice,synthetic_prototype
Tamil Nadu,ERODE,2023,Summer,134.12307692307692,27.250912962701612,Low,2399.18,5916.11,2.466,Millet,synthetic_prototype
Tamil Nadu,ERODE,2023,Summer,134.12307692307692,27.250912962701612,Low,2968.63,12637.0,4.257,Maize,synthetic_prototype
Tamil Nadu,KALLAKURICHI,2023,Kharif,330.9059829059829,,Unknown,5134.63,24870.53,4.844,Maize,synthetic_prototype
Tamil Nadu,KALLAKURICHI,2023,Kharif,330.9059829059829,,Unknown,11767.33,54331.13,4.617,Rice,synthetic_prototype
Tamil Nadu,KALLAKURICHI,2023,Kharif,330.9059829059829,,Unknown,4945.45,8320.27,1.682,Groundnut,synthetic_prototype
Tamil Nadu,KALLAKURICHI,2023,Kharif,330.9059829059829,,Unknown,2853.44,5840.14,2.047,Soybean,synthetic_prototype
Tamil Nadu,KALLAKURICHI,2023,Rabi,438.4777777777779,,Unknown,6701.82,15114.0,2.255,Groundnut,synthetic_prototype
Tamil Nadu,KALLAKURICHI,2023,Rabi,438.4777777777779,,Unknown,2901.61,15564.9,5.364,Maize,synthetic_prototype
Tamil Nadu,KALLAKURICHI,2023,Rabi,438.4777777777779,,Unknown,3184.05,3712.92,1.166,Mustard,synthetic_prototype
Tamil Nadu,KALLAKURICHI,2023,Rabi,438.4777777777779,,Unknown,3607.74,3393.56,0.941,Pulses,synthetic_prototype
Tamil Nadu,KALLAKURICHI,2023,Summer,134.12307692307692,,Unknown,2360.03,4265.97,1.808,Millet,synthetic_prototype
Tamil Nadu,KALLAKURICHI,2023,Summer,134.12307692307692,,Unknown,1980.44,7848.34,3.963,Rice,synthetic_prototype
Tamil Nadu,KALLAKURICHI,2023,Summer,134.12307692307692,,Unknown,2115.85,3452.3,1.632,Groundnut,synthetic_prototype
Tamil Nadu,KANCHIPURAM,2023,Kharif,330.9059829059829,,Unknown,4960.82,8104.92,1.634,Cotton,synthetic_prototype
Tamil Nadu,KANCHIPURAM,2023,Kharif,330.9059829059829,,Unknown,2824.35,6519.75,2.308,Groundnut,synthetic_prototype
Tamil Nadu,KANCHIPURAM,2023,Kharif,330.9059829059829,,Unknown,4126.66,9951.54,2.412,Millet,synthetic_prototype
Tamil Nadu,KANCHIPURAM,2023,Kharif,330.9059829059829,,Unknown,2091.66,4510.03,2.156,Soybean,synthetic_prototype
Tamil Nadu,KANCHIPURAM,2023,Rabi,438.4777777777779,,Unknown,3751.55,6483.73,1.728,Groundnut,synthetic_prototype
Tamil Nadu,KANCHIPURAM,2023,Rabi,438.4777777777779,,Unknown,1386.4,2125.47,1.533,Mustard,synthetic_prototype
Tamil Nadu,KANCHIPURAM,2023,Rabi,438.4777777777779,,Unknown,3405.92,3383.93,0.994,Pulses,synthetic_prototype
Tamil Nadu,KANCHIPURAM,2023,Rabi,438.4777777777779,,Unknown,1439.53,3591.04,2.495,Wheat,synthetic_prototype
Tamil Nadu,KANCHIPURAM,2023,Summer,134.12307692307692,,Unknown,1601.82,25509.7,15.925,Watermelon,synthetic_prototype
Tamil Nadu,KANCHIPURAM,2023,Summer,134.12307692307692,,Unknown,1998.71,3840.82,1.922,Millet,synthetic_prototype
Tamil Nadu,KANCHIPURAM,2023,Summer,134.12307692307692,,Unknown,5916.83,26902.28,4.547,Rice,synthetic_prototype
Tamil Nadu,KANNIYAKUMARI,2023,Kharif,330.9059829059829,31.164836859555997,High,12374.72,58280.12,4.71,Rice,synthetic_prototype
Tamil Nadu,KANNIYAKUMARI,2023,Kharif,330.9059829059829,31.164836859555997,High,4824.17,8543.87,1.771,Groundnut,synthetic_prototype
Tamil Nadu,KANNIYAKUMARI,2023,Kharif,330.9059829059829,31.164836859555997,High,2854.3,16250.14,5.693,Maize,synthetic_prototype
Tamil Nadu,KANNIYAKUMARI,2023,Kharif,330.9059829059829,31.164836859555997,High,1054.51,2680.12,2.542,Millet,synthetic_prototype
Tamil Nadu,KANNIYAKUMARI,2023,Rabi,438.4777777777779,31.164836859555997,High,5914.43,22598.15,3.821,Maize,synthetic_prototype
Tamil Nadu,KANNIYAKUMARI,2023,Rabi,438.4777777777779,31.164836859555997,High,3340.67,6854.51,2.052,Groundnut,synthetic_prototype
Tamil Nadu,KANNIYAKUMARI,2023,Rabi,438.4777777777779,31.164836859555997,High,4228.94,3806.46,0.9,Pulses,synthetic_prototype
Tamil Nadu,KANNIYAKUMARI,2023,Rabi,438.4777777777779,31.164836859555997,High,1586.49,1656.95,1.044,Mustard,synthetic_prototype
Tamil Nadu,KANNIYAKUMARI,2023,Summer,134.12307692307692,31.164836859555997,High,876.2,14862.15,16.962,Watermelon,synthetic_prototype
Tamil Nadu,KANNIYAKUMARI,2023,Summer,134.12307692307692,31.164836859555997,High,2358.89,8798.91,3.73,Rice,synthetic_prototype
Tamil Nadu,KANNIYAKUMARI,2023,Summer,134.12307692307692,31.164836859555997,High,4755.05,20940.43,4.404,Maize,synthetic_prototype
Tamil Nadu,KARUR,2023,Kharif,330.9059829059829,25.69542081294355,Low,1904.35,3940.12,2.069,Groundnut,synthetic_prototype
Tamil Nadu,KARUR,2023,Kharif,330.9059829059829,25.69542081294355,Low,3168.7,8613.99,2.718,Millet,synthetic_prototype
Tamil Nadu,KARUR,2023,Kharif,330.9059829059829,25.69542081294355,Low,2931.72,6225.14,2.123,Soybean,synthetic_prototype
Tamil Nadu,KARUR,2023,Kharif,330.9059829059829,25.69542081294355,Low,3218.53,7249.38,2.252,Cotton,synthetic_prototype
Tamil Nadu,KARUR,2023,Rabi,438.4777777777779,25.69542081294355,Low,2005.5,4582.09,2.285,Groundnut,synthetic_prototype
Tamil Nadu,KARUR,2023,Rabi,438.4777777777779,25.69542081294355,Low,6717.3,33542.93,4.994,Rice,synthetic_prototype
Tamil Nadu,KARUR,2023,Rabi,438.4777777777779,25.69542081294355,Low,750.34,2193.71,2.924,Wheat,synthetic_prototype
Tamil Nadu,KARUR,2023,Rabi,438.4777777777779,25.69542081294355,Low,1288.87,6367.31,4.94,Maize,synthetic_prototype
Tamil Nadu,KARUR,2023,Summer,134.12307692307692,25.69542081294355,Low,2648.26,13365.39,5.047,Maize,synthetic_prototype
Tamil Nadu,KARUR,2023,Summer,134.12307692307692,25.69542081294355,Low,2809.66,5336.03,1.899,Groundnut,synthetic_prototype
Tamil Nadu,KARUR,2023,Summer,134.12307692307692,25.69542081294355,Low,1129.76,2282.26,2.02,Millet,synthetic_prototype
Tamil Nadu,KRISHNAGIRI,2023,Kharif,330.9059829059829,27.765414212580644,Medium,1251.21,2339.97,1.87,Cotton,synthetic_prototype
Tamil Nadu,KRISHNAGIRI,2023,Kharif,330.9059829059829,27.765414212580644,Medium,3581.54,7917.05,2.211,Soybean,synthetic_prototype
Tamil Nadu,KRISHNAGIRI,2023,Kharif,330.9059829059829,27.765414212580644,Medium,5042.95,29650.85,5.88,Maize,synthetic_prototype
Tamil Nadu,KRISHNAGIRI,2023,Kharif,330.9059829059829,27.765414212580644,Medium,4457.4,10534.95,2.363,Millet,synthetic_prototype
Tamil Nadu,KRISHNAGIRI,2023,Rabi,438.4777777777779,27.765414212580644,Medium,1002.78,2947.77,2.94,Wheat,synthetic_prototype
Tamil Nadu,KRISHNAGIRI,2023,Rabi,438.4777777777779,27.765414212580644,Medium,3829.98,16636.46,4.344,Rice,synthetic_prototype
Tamil Nadu,KRISHNAGIRI,2023,Rabi,438.4777777777779,27.765414212580644,Medium,1389.78,2161.73,1.555,Mustard,synthetic_prototype
Tamil Nadu,KRISHNAGIRI,2023,Rabi,438.4777777777779,27.765414212580644,Medium,1111.87,1006.36,0.905,Pulses,synthetic_prototype
Tamil Nadu,KRISHNAGIRI,2023,Summer,134.12307692307692,27.765414212580644,Medium,898.32,1896.68,2.111,Millet,synthetic_prototype
Tamil Nadu,KRISHNAGIRI,2023,Summer,134.12307692307692,27.765414212580644,Medium,712.92,1334.11,1.871,Groundnut,synthetic_prototype
Tamil Nadu,KRISHNAGIRI,2023,Summer,134.12307692307692,27.765414212580644,Medium,398.54,7582.6,19.026,Watermelon,synthetic_prototype
Tamil Nadu,MADURAI,2023,Kharif,330.9059829059829,32.49706241748,High,8857.8,49040.64,5.536,Maize,synthetic_prototype
Tamil Nadu,MADURAI,2023,Kharif,330.9059829059829,32.49706241748,High,1874.92,3649.58,1.947,Groundnut,synthetic_prototype
Tamil Nadu,MADURAI,2023,Kharif,330.9059829059829,32.49706241748,High,3015.52,6519.04,2.162,Soybean,synthetic_prototype
Tamil Nadu,MADURAI,2023,Kharif,330.9059829059829,32.49706241748,High,2390.87,4873.28,2.038,Millet,synthetic_prototype
Tamil Nadu,MADURAI,2023,Rabi,438.4777777777779,32.49706241748,High,1473.98,1686.93,1.144,Pulses,synthetic_prototype
Tamil Nadu,MADURAI,2023,Rabi,438.4777777777779,32.49706241748,High,6881.66,29251.79,4.251,Rice,synthetic_prototype
Tamil Nadu,MADURAI,2023,Rabi,438.4777777777779,32.49706241748,High,3502.97,13527.31,3.862,Maize,synthetic_prototype
Tamil Nadu,MADURAI,2023,Rabi,438.4777777777779,32.49706241748,High,2385.63,3329.17,1.396,Mustard,synthetic_prototype
Tamil Nadu,MADURAI,2023,Summer,134.12307692307692,32.49706241748,High,819.79,3470.09,4.233,Maize,synthetic_prototype
Tamil Nadu,MADURAI,2023,Summer,134.12307692307692,32.49706241748,High,2676.36,12295.37,4.594,Rice,synthetic_prototype
Tamil Nadu,MADURAI,2023,Summer,134.12307692307692,32.49706241748,High,1048.49,17056.83,16.268,Watermelon,synthetic_prototype
Tamil Nadu,MAYILADUTHURAI,2023,Kharif,330.9059829059829,,Unknown,1386.45,3353.96,2.419,Millet,synthetic_prototype
Tamil Nadu,MAYILADUTHURAI,2023,Kharif,330.9059829059829,,Unknown,3920.08,7114.87,1.815,Groundnut,synthetic_prototype
Tamil Nadu,MAYILADUTHURAI,2023,Kharif,330.9059829059829,,Unknown,5720.46,30809.26,5.386,Maize,synthetic_prototype
Tamil Nadu,MAYILADUTHURAI,2023,Kharif,330.9059829059829,,Unknown,2012.62,4256.97,2.115,Cotton,synthetic_prototype
Tamil Nadu,MAYILADUTHURAI,2023,Rabi,438.4777777777779,,Unknown,1290.99,1972.98,1.528,Mustard,synthetic_prototype
Tamil Nadu,MAYILADUTHURAI,2023,Rabi,438.4777777777779,,Unknown,4771.3,8842.22,1.853,Groundnut,synthetic_prototype
Tamil Nadu,MAYILADUTHURAI,2023,Rabi,438.4777777777779,,Unknown,2129.8,8598.57,4.037,Maize,synthetic_prototype
Tamil Nadu,MAYILADUTHURAI,2023,Rabi,438.4777777777779,,Unknown,8451.69,45182.36,5.346,Rice,synthetic_prototype
Tamil Nadu,MAYILADUTHURAI,2023,Summer,134.12307692307692,,Unknown,4928.41,24783.92,5.029,Maize,synthetic_prototype
Tamil Nadu,MAYILADUTHURAI,2023,Summer,134.12307692307692,,Unknown,4415.14,18214.22,4.125,Rice,synthetic_prototype
Tamil Nadu,MAYILADUTHURAI,2023,Summer,134.12307692307692,,Unknown,698.69,1345.08,1.925,Millet,synthetic_prototype
Tamil Nadu,NAGAPATTINAM,2023,Kharif,330.9059829059829,,Unknown,4494.99,16546.73,3.681,Rice,synthetic_prototype
Tamil Nadu,NAGAPATTINAM,2023,Kharif,330.9059829059829,,Unknown,5075.01,9142.1,1.801,Cotton,synthetic_prototype
Tamil Nadu,NAGAPATTINAM,2023,Kharif,330.9059829059829,,Unknown,2803.29,5432.36,1.938,Groundnut,synthetic_prototype
Tamil Nadu,NAGAPATTINAM,2023,Kharif,330.9059829059829,,Unknown,5877.79,29378.75,4.998,Maize,synthetic_prototype
Tamil Nadu,NAGAPATTINAM,2023,Rabi,438.4777777777779,,Unknown,10134.01,54250.64,5.353,Rice,synthetic_prototype
Tamil Nadu,NAGAPATTINAM,2023,Rabi,438.4777777777779,,Unknown,4008.4,18529.2,4.623,Maize,synthetic_prototype
Tamil Nadu,NAGAPATTINAM,2023,Rabi,438.4777777777779,,Unknown,1033.89,2504.27,2.422,Wheat,synthetic_prototype
Tamil Nadu,NAGAPATTINAM,2023,Rabi,438.4777777777779,,Unknown,2254.37,2638.13,1.17,Pulses,synthetic_prototype
Tamil Nadu,NAGAPATTINAM,2023,Summer,134.12307692307692,,Unknown,4858.97,17991.36,3.703,Maize,synthetic_prototype
Tamil Nadu,NAGAPATTINAM,2023,Summer,134.12307692307692,,Unknown,4618.13,17816.98,3.858,Rice,synthetic_prototype
Tamil Nadu,NAGAPATTINAM,2023,Summer,134.12307692307692,,Unknown,1895.83,4883.58,2.576,Millet,synthetic_prototype
Tamil Nadu,NAMAKKAL,2023,Kharif,330.9059829059829,25.152302552862903,Low,4020.67,11164.92,2.777,Millet,synthetic_prototype
Tamil Nadu,NAMAKKAL,2023,Kharif,330.9059829059829,25.152302552862903,Low,4542.52,25949.97,5.713,Maize,synthetic_prototype
Tamil Nadu,NAMAKKAL,2023,Kharif,330.9059829059829,25.152302552862903,Low,6056.47,14213.04,2.347,Groundnut,synthetic_prototype
Tamil Nadu,NAMAKKAL,2023,Kharif,330.9059829059829,25.152302552862903,Low,2346.68,4965.31,2.116,Soybean,synthetic_prototype
Tamil Nadu,NAMAKKAL,2023,Rabi,438.4777777777779,25.152302552862903,Low,3916.78,19577.35,4.998,Maize,synthetic_prototype
Tamil Nadu,NAMAKKAL,2023,Rabi,438.4777777777779,25.152302552862903,Low,2530.4,3239.18,1.28,Pulses,synthetic_prototype
Tamil Nadu,NAMAKKAL,2023,Rabi,438.4777777777779,25.152302552862903,Low,1182.0,3851.13,3.258,Wheat,synthetic_prototype
Tamil Nadu,NAMAKKAL,2023,Rabi,438.4777777777779,25.152302552862903,Low,2115.38,10625.4,5.023,Rice,synthetic_prototype
Tamil Nadu,NAMAKKAL,2023,Summer,134.12307692307692,25.152302552862903,Low,2115.49,34146.57,16.141,Watermelon,synthetic_prototype
Tamil Nadu,NAMAKKAL,2023,Summer,134.12307692307692,25.152302552862903,Low,5247.68,22203.43,4.231,Rice,synthetic_prototype
Tamil Nadu,NAMAKKAL,2023,Summer,134.12307692307692,25.152302552862903,Low,4356.09,19763.67,4.537,Maize,synthetic_prototype
Tamil Nadu,PERAMBALUR,2023,Kharif,330.9059829059829,32.95149883487903,High,9008.33,31775.02,3.527,Rice,synthetic_prototype
Tamil Nadu,PERAMBALUR,2023,Kharif,330.9059829059829,32.95149883487903,High,5917.83,13080.84,2.21,Groundnut,synthetic_prototype
Tamil Nadu,PERAMBALUR,2023,Kharif,330.9059829059829,32.95149883487903,High,5333.64,14013.17,2.627,Millet,synthetic_prototype
Tamil Nadu,PERAMBALUR,2023,Kharif,330.9059829059829,32.95149883487903,High,1481.1,3493.86,2.359,Soybean,synthetic_prototype
Tamil Nadu,PERAMBALUR,2023,Rabi,438.4777777777779,32.95149883487903,High,1798.91,7281.51,4.048,Maize,synthetic_prototype
Tamil Nadu,PERAMBALUR,2023,Rabi,438.4777777777779,32.95149883487903,High,1791.85,2769.57,1.546,Mustard,synthetic_prototype
Tamil Nadu,PERAMBALUR,2023,Rabi,438.4777777777779,32.95149883487903,High,2972.45,6501.75,2.187,Groundnut,synthetic_prototype
Tamil Nadu,PERAMBALUR,2023,Rabi,438.4777777777779,32.95149883487903,High,5316.22,6497.16,1.222,Pulses,synthetic_prototype
Tamil Nadu,PERAMBALUR,2023,Summer,134.12307692307692,32.95149883487903,High,802.3,12969.9,16.166,Watermelon,synthetic_prototype
Tamil Nadu,PERAMBALUR,2023,Summer,134.12307692307692,32.95149883487903,High,6158.04,27296.28,4.433,Rice,synthetic_prototype
Tamil Nadu,PERAMBALUR,2023,Summer,134.12307692307692,32.95149883487903,High,2282.06,5090.31,2.231,Groundnut,synthetic_prototype
Tamil Nadu,PUDUKKOTTAI,2023,Kharif,330.9059829059829,23.147286031048385,Low,5576.97,10033.75,1.799,Groundnut,synthetic_prototype
Tamil Nadu,PUDUKKOTTAI,2023,Kharif,330.9059829059829,23.147286031048385,Low,3237.1,13449.37,4.155,Maize,synthetic_prototype
Tamil Nadu,PUDUKKOTTAI,2023,Kharif,330.9059829059829,23.147286031048385,Low,6584.5,11049.18,1.678,Cotton,synthetic_prototype
Tamil Nadu,PUDUKKOTTAI,2023,Kharif,330.9059829059829,23.147286031048385,Low,1634.85,3946.1,2.414,Millet,synthetic_prototype
Tamil Nadu,PUDUKKOTTAI,2023,Rabi,438.4777777777779,23.147286031048385,Low,2310.76,2956.97,1.28,Pulses,synthetic_prototype
Tamil Nadu,PUDUKKOTTAI,2023,Rabi,438.4777777777779,23.147286031048385,Low,1858.17,1942.3,1.045,Mustard,synthetic_prototype
Tamil Nadu,PUDUKKOTTAI,2023,Rabi,438.4777777777779,23.147286031048385,Low,2778.24,13614.8,4.901,Maize,synthetic_prototype
Tamil Nadu,PUDUKKOTTAI,2023,Rabi,438.4777777777779,23.147286031048385,Low,590.7,1980.62,3.353,Wheat,synthetic_prototype
Tamil Nadu,PUDUKKOTTAI,2023,Summer,134.12307692307692,23.147286031048385,Low,2913.96,4494.68,1.542,Groundnut,synthetic_prototype
Tamil Nadu,PUDUKKOTTAI,2023,Summer,134.12307692307692,23.147286031048385,Low,1033.2,3913.9,3.788,Maize,synthetic_prototype
Tamil Nadu,PUDUKKOTTAI,2023,Summer,134.12307692307692,23.147286031048385,Low,2261.61,4412.22,1.951,Millet,synthetic_prototype
Tamil Nadu,RAMANATHAPURAM,2023,Kharif,330.9059829059829,28.9982593121,Medium,2501.73,5615.01,2.244,Cotton,synthetic_prototype
Tamil Nadu,RAMANATHAPURAM,2023,Kharif,330.9059829059829,28.9982593121,Medium,1856.63,3407.77,1.835,Soybean,synthetic_prototype
Tamil Nadu,RAMANATHAPURAM,2023,Kharif,330.9059829059829,28.9982593121,Medium,12870.65,54330.38,4.221,Rice,synthetic_prototype
Tamil Nadu,RAMANATHAPURAM,2023,Kharif,330.9059829059829,28.9982593121,Medium,2504.8,5442.83,2.173,Millet,synthetic_prototype
Tamil Nadu,RAMANATHAPURAM,2023,Rabi,438.4777777777779,28.9982593121,Medium,1454.66,1742.25,1.198,Pulses,synthetic_prototype
Tamil Nadu,RAMANATHAPURAM,2023,Rabi,438.4777777777779,28.9982593121,Medium,1240.35,3606.81,2.908,Wheat,synthetic_prototype
Tamil Nadu,RAMANATHAPURAM,2023,Rabi,438.4777777777779,28.9982593121,Medium,5256.9,19942.59,3.794,Rice,synthetic_prototype
Tamil Nadu,RAMANATHAPURAM,2023,Rabi,438.4777777777779,28.9982593121,Medium,2675.74,5036.63,1.882,Groundnut,synthetic_prototype
Tamil Nadu,RAMANATHAPURAM,2023,Summer,134.12307692307692,28.9982593121,Medium,4117.14,17461.88,4.241,Maize,synthetic_prototype
Tamil Nadu,RAMANATHAPURAM,2023,Summer,134.12307692307692,28.9982593121,Medium,3069.2,6882.02,2.242,Groundnut,synthetic_prototype
Tamil Nadu,RAMANATHAPURAM,2023,Summer,134.12307692307692,28.9982593121,Medium,1920.19,3573.26,1.861,Millet,synthetic_prototype
Tamil Nadu,RANIPET,2023,Kharif,330.9059829059829,,Unknown,1086.33,2061.39,1.898,Soybean,synthetic_prototype
Tamil Nadu,RANIPET,2023,Kharif,330.9059829059829,,Unknown,11173.54,43523.5,3.895,Rice,synthetic_prototype
Tamil Nadu,RANIPET,2023,Kharif,330.9059829059829,,Unknown,968.76,2388.36,2.465,Millet,synthetic_prototype
Tamil Nadu,RANIPET,2023,Kharif,330.9059829059829,,Unknown,10064.15,51561.46,5.123,Maize,synthetic_prototype
Tamil Nadu,RANIPET,2023,Rabi,438.4777777777779,,Unknown,699.67,948.83,1.356,Mustard,synthetic_prototype
Tamil Nadu,RANIPET,2023,Rabi,438.4777777777779,,Unknown,15492.16,57858.33,3.735,Rice,synthetic_prototype
Tamil Nadu,RANIPET,2023,Rabi,438.4777777777779,,Unknown,4885.39,5924.65,1.213,Pulses,synthetic_prototype
Tamil Nadu,RANIPET,2023,Rabi,438.4777777777779,,Unknown,986.32,2427.1,2.461,Wheat,synthetic_prototype
Tamil Nadu,RANIPET,2023,Summer,134.12307692307692,,Unknown,1701.73,2807.96,1.65,Groundnut,synthetic_prototype
Tamil Nadu,RANIPET,2023,Summer,134.12307692307692,,Unknown,2179.95,9884.95,4.534,Maize,synthetic_prototype
Tamil Nadu,RANIPET,2023,Summer,134.12307692307692,,Unknown,3239.54,14803.92,4.57,Rice,synthetic_prototype
Tamil Nadu,SALEM,2023,Kharif,330.9059829059829,26.934064780120966,Low,1251.37,3162.85,2.528,Millet,synthetic_prototype
Tamil Nadu,SALEM,2023,Kharif,330.9059829059829,26.934064780120966,Low,3687.26,18214.29,4.94,Maize,synthetic_prototype
Tamil Nadu,SALEM,2023,Kharif,330.9059829059829,26.934064780120966,Low,3329.48,6128.9,1.841,Soybean,synthetic_prototype
Tamil Nadu,SALEM,2023,Kharif,330.9059829059829,26.934064780120966,Low,3226.18,5636.16,1.747,Groundnut,synthetic_prototype
Tamil Nadu,SALEM,2023,Rabi,438.4777777777779,26.934064780120966,Low,4220.72,5290.32,1.253,Pulses,synthetic_prototype
Tamil Nadu,SALEM,2023,Rabi,438.4777777777779,26.934064780120966,Low,2269.53,2801.58,1.234,Mustard,synthetic_prototype
Tamil Nadu,SALEM,2023,Rabi,438.4777777777779,26.934064780120966,Low,1329.88,3050.18,2.294,Wheat,synthetic_prototype
Tamil Nadu,SALEM,2023,Rabi,438.4777777777779,26.934064780120966,Low,2408.13,10068.75,4.181,Rice,synthetic_prototype
Tamil Nadu,SALEM,2023,Summer,134.12307692307692,26.934064780120966,Low,1462.51,3048.76,2.085,Millet,synthetic_prototype
Tamil Nadu,SALEM,2023,Summer,134.12307692307692,26.934064780120966,Low,4620.98,10304.42,2.23,Groundnut,synthetic_prototype
Tamil Nadu,SALEM,2023,Summer,134.12307692307692,26.934064780120966,Low,5869.04,26151.93,4.456,Rice,synthetic_prototype
Tamil Nadu,SIVAGANGA,2023,Kharif,330.9059829059829,27.401053718064517,Medium,2236.68,4780.88,2.137,Cotton,synthetic_prototype
Tamil Nadu,SIVAGANGA,2023,Kharif,330.9059829059829,27.401053718064517,Medium,2501.08,10693.42,4.276,Maize,synthetic_prototype
Tamil Nadu,SIVAGANGA,2023,Kharif,330.9059829059829,27.401053718064517,Medium,1964.03,5620.85,2.862,Millet,synthetic_prototype
Tamil Nadu,SIVAGANGA,2023,Kharif,330.9059829059829,27.401053718064517,Medium,5317.72,13248.06,2.491,Groundnut,synthetic_prototype
Tamil Nadu,SIVAGANGA,2023,Rabi,438.4777777777779,27.401053718064517,Medium,1245.06,4150.41,3.334,Wheat,synthetic_prototype
Tamil Nadu,SIVAGANGA,2023,Rabi,438.4777777777779,27.401053718064517,Medium,1980.86,1939.99,0.979,Pulses,synthetic_prototype
Tamil Nadu,SIVAGANGA,2023,Rabi,438.4777777777779,27.401053718064517,Medium,2215.02,8673.27,3.916,Maize,synthetic_prototype
Tamil Nadu,SIVAGANGA,2023,Rabi,438.4777777777779,27.401053718064517,Medium,7939.07,38004.85,4.787,Rice,synthetic_prototype
Tamil Nadu,SIVAGANGA,2023,Summer,134.12307692307692,27.401053718064517,Medium,525.81,885.6,1.684,Groundnut,synthetic_prototype
Tamil Nadu,SIVAGANGA,2023,Summer,134.12307692307692,27.401053718064517,Medium,1731.42,3206.57,1.852,Millet,synthetic_prototype
Tamil Nadu,SIVAGANGA,2023,Summer,134.12307692307692,27.401053718064517,Medium,545.68,9930.78,18.199,Watermelon,synthetic_prototype
Tamil Nadu,TENKASI,2023,Kharif,330.9059829059829,,Unknown,5298.69,22573.07,4.26,Maize,synthetic_prototype
Tamil Nadu,TENKASI,2023,Kharif,330.9059829059829,,Unknown,11021.48,45409.44,4.12,Rice,synthetic_prototype
Tamil Nadu,TENKASI,2023,Kharif,330.9059829059829,,Unknown,2669.28,6406.81,2.4,Millet,synthetic_prototype
Tamil Nadu,TENKASI,2023,Kharif,330.9059829059829,,Unknown,1078.44,2201.71,2.042,Cotton,synthetic_prototype
Tamil Nadu,TENKASI,2023,Rabi,438.4777777777779,,Unknown,4338.42,23604.94,5.441,Maize,synthetic_prototype
Tamil Nadu,TENKASI,2023,Rabi,438.4777777777779,,Unknown,557.81,772.11,1.384,Mustard,synthetic_prototype
Tamil Nadu,TENKASI,2023,Rabi,438.4777777777779,,Unknown,2405.4,5632.35,2.342,Groundnut,synthetic_prototype
Tamil Nadu,TENKASI,2023,Rabi,438.4777777777779,,Unknown,444.58,1070.86,2.409,Wheat,synthetic_prototype
Tamil Nadu,TENKASI,2023,Summer,134.12307692307692,,Unknown,1096.56,3680.62,3.357,Rice,synthetic_prototype
Tamil Nadu,TENKASI,2023,Summer,134.12307692307692,,Unknown,3014.6,12853.54,4.264,Maize,synthetic_prototype
Tamil Nadu,TENKASI,2023,Summer,134.12307692307692,,Unknown,1210.0,2385.49,1.971,Groundnut,synthetic_prototype
Tamil Nadu,THANJAVUR,2023,Kharif,330.9059829059829,28.445014925161292,Medium,2905.92,10979.23,3.778,Rice,synthetic_prototype
Tamil Nadu,THANJAVUR,2023,Kharif,330.9059829059829,28.445014925161292,Medium,1826.63,10576.43,5.79,Maize,synthetic_prototype
Tamil Nadu,THANJAVUR,2023,Kharif,330.9059829059829,28.445014925161292,Medium,3431.12,7297.96,2.127,Groundnut,synthetic_prototype
Tamil Nadu,THANJAVUR,2023,Kharif,330.9059829059829,28.445014925161292,Medium,2463.91,5055.02,2.052,Cotton,synthetic_prototype
Tamil Nadu,THANJAVUR,2023,Rabi,438.4777777777779,28.445014925161292,Medium,1781.46,4525.74,2.54,Wheat,synthetic_prototype
Tamil Nadu,THANJAVUR,2023,Rabi,438.4777777777779,28.445014925161292,Medium,2718.62,11998.78,4.414,Maize,synthetic_prototype
Tamil Nadu,THANJAVUR,2023,Rabi,438.4777777777779,28.445014925161292,Medium,5037.24,24788.22,4.921,Rice,synthetic_prototype
Tamil Nadu,THANJAVUR,2023,Rabi,438.4777777777779,28.445014925161292,Medium,1120.98,1331.95,1.188,Pulses,synthetic_prototype
Tamil Nadu,THANJAVUR,2023,Summer,134.12307692307692,28.445014925161292,Medium,1435.57,5474.26,3.813,Maize,synthetic_prototype
Tamil Nadu,THANJAVUR,2023,Summer,134.12307692307692,28.445014925161292,Medium,2517.9,11933.79,4.74,Rice,synthetic_prototype
Tamil Nadu,THANJAVUR,2023,Summer,134.12307692307692,28.445014925161292,Medium,1843.74,3278.78,1.778,Millet,synthetic_prototype
Tamil Nadu,THE NILGIRIS,2023,Kharif,330.9059829059829,35.84706918911291,High,4436.37,8709.49,1.963,Cotton,synthetic_prototype
Tamil Nadu,THE NILGIRIS,2023,Kharif,330.9059829059829,35.84706918911291,High,2487.86,5247.86,2.109,Millet,synthetic_prototype
Tamil Nadu,THE NILGIRIS,2023,Kharif,330.9059829059829,35.84706918911291,High,2799.76,6697.95,2.392,Soybean,synthetic_prototype
Tamil Nadu,THE NILGIRIS,2023,Kharif,330.9059829059829,35.84706918911291,High,7161.55,31042.54,4.335,Maize,synthetic_prototype
Tamil Nadu,THE NILGIRIS,2023,Rabi,438.4777777777779,35.84706918911291,High,3299.8,7892.58,2.392,Groundnut,synthetic_prototype
Tamil Nadu,THE NILGIRIS,2023,Rabi,438.4777777777779,35.84706918911291,High,2736.25,12162.25,4.445,Maize,synthetic_prototype
Tamil Nadu,THE NILGIRIS,2023,Rabi,438.4777777777779,35.84706918911291,High,441.89,622.75,1.409,Mustard,synthetic_prototype
Tamil Nadu,THE NILGIRIS,2023,Rabi,438.4777777777779,35.84706918911291,High,4687.73,5892.76,1.257,Pulses,synthetic_prototype
Tamil Nadu,THE NILGIRIS,2023,Summer,134.12307692307692,35.84706918911291,High,2641.86,4057.24,1.536,Groundnut,synthetic_prototype
Tamil Nadu,THE NILGIRIS,2023,Summer,134.12307692307692,35.84706918911291,High,4715.95,22072.93,4.68,Maize,synthetic_prototype
Tamil Nadu,THE NILGIRIS,2023,Summer,134.12307692307692,35.84706918911291,High,1763.43,6332.46,3.591,Rice,synthetic_prototype
Tamil Nadu,THENI,2023,Kharif,330.9059829059829,34.932106377692,High,3687.04,19458.22,5.277,Maize,synthetic_prototype
Tamil Nadu,THENI,2023,Kharif,330.9059829059829,34.932106377692,High,5967.37,15985.39,2.679,Millet,synthetic_prototype
Tamil Nadu,THENI,2023,Kharif,330.9059829059829,34.932106377692,High,12634.4,62792.4,4.97,Rice,synthetic_prototype
Tamil Nadu,THENI,2023,Kharif,330.9059829059829,34.932106377692,High,3531.23,7946.74,2.25,Groundnut,synthetic_prototype
Tamil Nadu,THENI,2023,Rabi,438.4777777777779,34.932106377692,High,4399.17,21394.49,4.863,Rice,synthetic_prototype
Tamil Nadu,THENI,2023,Rabi,438.4777777777779,34.932106377692,High,1653.99,2404.2,1.454,Mustard,synthetic_prototype
Tamil Nadu,THENI,2023,Rabi,438.4777777777779,34.932106377692,High,1530.02,4021.88,2.629,Wheat,synthetic_prototype
Tamil Nadu,THENI,2023,Rabi,438.4777777777779,34.932106377692,High,958.3,1234.28,1.288,Pulses,synthetic_prototype
Tamil Nadu,THENI,2023,Summer,134.12307692307692,34.932106377692,High,1560.97,3513.99,2.251,Millet,synthetic_prototype
Tamil Nadu,THENI,2023,Summer,134.12307692307692,34.932106377692,High,1925.34,6360.14,3.303,Rice,synthetic_prototype
Tamil Nadu,THENI,2023,Summer,134.12307692307692,34.932106377692,High,1400.64,2360.32,1.685,Groundnut,synthetic_prototype
Tamil Nadu,THOOTHUKUDI,2023,Kharif,330.9059829059829,,Unknown,925.96,1994.44,2.154,Cotton,synthetic_prototype
Tamil Nadu,THOOTHUKUDI,2023,Kharif,330.9059829059829,,Unknown,1189.14,2875.5,2.418,Groundnut,synthetic_prototype
Tamil Nadu,THOOTHUKUDI,2023,Kharif,330.9059829059829,,Unknown,7274.79,43045.29,5.917,Maize,synthetic_prototype
Tamil Nadu,THOOTHUKUDI,2023,Kharif,330.9059829059829,,Unknown,2715.43,5893.99,2.171,Soybean,synthetic_prototype
Tamil Nadu,THOOTHUKUDI,2023,Rabi,438.4777777777779,,Unknown,1562.76,2016.73,1.29,Pulses,synthetic_prototype
Tamil Nadu,THOOTHUKUDI,2023,Rabi,438.4777777777779,,Unknown,5428.67,23317.4,4.295,Rice,synthetic_prototype
Tamil Nadu,THOOTHUKUDI,2023,Rabi,438.4777777777779,,Unknown,4564.68,24826.86,5.439,Maize,synthetic_prototype
Tamil Nadu,THOOTHUKUDI,2023,Rabi,438.4777777777779,,Unknown,5725.91,9955.3,1.739,Groundnut,synthetic_prototype
Tamil Nadu,THOOTHUKUDI,2023,Summer,134.12307692307692,,Unknown,2783.76,10463.62,3.759,Maize,synthetic_prototype
Tamil Nadu,THOOTHUKUDI,2023,Summer,134.12307692307692,,Unknown,3632.98,12123.09,3.337,Rice,synthetic_prototype
Tamil Nadu,THOOTHUKUDI,2023,Summer,134.12307692307692,,Unknown,2033.6,4555.95,2.24,Millet,synthetic_prototype
Tamil Nadu,TIRUCHIRAPPALLI,2023,Kharif,330.9059829059829,26.180574092419352,Low,5288.3,11927.96,2.256,Groundnut,synthetic_prototype
Tamil Nadu,TIRUCHIRAPPALLI,2023,Kharif,330.9059829059829,26.180574092419352,Low,4096.07,20206.35,4.933,Maize,synthetic_prototype
Tamil Nadu,TIRUCHIRAPPALLI,2023,Kharif,330.9059829059829,26.180574092419352,Low,5271.82,15354.47,2.913,Millet,synthetic_prototype
Tamil Nadu,TIRUCHIRAPPALLI,2023,Kharif,330.9059829059829,26.180574092419352,Low,3797.11,13322.38,3.509,Rice,synthetic_prototype
Tamil Nadu,TIRUCHIRAPPALLI,2023,Rabi,438.4777777777779,26.180574092419352,Low,1688.49,3465.57,2.052,Groundnut,synthetic_prototype
Tamil Nadu,TIRUCHIRAPPALLI,2023,Rabi,438.4777777777779,26.180574092419352,Low,1237.68,1539.89,1.244,Mustard,synthetic_prototype
Tamil Nadu,TIRUCHIRAPPALLI,2023,Rabi,438.4777777777779,26.180574092419352,Low,5118.89,25868.11,5.053,Rice,synthetic_prototype
Tamil Nadu,TIRUCHIRAPPALLI,2023,Rabi,438.4777777777779,26.180574092419352,Low,6681.37,25804.6,3.862,Maize,synthetic_prototype
Tamil Nadu,TIRUCHIRAPPALLI,2023,Summer,134.12307692307692,26.180574092419352,Low,1694.48,6831.14,4.031,Maize,synthetic_prototype
Tamil Nadu,TIRUCHIRAPPALLI,2023,Summer,134.12307692307692,26.180574092419352,Low,1623.53,2944.36,1.814,Millet,synthetic_prototype
Tamil Nadu,TIRUCHIRAPPALLI,2023,Summer,134.12307692307692,26.180574092419352,Low,1563.32,30833.99,19.723,Watermelon,synthetic_prototype
Tamil Nadu,TIRUNELVELI,2023,Kharif,330.9059829059829,27.362339060924,Low,1353.94,2859.16,2.112,Soybean,synthetic_prototype
Tamil Nadu,TIRUNELVELI,2023,Kharif,330.9059829059829,27.362339060924,Low,1972.56,4076.39,2.067,Cotton,synthetic_prototype
Tamil Nadu,TIRUNELVELI,2023,Kharif,330.9059829059829,27.362339060924,Low,7989.33,17607.5,2.204,Groundnut,synthetic_prototype
Tamil Nadu,TIRUNELVELI,2023,Kharif,330.9059829059829,27.362339060924,Low,1492.91,3214.27,2.153,Millet,synthetic_prototype
Tamil Nadu,TIRUNELVELI,2023,Rabi,438.4777777777779,27.362339060924,Low,467.22,1311.25,2.807,Wheat,synthetic_prototype
Tamil Nadu,TIRUNELVELI,2023,Rabi,438.4777777777779,27.362339060924,Low,4873.05,21070.35,4.324,Maize,synthetic_prototype
Tamil Nadu,TIRUNELVELI,2023,Rabi,438.4777777777779,27.362339060924,Low,3008.07,5378.25,1.788,Groundnut,synthetic_prototype
Tamil Nadu,TIRUNELVELI,2023,Rabi,438.4777777777779,27.362339060924,Low,2019.25,2743.43,1.359,Mustard,synthetic_prototype
Tamil Nadu,TIRUNELVELI,2023,Summer,134.12307692307692,27.362339060924,Low,2184.36,4679.12,2.142,Groundnut,synthetic_prototype
Tamil Nadu,TIRUNELVELI,2023,Summer,134.12307692307692,27.362339060924,Low,1901.28,4587.15,2.413,Millet,synthetic_prototype
Tamil Nadu,TIRUNELVELI,2023,Summer,134.12307692307692,27.362339060924,Low,2961.39,11935.76,4.03,Maize,synthetic_prototype
Tamil Nadu,TIRUPATHUR,2023,Kharif,330.9059829059829,,Unknown,3203.55,6750.95,2.107,Millet,synthetic_prototype
Tamil Nadu,TIRUPATHUR,2023,Kharif,330.9059829059829,,Unknown,3760.58,6406.14,1.703,Groundnut,synthetic_prototype
Tamil Nadu,TIRUPATHUR,2023,Kharif,330.9059829059829,,Unknown,5674.79,22824.23,4.022,Maize,synthetic_prototype
Tamil Nadu,TIRUPATHUR,2023,Kharif,330.9059829059829,,Unknown,2911.89,6402.81,2.199,Cotton,synthetic_prototype
Tamil Nadu,TIRUPATHUR,2023,Rabi,438.4777777777779,,Unknown,5170.89,22134.42,4.281,Maize,synthetic_prototype
Tamil Nadu,TIRUPATHUR,2023,Rabi,438.4777777777779,,Unknown,2471.35,3670.05,1.485,Mustard,synthetic_prototype
Tamil Nadu,TIRUPATHUR,2023,Rabi,438.4777777777779,,Unknown,1303.64,3951.3,3.031,Wheat,synthetic_prototype
Tamil Nadu,TIRUPATHUR,2023,Rabi,438.4777777777779,,Unknown,5571.01,26633.07,4.781,Rice,synthetic_prototype
Tamil Nadu,TIRUPATHUR,2023,Summer,134.12307692307692,,Unknown,920.75,15266.98,16.581,Watermelon,synthetic_prototype
Tamil Nadu,TIRUPATHUR,2023,Summer,134.12307692307692,,Unknown,4289.71,18154.97,4.232,Rice,synthetic_prototype
Tamil Nadu,TIRUPATHUR,2023,Summer,134.12307692307692,,Unknown,2401.52,11238.59,4.68,Maize,synthetic_prototype
Tamil Nadu,TIRUPPUR,2023,Kharif,330.9059829059829,26.49042549164,Low,4575.36,8986.99,1.964,Cotton,synthetic_prototype
Tamil Nadu,TIRUPPUR,2023,Kharif,330.9059829059829,26.49042549164,Low,6794.89,27580.75,4.059,Maize,synthetic_prototype
Tamil Nadu,TIRUPPUR,2023,Kharif,330.9059829059829,26.49042549164,Low,11386.74,50985.69,4.478,Rice,synthetic_prototype
Tamil Nadu,TIRUPPUR,2023,Kharif,330.9059829059829,26.49042549164,Low,4977.4,9715.25,1.952,Groundnut,synthetic_prototype
Tamil Nadu,TIRUPPUR,2023,Rabi,438.4777777777779,26.49042549164,Low,6459.93,25071.08,3.881,Maize,synthetic_prototype
Tamil Nadu,TIRUPPUR,2023,Rabi,438.4777777777779,26.49042549164,Low,3068.16,3843.16,1.253,Pulses,synthetic_prototype
Tamil Nadu,TIRUPPUR,2023,Rabi,438.4777777777779,26.49042549164,Low,1721.64,3590.0,2.085,Groundnut,synthetic_prototype
Tamil Nadu,TIRUPPUR,2023,Rabi,438.4777777777779,26.49042549164,Low,15304.42,63943.21,4.178,Rice,synthetic_prototype
Tamil Nadu,TIRUPPUR,2023,Summer,134.12307692307692,26.49042549164,Low,1781.15,8397.73,4.715,Maize,synthetic_prototype
Tamil Nadu,TIRUPPUR,2023,Summer,134.12307692307692,26.49042549164,Low,1664.24,3078.66,1.85,Groundnut,synthetic_prototype
Tamil Nadu,TIRUPPUR,2023,Summer,134.12307692307692,26.49042549164,Low,5108.25,17049.44,3.338,Rice,synthetic_prototype
Tamil Nadu,TIRUVALLUR,2023,Kharif,330.9059829059829,,Unknown,5844.99,10696.93,1.83,Cotton,synthetic_prototype
Tamil Nadu,TIRUVALLUR,2023,Kharif,330.9059829059829,,Unknown,3950.11,7251.04,1.836,Groundnut,synthetic_prototype
Tamil Nadu,TIRUVALLUR,2023,Kharif,330.9059829059829,,Unknown,5902.8,15596.56,2.642,Millet,synthetic_prototype
Tamil Nadu,TIRUVALLUR,2023,Kharif,330.9059829059829,,Unknown,7205.18,37039.96,5.141,Maize,synthetic_prototype
Tamil Nadu,TIRUVALLUR,2023,Rabi,438.4777777777779,,Unknown,2344.75,3201.16,1.365,Mustard,synthetic_prototype
Tamil Nadu,TIRUVALLUR,2023,Rabi,438.4777777777779,,Unknown,13892.57,53193.9,3.829,Rice,synthetic_prototype
Tamil Nadu,TIRUVALLUR,2023,Rabi,438.4777777777779,,Unknown,1225.26,3428.96,2.799,Wheat,synthetic_prototype
Tamil Nadu,TIRUVALLUR,2023,Rabi,438.4777777777779,,Unknown,2122.37,8070.05,3.802,Maize,synthetic_prototype
Tamil Nadu,TIRUVALLUR,2023,Summer,134.12307692307692,,Unknown,2127.42,10103.06,4.749,Rice,synthetic_prototype
Tamil Nadu,TIRUVALLUR,2023,Summer,134.12307692307692,,Unknown,547.05,11238.14,20.543,Watermelon,synthetic_prototype
Tamil Nadu,TIRUVALLUR,2023,Summer,134.12307692307692,,Unknown,4892.8,20660.49,4.223,Maize,synthetic_prototype
Tamil Nadu,TIRUVANNAMALAI,2023,Kharif,330.9059829059829,30.938669521370965,High,5650.38,11393.74,2.016,Cotton,synthetic_prototype
Tamil Nadu,TIRUVANNAMALAI,2023,Kharif,330.9059829059829,30.938669521370965,High,1562.01,6874.44,4.401,Maize,synthetic_prototype
Tamil Nadu,TIRUVANNAMALAI,2023,Kharif,330.9059829059829,30.938669521370965,High,3961.21,7334.4,1.852,Groundnut,synthetic_prototype
Tamil Nadu,TIRUVANNAMALAI,2023,Kharif,330.9059829059829,30.938669521370965,High,2185.97,4821.98,2.206,Soybean,synthetic_prototype
Tamil Nadu,TIRUVANNAMALAI,2023,Rabi,438.4777777777779,30.938669521370965,High,1456.39,1548.36,1.063,Pulses,synthetic_prototype
Tamil Nadu,TIRUVANNAMALAI,2023,Rabi,438.4777777777779,30.938669521370965,High,5768.02,31311.92,5.429,Maize,synthetic_prototype
Tamil Nadu,TIRUVANNAMALAI,2023,Rabi,438.4777777777779,30.938669521370965,High,950.01,1345.33,1.416,Mustard,synthetic_prototype
Tamil Nadu,TIRUVANNAMALAI,2023,Rabi,438.4777777777779,30.938669521370965,High,1214.18,2161.47,1.78,Groundnut,synthetic_prototype
Tamil Nadu,TIRUVANNAMALAI,2023,Summer,134.12307692307692,30.938669521370965,High,5078.16,18100.64,3.564,Rice,synthetic_prototype
Tamil Nadu,TIRUVANNAMALAI,2023,Summer,134.12307692307692,30.938669521370965,High,1730.88,4237.2,2.448,Millet,synthetic_prototype
Tamil Nadu,TIRUVANNAMALAI,2023,Summer,134.12307692307692,30.938669521370965,High,1354.46,5672.1,4.188,Maize,synthetic_prototype
Tamil Nadu,TIRUVARUR,2023,Kharif,330.9059829059829,,Unknown,5170.48,10552.76,2.041,Groundnut,synthetic_prototype
Tamil Nadu,TIRUVARUR,2023,Kharif,330.9059829059829,,Unknown,3332.15,16247.23,4.876,Maize,synthetic_prototype
Tamil Nadu,TIRUVARUR,2023,Kharif,330.9059829059829,,Unknown,5210.15,12336.11,2.368,Millet,synthetic_prototype
Tamil Nadu,TIRUVARUR,2023,Kharif,330.9059829059829,,Unknown,1591.31,2488.84,1.564,Cotton,synthetic_prototype
Tamil Nadu,TIRUVARUR,2023,Rabi,438.4777777777779,,Unknown,5967.68,31337.35,5.251,Maize,synthetic_prototype
Tamil Nadu,TIRUVARUR,2023,Rabi,438.4777777777779,,Unknown,1701.49,1782.73,1.048,Mustard,synthetic_prototype
Tamil Nadu,TIRUVARUR,2023,Rabi,438.4777777777779,,Unknown,4440.55,7377.05,1.661,Groundnut,synthetic_prototype
Tamil Nadu,TIRUVARUR,2023,Rabi,438.4777777777779,,Unknown,996.01,895.65,0.899,Pulses,synthetic_prototype
Tamil Nadu,TIRUVARUR,2023,Summer,134.12307692307692,,Unknown,1697.4,3170.22,1.868,Millet,synthetic_prototype
Tamil Nadu,TIRUVARUR,2023,Summer,134.12307692307692,,Unknown,1174.29,4779.17,4.07,Rice,synthetic_prototype
Tamil Nadu,TIRUVARUR,2023,Summer,134.12307692307692,,Unknown,996.33,16907.86,16.97,Watermelon,synthetic_prototype
Tamil Nadu,VELLORE,2023,Kharif,330.9059829059829,28.828871023427418,Medium,10187.96,49515.54,4.86,Rice,synthetic_prototype
Tamil Nadu,VELLORE,2023,Kharif,330.9059829059829,28.828871023427418,Medium,2101.72,4422.81,2.104,Millet,synthetic_prototype
Tamil Nadu,VELLORE,2023,Kharif,330.9059829059829,28.828871023427418,Medium,1388.61,3277.74,2.36,Soybean,synthetic_prototype
Tamil Nadu,VELLORE,2023,Kharif,330.9059829059829,28.828871023427418,Medium,2760.23,6751.86,2.446,Groundnut,synthetic_prototype
Tamil Nadu,VELLORE,2023,Rabi,438.4777777777779,28.828871023427418,Medium,721.52,1046.01,1.45,Mustard,synthetic_prototype
Tamil Nadu,VELLORE,2023,Rabi,438.4777777777779,28.828871023427418,Medium,2171.18,9536.91,4.392,Rice,synthetic_prototype
Tamil Nadu,VELLORE,2023,Rabi,438.4777777777779,28.828871023427418,Medium,5144.32,8318.53,1.617,Groundnut,synthetic_prototype
Tamil Nadu,VELLORE,2023,Rabi,438.4777777777779,28.828871023427418,Medium,5019.34,24423.58,4.866,Maize,synthetic_prototype
Tamil Nadu,VELLORE,2023,Summer,134.12307692307692,28.828871023427418,Medium,2172.51,3859.65,1.777,Millet,synthetic_prototype
Tamil Nadu,VELLORE,2023,Summer,134.12307692307692,28.828871023427418,Medium,1925.81,7539.6,3.915,Maize,synthetic_prototype
Tamil Nadu,VELLORE,2023,Summer,134.12307692307692,28.828871023427418,Medium,845.63,15419.23,18.234,Watermelon,synthetic_prototype
Tamil Nadu,VILUPPURAM,2023,Kharif,330.9059829059829,29.779336412338708,High,6200.99,12981.18,2.093,Cotton,synthetic_prototype
Tamil Nadu,VILUPPURAM,2023,Kharif,330.9059829059829,29.779336412338708,High,4446.55,20120.91,4.525,Maize,synthetic_prototype
Tamil Nadu,VILUPPURAM,2023,Kharif,330.9059829059829,29.779336412338708,High,3390.66,6874.04,2.027,Millet,synthetic_prototype
Tamil Nadu,VILUPPURAM,2023,Kharif,330.9059829059829,29.779336412338708,High,11240.97,54119.06,4.814,Rice,synthetic_prototype
Tamil Nadu,VILUPPURAM,2023,Rabi,438.4777777777779,29.779336412338708,High,6342.6,11606.55,1.83,Groundnut,synthetic_prototype
Tamil Nadu,VILUPPURAM,2023,Rabi,438.4777777777779,29.779336412338708,High,2010.51,5457.92,2.715,Wheat,synthetic_prototype
Tamil Nadu,VILUPPURAM,2023,Rabi,438.4777777777779,29.779336412338708,High,5970.75,25369.67,4.249,Maize,synthetic_prototype
Tamil Nadu,VILUPPURAM,2023,Rabi,438.4777777777779,29.779336412338708,High,4306.21,5670.2,1.317,Pulses,synthetic_prototype
Tamil Nadu,VILUPPURAM,2023,Summer,134.12307692307692,29.779336412338708,High,3259.37,5166.12,1.585,Groundnut,synthetic_prototype
Tamil Nadu,VILUPPURAM,2023,Summer,134.12307692307692,29.779336412338708,High,658.52,11083.09,16.83,Watermelon,synthetic_prototype
Tamil Nadu,VILUPPURAM,2023,Summer,134.12307692307692,29.779336412338708,High,3150.8,11905.95,3.779,Rice,synthetic_prototype
Tamil Nadu,VIRUDHUNAGAR,2023,Kharif,330.9059829059829,,Unknown,3008.22,6812.16,2.265,Millet,synthetic_prototype
Tamil Nadu,VIRUDHUNAGAR,2023,Kharif,330.9059829059829,,Unknown,2847.93,13897.36,4.88,Maize,synthetic_prototype
Tamil Nadu,VIRUDHUNAGAR,2023,Kharif,330.9059829059829,,Unknown,3861.9,7279.53,1.885,Cotton,synthetic_prototype
Tamil Nadu,VIRUDHUNAGAR,2023,Kharif,330.9059829059829,,Unknown,10602.52,36667.98,3.458,Rice,synthetic_prototype
Tamil Nadu,VIRUDHUNAGAR,2023,Rabi,438.4777777777779,,Unknown,2022.47,3682.75,1.821,Groundnut,synthetic_prototype
Tamil Nadu,VIRUDHUNAGAR,2023,Rabi,438.4777777777779,,Unknown,1502.29,4425.7,2.946,Wheat,synthetic_prototype
Tamil Nadu,VIRUDHUNAGAR,2023,Rabi,438.4777777777779,,Unknown,790.18,842.16,1.066,Mustard,synthetic_prototype
Tamil Nadu,VIRUDHUNAGAR,2023,Rabi,438.4777777777779,,Unknown,990.09,1169.44,1.181,Pulses,synthetic_prototype
Tamil Nadu,VIRUDHUNAGAR,2023,Summer,134.12307692307692,,Unknown,1164.62,4630.46,3.976,Maize,synthetic_prototype
Tamil Nadu,VIRUDHUNAGAR,2023,Summer,134.12307692307692,,Unknown,1246.9,3135.46,2.515,Millet,synthetic_prototype
Tamil Nadu,VIRUDHUNAGAR,2023,Summer,134.12307692307692,,Unknown,3203.6,13329.95,4.161,Rice,synthetic_prototype
Tamil Nadu,ARIYALUR,2024,Kharif,330.9059829059829,28.544388593024195,Medium,988.06,1674.93,1.695,Cotton,synthetic_prototype
Tamil Nadu,ARIYALUR,2024,Kharif,330.9059829059829,28.544388593024195,Medium,5502.95,29861.06,5.426,Maize,synthetic_prototype
Tamil Nadu,ARIYALUR,2024,Kharif,330.9059829059829,28.544388593024195,Medium,693.45,1281.77,1.848,Soybean,synthetic_prototype
Tamil Nadu,ARIYALUR,2024,Kharif,330.9059829059829,28.544388593024195,Medium,854.24,2040.46,2.389,Millet,synthetic_prototype
Tamil Nadu,ARIYALUR,2024,Rabi,438.4777777777779,28.544388593024195,Medium,962.16,1255.43,1.305,Pulses,synthetic_prototype
Tamil Nadu,ARIYALUR,2024,Rabi,438.4777777777779,28.544388593024195,Medium,7368.13,35017.95,4.753,Rice,synthetic_prototype
Tamil Nadu,ARIYALUR,2024,Rabi,438.4777777777779,28.544388593024195,Medium,1491.58,4701.38,3.152,Wheat,synthetic_prototype
Tamil Nadu,ARIYALUR,2024,Rabi,438.4777777777779,28.544388593024195,Medium,1262.52,1557.36,1.234,Mustard,synthetic_prototype
Tamil Nadu,ARIYALUR,2024,Summer,134.12307692307692,28.544388593024195,Medium,1436.85,3535.03,2.46,Millet,synthetic_prototype
Tamil Nadu,ARIYALUR,2024,Summer,134.12307692307692,28.544388593024195,Medium,4557.62,21833.77,4.791,Rice,synthetic_prototype
Tamil Nadu,ARIYALUR,2024,Summer,134.12307692307692,28.544388593024195,Medium,2873.8,6626.05,2.306,Groundnut,synthetic_prototype
Tamil Nadu,CHENGALPATTU,2024,Kharif,330.9059829059829,,Unknown,6690.32,27778.86,4.152,Maize,synthetic_prototype
Tamil Nadu,CHENGALPATTU,2024,Kharif,330.9059829059829,,Unknown,7326.21,30404.66,4.15,Rice,synthetic_prototype
Tamil Nadu,CHENGALPATTU,2024,Kharif,330.9059829059829,,Unknown,2693.01,5249.46,1.949,Groundnut,synthetic_prototype
Tamil Nadu,CHENGALPATTU,2024,Kharif,330.9059829059829,,Unknown,1615.67,3439.2,2.129,Cotton,synthetic_prototype
Tamil Nadu,CHENGALPATTU,2024,Rabi,438.4777777777779,,Unknown,1531.63,2383.84,1.556,Mustard,synthetic_prototype
Tamil Nadu,CHENGALPATTU,2024,Rabi,438.4777777777779,,Unknown,4487.52,20930.39,4.664,Rice,synthetic_prototype
Tamil Nadu,CHENGALPATTU,2024,Rabi,438.4777777777779,,Unknown,943.44,1043.59,1.106,Pulses,synthetic_prototype
Tamil Nadu,CHENGALPATTU,2024,Rabi,438.4777777777779,,Unknown,2053.91,3707.76,1.805,Groundnut,synthetic_prototype
Tamil Nadu,CHENGALPATTU,2024,Summer,134.12307692307692,,Unknown,2296.16,4135.27,1.801,Groundnut,synthetic_prototype
Tamil Nadu,CHENGALPATTU,2024,Summer,134.12307692307692,,Unknown,1454.33,5898.95,4.056,Rice,synthetic_prototype
Tamil Nadu,CHENGALPATTU,2024,Summer,134.12307692307692,,Unknown,470.56,9879.46,20.995,Watermelon,synthetic_prototype
Tamil Nadu,CHENNAI,2024,Kharif,330.9059829059829,21.27328608612097,Low,1116.57,2886.59,2.585,Millet,synthetic_prototype
Tamil Nadu,CHENNAI,2024,Kharif,330.9059829059829,21.27328608612097,Low,6434.09,11630.31,1.808,Groundnut,synthetic_prototype
Tamil Nadu,CHENNAI,2024,Kharif,330.9059829059829,21.27328608612097,Low,2864.05,13098.78,4.574,Rice,synthetic_prototype
Tamil Nadu,CHENNAI,2024,Kharif,330.9059829059829,21.27328608612097,Low,4224.77,9315.5,2.205,Cotton,synthetic_prototype
Tamil Nadu,CHENNAI,2024,Rabi,438.4777777777779,21.27328608612097,Low,2846.33,2906.67,1.021,Pulses,synthetic_prototype
Tamil Nadu,CHENNAI,2024,Rabi,438.4777777777779,21.27328608612097,Low,1017.58,2694.99,2.648,Wheat,synthetic_prototype
Tamil Nadu,CHENNAI,2024,Rabi,438.4777777777779,21.27328608612097,Low,6218.86,30837.6,4.959,Rice,synthetic_prototype
Tamil Nadu,CHENNAI,2024,Rabi,438.4777777777779,21.27328608612097,Low,2045.5,11480.15,5.612,Maize,synthetic_prototype
Tamil Nadu,CHENNAI,2024,Summer,134.12307692307692,21.27328608612097,Low,2350.7,8124.85,3.456,Rice,synthetic_prototype
Tamil Nadu,CHENNAI,2024,Summer,134.12307692307692,21.27328608612097,Low,1538.09,7989.41,5.194,Maize,synthetic_prototype
Tamil Nadu,CHENNAI,2024,Summer,134.12307692307692,21.27328608612097,Low,2289.06,5097.88,2.227,Groundnut,synthetic_prototype
Tamil Nadu,COIMBATORE,2024,Kharif,330.9059829059829,29.7236860548,High,6625.13,28257.07,4.265,Rice,synthetic_prototype
Tamil Nadu,COIMBATORE,2024,Kharif,330.9059829059829,29.7236860548,High,6675.36,28331.05,4.244,Maize,synthetic_prototype
Tamil Nadu,COIMBATORE,2024,Kharif,330.9059829059829,29.7236860548,High,2071.72,4085.69,1.972,Cotton,synthetic_prototype
Tamil Nadu,COIMBATORE,2024,Kharif,330.9059829059829,29.7236860548,High,6027.28,14572.04,2.418,Groundnut,synthetic_prototype
Tamil Nadu,COIMBATORE,2024,Rabi,438.4777777777779,29.7236860548,High,11603.58,43160.54,3.72,Rice,synthetic_prototype
Tamil Nadu,COIMBATORE,2024,Rabi,438.4777777777779,29.7236860548,High,2576.6,3702.97,1.437,Mustard,synthetic_prototype
Tamil Nadu,COIMBATORE,2024,Rabi,438.4777777777779,29.7236860548,High,945.45,3085.8,3.264,Wheat,synthetic_prototype
Tamil Nadu,COIMBATORE,2024,Rabi,438.4777777777779,29.7236860548,High,1829.76,1764.43,0.964,Pulses,synthetic_prototype
Tamil Nadu,COIMBATORE,2024,Summer,134.12307692307692,29.7236860548,High,1801.75,8574.8,4.759,Rice,synthetic_prototype
Tamil Nadu,COIMBATORE,2024,Summer,134.12307692307692,29.7236860548,High,692.07,10620.56,15.346,Watermelon,synthetic_prototype
Tamil Nadu,COIMBATORE,2024,Summer,134.12307692307692,29.7236860548,High,1395.6,5210.02,3.733,Maize,synthetic_prototype
Tamil Nadu,CUDDALORE,2024,Kharif,330.9059829059829,30.017899455080645,High,5559.89,11969.11,2.153,Cotton,synthetic_prototype
Tamil Nadu,CUDDALORE,2024,Kharif,330.9059829059829,30.017899455080645,High,1357.91,2338.42,1.722,Groundnut,synthetic_prototype
Tamil Nadu,CUDDALORE,2024,Kharif,330.9059829059829,30.017899455080645,High,6240.56,27279.93,4.371,Rice,synthetic_prototype
Tamil Nadu,CUDDALORE,2024,Kharif,330.9059829059829,30.017899455080645,High,6716.22,38484.08,5.73,Maize,synthetic_prototype
Tamil Nadu,CUDDALORE,2024,Rabi,438.4777777777779,30.017899455080645,High,2585.24,4472.38,1.73,Groundnut,synthetic_prototype
Tamil Nadu,CUDDALORE,2024,Rabi,438.4777777777779,30.017899455080645,High,1077.3,1682.86,1.562,Mustard,synthetic_prototype
Tamil Nadu,CUDDALORE,2024,Rabi,438.4777777777779,30.017899455080645,High,1947.76,4906.43,2.519,Wheat,synthetic_prototype
Tamil Nadu,CUDDALORE,2024,Rabi,438.4777777777779,30.017899455080645,High,938.16,975.57,1.04,Pulses,synthetic_prototype
Tamil Nadu,CUDDALORE,2024,Summer,134.12307692307692,30.017899455080645,High,1982.15,3707.74,1.871,Millet,synthetic_prototype
Tamil Nadu,CUDDALORE,2024,Summer,134.12307692307692,30.017899455080645,High,3266.49,12743.75,3.901,Maize,synthetic_prototype
Tamil Nadu,CUDDALORE,2024,Summer,134.12307692307692,30.017899455080645,High,2486.2,5021.55,2.02,Groundnut,synthetic_prototype
Tamil Nadu,DHARMAPURI,2024,Kharif,330.9059829059829,28.06294488487903,Medium,5248.2,9795.77,1.867,Groundnut,synthetic_prototype
Tamil Nadu,DHARMAPURI,2024,Kharif,330.9059829059829,28.06294488487903,Medium,3241.51,5452.69,1.682,Cotton,synthetic_prototype
Tamil Nadu,DHARMAPURI,2024,Kharif,330.9059829059829,28.06294488487903,Medium,2533.62,6755.61,2.666,Millet,synthetic_prototype
Tamil Nadu,DHARMAPURI,2024,Kharif,330.9059829059829,28.06294488487903,Medium,2397.14,13212.87,5.512,Maize,synthetic_prototype
Tamil Nadu,DHARMAPURI,2024,Rabi,438.4777777777779,28.06294488487903,Medium,4036.67,16727.92,4.144,Maize,synthetic_prototype
Tamil Nadu,DHARMAPURI,2024,Rabi,438.4777777777779,28.06294488487903,Medium,1148.56,1438.7,1.253,Mustard,synthetic_prototype
Tamil Nadu,DHARMAPURI,2024,Rabi,438.4777777777779,28.06294488487903,Medium,3432.78,3797.27,1.106,Pulses,synthetic_prototype
Tamil Nadu,DHARMAPURI,2024,Rabi,438.4777777777779,28.06294488487903,Medium,3509.31,6534.9,1.862,Groundnut,synthetic_prototype
Tamil Nadu,DHARMAPURI,2024,Summer,134.12307692307692,28.06294488487903,Medium,3943.98,16590.07,4.206,Rice,synthetic_prototype
Tamil Nadu,DHARMAPURI,2024,Summer,134.12307692307692,28.06294488487903,Medium,1666.67,3293.5,1.976,Millet,synthetic_prototype
Tamil Nadu,DHARMAPURI,2024,Summer,134.12307692307692,28.06294488487903,Medium,2040.38,41091.59,20.139,Watermelon,synthetic_prototype
Tamil Nadu,DINDIGUL,2024,Kharif,330.9059829059829,28.69312810556,Medium,1421.58,3336.07,2.347,Millet,synthetic_prototype
Tamil Nadu,DINDIGUL,2024,Kharif,330.9059829059829,28.69312810556,Medium,2903.99,15898.06,5.475,Maize,synthetic_prototype
Tamil Nadu,DINDIGUL,2024,Kharif,330.9059829059829,28.69312810556,Medium,12306.15,58681.55,4.768,Rice,synthetic_prototype
Tamil Nadu,DINDIGUL,2024,Kharif,330.9059829059829,28.69312810556,Medium,3898.18,7405.79,1.9,Groundnut,synthetic_prototype
Tamil Nadu,DINDIGUL,2024,Rabi,438.4777777777779,28.69312810556,Medium,2951.12,3515.13,1.191,Pulses,synthetic_prototype
Tamil Nadu,DINDIGUL,2024,Rabi,438.4777777777779,28.69312810556,Medium,7950.09,35121.45,4.418,Rice,synthetic_prototype
Tamil Nadu,DINDIGUL,2024,Rabi,438.4777777777779,28.69312810556,Medium,1808.45,3639.09,2.012,Groundnut,synthetic_prototype
Tamil Nadu,DINDIGUL,2024,Rabi,438.4777777777779,28.69312810556,Medium,856.69,1986.33,2.319,Wheat,synthetic_prototype
Tamil Nadu,DINDIGUL,2024,Summer,134.12307692307692,28.69312810556,Medium,3257.42,12243.73,3.759,Maize,synthetic_prototype
Tamil Nadu,DINDIGUL,2024,Summer,134.12307692307692,28.69312810556,Medium,3636.01,5954.41,1.638,Groundnut,synthetic_prototype
Tamil Nadu,DINDIGUL,2024,Summer,134.12307692307692,28.69312810556,Medium,5024.75,16443.98,3.273,Rice,synthetic_prototype
Tamil Nadu,ERODE,2024,Kharif,330.9059829059829,27.250912962701612,Low,2672.52,5110.8,1.912,Soybean,synthetic_prototype
Tamil Nadu,ERODE,2024,Kharif,330.9059829059829,27.250912962701612,Low,1569.5,4027.55,2.566,Millet,synthetic_prototype
Tamil Nadu,ERODE,2024,Kharif,330.9059829059829,27.250912962701612,Low,7219.59,40933.62,5.67,Maize,synthetic_prototype
Tamil Nadu,ERODE,2024,Kharif,330.9059829059829,27.250912962701612,Low,6202.81,11682.69,1.883,Groundnut,synthetic_prototype
Tamil Nadu,ERODE,2024,Rabi,438.4777777777779,27.250912962701612,Low,4231.26,4713.07,1.114,Pulses,synthetic_prototype
Tamil Nadu,ERODE,2024,Rabi,438.4777777777779,27.250912962701612,Low,5034.96,21870.44,4.344,Maize,synthetic_prototype
Tamil Nadu,ERODE,2024,Rabi,438.4777777777779,27.250912962701612,Low,1248.75,2717.6,2.176,Groundnut,synthetic_prototype
Tamil Nadu,ERODE,2024,Rabi,438.4777777777779,27.250912962701612,Low,3355.89,17196.12,5.124,Rice,synthetic_prototype
Tamil Nadu,ERODE,2024,Summer,134.12307692307692,27.250912962701612,Low,2564.74,4940.39,1.926,Groundnut,synthetic_prototype
Tamil Nadu,ERODE,2024,Summer,134.12307692307692,27.250912962701612,Low,4004.27,14407.9,3.598,Maize,synthetic_prototype
Tamil Nadu,ERODE,2024,Summer,134.12307692307692,27.250912962701612,Low,5479.08,25896.33,4.726,Rice,synthetic_prototype
Tamil Nadu,KALLAKURICHI,2024,Kharif,330.9059829059829,,Unknown,5979.34,13944.9,2.332,Groundnut,synthetic_prototype
Tamil Nadu,KALLAKURICHI,2024,Kharif,330.9059829059829,,Unknown,4205.33,17871.6,4.25,Maize,synthetic_prototype
Tamil Nadu,KALLAKURICHI,2024,Kharif,330.9059829059829,,Unknown,3827.53,7364.47,1.924,Soybean,synthetic_prototype
Tamil Nadu,KALLAKURICHI,2024,Kharif,330.9059829059829,,Unknown,2927.39,5417.88,1.851,Cotton,synthetic_prototype
Tamil Nadu,KALLAKURICHI,2024,Rabi,438.4777777777779,,Unknown,1465.23,4529.79,3.092,Wheat,synthetic_prototype
Tamil Nadu,KALLAKURICHI,2024,Rabi,438.4777777777779,,Unknown,15261.38,75465.63,4.945,Rice,synthetic_prototype
Tamil Nadu,KALLAKURICHI,2024,Rabi,438.4777777777779,,Unknown,3090.49,2786.52,0.902,Pulses,synthetic_prototype
Tamil Nadu,KALLAKURICHI,2024,Rabi,438.4777777777779,,Unknown,2147.44,2798.97,1.303,Mustard,synthetic_prototype
Tamil Nadu,KALLAKURICHI,2024,Summer,134.12307692307692,,Unknown,2037.55,31108.97,15.268,Watermelon,synthetic_prototype
Tamil Nadu,KALLAKURICHI,2024,Summer,134.12307692307692,,Unknown,1284.94,2849.14,2.217,Millet,synthetic_prototype
Tamil Nadu,KALLAKURICHI,2024,Summer,134.12307692307692,,Unknown,1595.27,7434.43,4.66,Maize,synthetic_prototype
Tamil Nadu,KANCHIPURAM,2024,Kharif,330.9059829059829,,Unknown,2688.05,5342.17,1.987,Groundnut,synthetic_prototype
Tamil Nadu,KANCHIPURAM,2024,Kharif,330.9059829059829,,Unknown,1139.05,2365.66,2.077,Soybean,synthetic_prototype
Tamil Nadu,KANCHIPURAM,2024,Kharif,330.9059829059829,,Unknown,6612.79,30247.62,4.574,Rice,synthetic_prototype
Tamil Nadu,KANCHIPURAM,2024,Kharif,330.9059829059829,,Unknown,9257.31,47696.19,5.152,Maize,synthetic_prototype
Tamil Nadu,KANCHIPURAM,2024,Rabi,438.4777777777779,,Unknown,10390.1,56642.73,5.452,Rice,synthetic_prototype
Tamil Nadu,KANCHIPURAM,2024,Rabi,438.4777777777779,,Unknown,1259.15,2751.65,2.185,Groundnut,synthetic_prototype
Tamil Nadu,KANCHIPURAM,2024,Rabi,438.4777777777779,,Unknown,3070.44,2956.02,0.963,Pulses,synthetic_prototype
Tamil Nadu,KANCHIPURAM,2024,Rabi,438.4777777777779,,Unknown,1854.37,2378.72,1.283,Mustard,synthetic_prototype
Tamil Nadu,KANCHIPURAM,2024,Summer,134.12307692307692,,Unknown,767.26,13904.73,18.123,Watermelon,synthetic_prototype
Tamil Nadu,KANCHIPURAM,2024,Summer,134.12307692307692,,Unknown,3192.28,5891.14,1.845,Groundnut,synthetic_prototype
Tamil Nadu,KANCHIPURAM,2024,Summer,134.12307692307692,,Unknown,2123.86,8678.7,4.086,Maize,synthetic_prototype
Tamil Nadu,KANNIYAKUMARI,2024,Kharif,330.9059829059829,31.164836859555997,High,9354.77,36424.68,3.894,Rice,synthetic_prototype
Tamil Nadu,KANNIYAKUMARI,2024,Kharif,330.9059829059829,31.164836859555997,High,8914.19,53260.84,5.975,Maize,synthetic_prototype
Tamil Nadu,KANNIYAKUMARI,2024,Kharif,330.9059829059829,31.164836859555997,High,3456.36,6571.75,1.901,Cotton,synthetic_prototype
Tamil Nadu,KANNIYAKUMARI,2024,Kharif,330.9059829059829,31.164836859555997,High,1966.68,5466.82,2.78,Millet,synthetic_prototype
Tamil Nadu,KANNIYAKUMARI,2024,Rabi,438.4777777777779,31.164836859555997,High,3793.73,14919.54,3.933,Maize,synthetic_prototype
Tamil Nadu,KANNIYAKUMARI,2024,Rabi,438.4777777777779,31.164836859555997,High,5110.7,4978.47,0.974,Pulses,synthetic_prototype
Tamil Nadu,KANNIYAKUMARI,2024,Rabi,438.4777777777779,31.164836859555997,High,11467.94,48695.33,4.246,Rice,synthetic_prototype
Tamil Nadu,KANNIYAKUMARI,2024,Rabi,438.4777777777779,31.164836859555997,High,1477.87,2580.16,1.746,Groundnut,synthetic_prototype
Tamil Nadu,KANNIYAKUMARI,2024,Summer,134.12307692307692,31.164836859555997,High,2884.53,7246.1,2.512,Millet,synthetic_prototype
Tamil Nadu,KANNIYAKUMARI,2024,Summer,134.12307692307692,31.164836859555997,High,6952.77,25957.98,3.733,Rice,synthetic_prototype
Tamil Nadu,KANNIYAKUMARI,2024,Summer,134.12307692307692,31.164836859555997,High,1374.02,22573.82,16.429,Watermelon,synthetic_prototype
Tamil Nadu,KARUR,2024,Kharif,330.9059829059829,25.69542081294355,Low,678.57,1196.7,1.764,Soybean,synthetic_prototype
Tamil Nadu,KARUR,2024,Kharif,330.9059829059829,25.69542081294355,Low,2484.5,4819.84,1.94,Cotton,synthetic_prototype
Tamil Nadu,KARUR,2024,Kharif,330.9059829059829,25.69542081294355,Low,3720.71,8146.55,2.19,Groundnut,synthetic_prototype
Tamil Nadu,KARUR,2024,Kharif,330.9059829059829,25.69542081294355,Low,11147.57,56226.03,5.044,Rice,synthetic_prototype
Tamil Nadu,KARUR,2024,Rabi,438.4777777777779,25.69542081294355,Low,280.42,704.48,2.512,Wheat,synthetic_prototype
Tamil Nadu,KARUR,2024,Rabi,438.4777777777779,25.69542081294355,Low,5987.17,24414.58,4.078,Maize,synthetic_prototype
Tamil Nadu,KARUR,2024,Rabi,438.4777777777779,25.69542081294355,Low,4496.16,17017.52,3.785,Rice,synthetic_prototype
Tamil Nadu,KARUR,2024,Rabi,438.4777777777779,25.69542081294355,Low,3830.0,8704.59,2.273,Groundnut,synthetic_prototype
Tamil Nadu,KARUR,2024,Summer,134.12307692307692,25.69542081294355,Low,2491.92,10329.98,4.145,Rice,synthetic_prototype
Tamil Nadu,KARUR,2024,Summer,134.12307692307692,25.69542081294355,Low,1324.75,2521.22,1.903,Groundnut,synthetic_prototype
Tamil Nadu,KARUR,2024,Summer,134.12307692307692,25.69542081294355,Low,1635.66,7372.66,4.507,Maize,synthetic_prototype
Tamil Nadu,KRISHNAGIRI,2024,Kharif,330.9059829059829,27.765414212580644,Medium,11269.67,49059.51,4.353,Rice,synthetic_prototype
Tamil Nadu,KRISHNAGIRI,2024,Kharif,330.9059829059829,27.765414212580644,Medium,3297.41,6810.38,2.065,Cotton,synthetic_prototype
Tamil Nadu,KRISHNAGIRI,2024,Kharif,330.9059829059829,27.765414212580644,Medium,3584.32,7154.81,1.996,Groundnut,synthetic_prototype
Tamil Nadu,KRISHNAGIRI,2024,Kharif,330.9059829059829,27.765414212580644,Medium,600.42,1198.75,1.997,Soybean,synthetic_prototype
Tamil Nadu,KRISHNAGIRI,2024,Rabi,438.4777777777779,27.765414212580644,Medium,762.97,2376.09,3.114,Wheat,synthetic_prototype
Tamil Nadu,KRISHNAGIRI,2024,Rabi,438.4777777777779,27.765414212580644,Medium,765.22,860.7,1.125,Pulses,synthetic_prototype
Tamil Nadu,KRISHNAGIRI,2024,Rabi,438.4777777777779,27.765414212580644,Medium,1934.15,7378.08,3.815,Rice,synthetic_prototype
Tamil Nadu,KRISHNAGIRI,2024,Rabi,438.4777777777779,27.765414212580644,Medium,2082.61,4925.99,2.365,Groundnut,synthetic_prototype
Tamil Nadu,KRISHNAGIRI,2024,Summer,134.12307692307692,27.765414212580644,Medium,1014.79,22150.92,21.828,Watermelon,synthetic_prototype
Tamil Nadu,KRISHNAGIRI,2024,Summer,134.12307692307692,27.765414212580644,Medium,2544.63,9323.94,3.664,Maize,synthetic_prototype
Tamil Nadu,KRISHNAGIRI,2024,Summer,134.12307692307692,27.765414212580644,Medium,2704.41,11902.18,4.401,Rice,synthetic_prototype
Tamil Nadu,MADURAI,2024,Kharif,330.9059829059829,32.49706241748,High,4076.6,9531.99,2.338,Groundnut,synthetic_prototype
Tamil Nadu,MADURAI,2024,Kharif,330.9059829059829,32.49706241748,High,8490.5,29286.69,3.449,Rice,synthetic_prototype
Tamil Nadu,MADURAI,2024,Kharif,330.9059829059829,32.49706241748,High,5924.77,32811.75,5.538,Maize,synthetic_prototype
Tamil Nadu,MADURAI,2024,Kharif,330.9059829059829,32.49706241748,High,2227.64,4363.7,1.959,Soybean,synthetic_prototype
Tamil Nadu,MADURAI,2024,Rabi,438.4777777777779,32.49706241748,High,990.43,2556.67,2.581,Wheat,synthetic_prototype
Tamil Nadu,MADURAI,2024,Rabi,438.4777777777779,32.49706241748,High,4120.71,5022.87,1.219,Pulses,synthetic_prototype
Tamil Nadu,MADURAI,2024,Rabi,438.4777777777779,32.49706241748,High,3303.07,18222.33,5.517,Maize,synthetic_prototype
Tamil Nadu,MADURAI,2024,Rabi,438.4777777777779,32.49706241748,High,3985.38,9635.38,2.418,Groundnut,synthetic_prototype
Tamil Nadu,MADURAI,2024,Summer,134.12307692307692,32.49706241748,High,899.35,13508.9,15.021,Watermelon,synthetic_prototype
Tamil Nadu,MADURAI,2024,Summer,134.12307692307692,32.49706241748,High,1568.53,5999.6,3.825,Maize,synthetic_prototype
Tamil Nadu,MADURAI,2024,Summer,134.12307692307692,32.49706241748,High,902.14,1642.58,1.821,Millet,synthetic_prototype
Tamil Nadu,MAYILADUTHURAI,2024,Kharif,330.9059829059829,,Unknown,1465.05,2511.83,1.715,Soybean,synthetic_prototype
Tamil Nadu,MAYILADUTHURAI,2024,Kharif,330.9059829059829,,Unknown,4127.15,7318.87,1.773,Groundnut,synthetic_prototype
Tamil Nadu,MAYILADUTHURAI,2024,Kharif,330.9059829059829,,Unknown,10178.34,50495.63,4.961,Rice,synthetic_prototype
Tamil Nadu,MAYILADUTHURAI,2024,Kharif,330.9059829059829,,Unknown,1372.9,2447.11,1.782,Cotton,synthetic_prototype
Tamil Nadu,MAYILADUTHURAI,2024,Rabi,438.4777777777779,,Unknown,3716.53,8657.21,2.329,Groundnut,synthetic_prototype
Tamil Nadu,MAYILADUTHURAI,2024,Rabi,438.4777777777779,,Unknown,5856.56,29871.72,5.101,Maize,synthetic_prototype
Tamil Nadu,MAYILADUTHURAI,2024,Rabi,438.4777777777779,,Unknown,5098.32,6237.11,1.223,Pulses,synthetic_prototype
Tamil Nadu,MAYILADUTHURAI,2024,Rabi,438.4777777777779,,Unknown,1416.15,3819.07,2.697,Wheat,synthetic_prototype
Tamil Nadu,MAYILADUTHURAI,2024,Summer,134.12307692307692,,Unknown,1694.13,4277.65,2.525,Millet,synthetic_prototype
Tamil Nadu,MAYILADUTHURAI,2024,Summer,134.12307692307692,,Unknown,2034.38,9813.95,4.824,Rice,synthetic_prototype
Tamil Nadu,MAYILADUTHURAI,2024,Summer,134.12307692307692,,Unknown,637.24,9715.5,15.246,Watermelon,synthetic_prototype
Tamil Nadu,NAGAPATTINAM,2024,Kharif,330.9059829059829,,Unknown,13315.53,49136.36,3.69,Rice,synthetic_prototype
Tamil Nadu,NAGAPATTINAM,2024,Kharif,330.9059829059829,,Unknown,5633.67,9340.6,1.658,Cotton,synthetic_prototype
Tamil Nadu,NAGAPATTINAM,2024,Kharif,330.9059829059829,,Unknown,6909.0,34034.55,4.926,Maize,synthetic_prototype
Tamil Nadu,NAGAPATTINAM,2024,Kharif,330.9059829059829,,Unknown,2572.92,4767.42,1.853,Soybean,synthetic_prototype
Tamil Nadu,NAGAPATTINAM,2024,Rabi,438.4777777777779,,Unknown,799.76,1841.48,2.303,Wheat,synthetic_prototype
Tamil Nadu,NAGAPATTINAM,2024,Rabi,438.4777777777779,,Unknown,1599.22,2830.82,1.77,Groundnut,synthetic_prototype
Tamil Nadu,NAGAPATTINAM,2024,Rabi,438.4777777777779,,Unknown,3891.9,16818.25,4.321,Rice,synthetic_prototype
Tamil Nadu,NAGAPATTINAM,2024,Rabi,438.4777777777779,,Unknown,1232.64,1319.29,1.07,Mustard,synthetic_prototype
Tamil Nadu,NAGAPATTINAM,2024,Summer,134.12307692307692,,Unknown,2084.27,9829.84,4.716,Maize,synthetic_prototype
Tamil Nadu,NAGAPATTINAM,2024,Summer,134.12307692307692,,Unknown,561.76,9440.08,16.804,Watermelon,synthetic_prototype
Tamil Nadu,NAGAPATTINAM,2024,Summer,134.12307692307692,,Unknown,1363.42,2454.83,1.8,Millet,synthetic_prototype
Tamil Nadu,NAMAKKAL,2024,Kharif,330.9059829059829,25.152302552862903,Low,7380.43,34172.64,4.63,Rice,synthetic_prototype
Tamil Nadu,NAMAKKAL,2024,Kharif,330.9059829059829,25.152302552862903,Low,5921.52,28778.17,4.86,Maize,synthetic_prototype
Tamil Nadu,NAMAKKAL,2024,Kharif,330.9059829059829,25.152302552862903,Low,1696.56,3222.34,1.899,Groundnut,synthetic_prototype
Tamil Nadu,NAMAKKAL,2024,Kharif,330.9059829059829,25.152302552862903,Low,3924.74,6697.64,1.707,Soybean,synthetic_prototype
Tamil Nadu,NAMAKKAL,2024,Rabi,438.4777777777779,25.152302552862903,Low,564.79,1472.74,2.608,Wheat,synthetic_prototype
Tamil Nadu,NAMAKKAL,2024,Rabi,438.4777777777779,25.152302552862903,Low,9392.42,43185.15,4.598,Rice,synthetic_prototype
Tamil Nadu,NAMAKKAL,2024,Rabi,438.4777777777779,25.152302552862903,Low,4840.23,4611.28,0.953,Pulses,synthetic_prototype
Tamil Nadu,NAMAKKAL,2024,Rabi,438.4777777777779,25.152302552862903,Low,2038.13,2202.8,1.081,Mustard,synthetic_prototype
Tamil Nadu,NAMAKKAL,2024,Summer,134.12307692307692,25.152302552862903,Low,824.14,12015.11,14.579,Watermelon,synthetic_prototype
Tamil Nadu,NAMAKKAL,2024,Summer,134.12307692307692,25.152302552862903,Low,1662.34,6813.7,4.099,Maize,synthetic_prototype
Tamil Nadu,NAMAKKAL,2024,Summer,134.12307692307692,25.152302552862903,Low,671.1,1316.83,1.962,Millet,synthetic_prototype
Tamil Nadu,PERAMBALUR,2024,Kharif,330.9059829059829,32.95149883487903,High,598.17,1016.95,1.7,Soybean,synthetic_prototype
Tamil Nadu,PERAMBALUR,2024,Kharif,330.9059829059829,32.95149883487903,High,3586.03,6102.25,1.702,Cotton,synthetic_prototype
Tamil Nadu,PERAMBALUR,2024,Kharif,330.9059829059829,32.95149883487903,High,3732.66,7816.79,2.094,Groundnut,synthetic_prototype
Tamil Nadu,PERAMBALUR,2024,Kharif,330.9059829059829,32.95149883487903,High,2461.4,5947.29,2.416,Millet,synthetic_prototype
Tamil Nadu,PERAMBALUR,2024,Rabi,438.4777777777779,32.95149883487903,High,12511.14,55257.19,4.417,Rice,synthetic_prototype
Tamil Nadu,PERAMBALUR,2024,Rabi,438.4777777777779,32.95149883487903,High,1022.03,1338.3,1.309,Mustard,synthetic_prototype
Tamil Nadu,PERAMBALUR,2024,Rabi,438.4777777777779,32.95149883487903,High,4146.9,4102.43,0.989,Pulses,synthetic_prototype
Tamil Nadu,PERAMBALUR,2024,Rabi,438.4777777777779,32.95149883487903,High,4629.85,8880.28,1.918,Groundnut,synthetic_prototype
Tamil Nadu,PERAMBALUR,2024,Summer,134.12307692307692,32.95149883487903,High,1816.14,28293.41,15.579,Watermelon,synthetic_prototype
Tamil Nadu,PERAMBALUR,2024,Summer,134.12307692307692,32.95149883487903,High,1362.54,5910.32,4.338,Maize,synthetic_prototype
Tamil Nadu,PERAMBALUR,2024,Summer,134.12307692307692,32.95149883487903,High,1539.24,3325.12,2.16,Millet,synthetic_prototype
Tamil Nadu,PUDUKKOTTAI,2024,Kharif,330.9059829059829,23.147286031048385,Low,4390.57,18077.46,4.117,Rice,synthetic_prototype
Tamil Nadu,PUDUKKOTTAI,2024,Kharif,330.9059829059829,23.147286031048385,Low,3395.17,19476.36,5.736,Maize,synthetic_prototype
Tamil Nadu,PUDUKKOTTAI,2024,Kharif,330.9059829059829,23.147286031048385,Low,2512.75,6830.39,2.718,Millet,synthetic_prototype
Tamil Nadu,PUDUKKOTTAI,2024,Kharif,330.9059829059829,23.147286031048385,Low,1860.26,4011.21,2.156,Cotton,synthetic_prototype
Tamil Nadu,PUDUKKOTTAI,2024,Rabi,438.4777777777779,23.147286031048385,Low,3500.02,7519.89,2.149,Groundnut,synthetic_prototype
Tamil Nadu,PUDUKKOTTAI,2024,Rabi,438.4777777777779,23.147286031048385,Low,3664.16,3352.09,0.915,Pulses,synthetic_prototype
Tamil Nadu,PUDUKKOTTAI,2024,Rabi,438.4777777777779,23.147286031048385,Low,1581.45,1760.95,1.114,Mustard,synthetic_prototype
Tamil Nadu,PUDUKKOTTAI,2024,Rabi,438.4777777777779,23.147286031048385,Low,7981.02,37992.23,4.76,Maize,synthetic_prototype
Tamil Nadu,PUDUKKOTTAI,2024,Summer,134.12307692307692,23.147286031048385,Low,1571.81,6169.43,3.925,Rice,synthetic_prototype
Tamil Nadu,PUDUKKOTTAI,2024,Summer,134.12307692307692,23.147286031048385,Low,4501.41,16676.59,3.705,Maize,synthetic_prototype
Tamil Nadu,PUDUKKOTTAI,2024,Summer,134.12307692307692,23.147286031048385,Low,788.87,1902.16,2.411,Millet,synthetic_prototype
Tamil Nadu,RAMANATHAPURAM,2024,Kharif,330.9059829059829,28.9982593121,Medium,1664.14,3863.89,2.322,Soybean,synthetic_prototype
Tamil Nadu,RAMANATHAPURAM,2024,Kharif,330.9059829059829,28.9982593121,Medium,7134.1,31527.53,4.419,Rice,synthetic_prototype
Tamil Nadu,RAMANATHAPURAM,2024,Kharif,330.9059829059829,28.9982593121,Medium,2702.4,7315.66,2.707,Millet,synthetic_prototype
Tamil Nadu,RAMANATHAPURAM,2024,Kharif,330.9059829059829,28.9982593121,Medium,3977.1,6935.17,1.744,Cotton,synthetic_prototype
Tamil Nadu,RAMANATHAPURAM,2024,Rabi,438.4777777777779,28.9982593121,Medium,2573.3,2974.34,1.156,Pulses,synthetic_prototype
Tamil Nadu,RAMANATHAPURAM,2024,Rabi,438.4777777777779,28.9982593121,Medium,865.48,2686.57,3.104,Wheat,synthetic_prototype
Tamil Nadu,RAMANATHAPURAM,2024,Rabi,438.4777777777779,28.9982593121,Medium,4371.52,16679.4,3.815,Rice,synthetic_prototype
Tamil Nadu,RAMANATHAPURAM,2024,Rabi,438.4777777777779,28.9982593121,Medium,5337.26,10504.9,1.968,Groundnut,synthetic_prototype
Tamil Nadu,RAMANATHAPURAM,2024,Summer,134.12307692307692,28.9982593121,Medium,2183.41,46650.11,21.366,Watermelon,synthetic_prototype
Tamil Nadu,RAMANATHAPURAM,2024,Summer,134.12307692307692,28.9982593121,Medium,6199.4,20484.11,3.304,Rice,synthetic_prototype
Tamil Nadu,RAMANATHAPURAM,2024,Summer,134.12307692307692,28.9982593121,Medium,1724.25,8013.57,4.648,Maize,synthetic_prototype
Tamil Nadu,RANIPET,2024,Kharif,330.9059829059829,,Unknown,5041.26,23488.32,4.659,Maize,synthetic_prototype
Tamil Nadu,RANIPET,2024,Kharif,330.9059829059829,,Unknown,2575.48,7159.14,2.78,Millet,synthetic_prototype
Tamil Nadu,RANIPET,2024,Kharif,330.9059829059829,,Unknown,6733.15,11901.24,1.768,Groundnut,synthetic_prototype
Tamil Nadu,RANIPET,2024,Kharif,330.9059829059829,,Unknown,7643.64,16423.49,2.149,Cotton,synthetic_prototype
Tamil Nadu,RANIPET,2024,Rabi,438.4777777777779,,Unknown,1424.44,4154.7,2.917,Wheat,synthetic_prototype
Tamil Nadu,RANIPET,2024,Rabi,438.4777777777779,,Unknown,6462.62,26779.48,4.144,Rice,synthetic_prototype
Tamil Nadu,RANIPET,2024,Rabi,438.4777777777779,,Unknown,4176.7,8458.93,2.025,Groundnut,synthetic_prototype
Tamil Nadu,RANIPET,2024,Rabi,438.4777777777779,,Unknown,626.09,718.67,1.148,Mustard,synthetic_prototype
Tamil Nadu,RANIPET,2024,Summer,134.12307692307692,,Unknown,827.4,16019.73,19.362,Watermelon,synthetic_prototype
Tamil Nadu,RANIPET,2024,Summer,134.12307692307692,,Unknown,2066.86,10271.87,4.97,Maize,synthetic_prototype
Tamil Nadu,RANIPET,2024,Summer,134.12307692307692,,Unknown,4064.49,14642.07,3.602,Rice,synthetic_prototype
Tamil Nadu,SALEM,2024,Kharif,330.9059829059829,26.934064780120966,Low,5154.1,12834.6,2.49,Millet,synthetic_prototype
Tamil Nadu,SALEM,2024,Kharif,330.9059829059829,26.934064780120966,Low,3739.36,7309.27,1.955,Cotton,synthetic_prototype
Tamil Nadu,SALEM,2024,Kharif,330.9059829059829,26.934064780120966,Low,10301.99,41036.85,3.983,Rice,synthetic_prototype
Tamil Nadu,SALEM,2024,Kharif,330.9059829059829,26.934064780120966,Low,5477.5,23855.63,4.355,Maize,synthetic_prototype
Tamil Nadu,SALEM,2024,Rabi,438.4777777777779,26.934064780120966,Low,3694.09,3342.88,0.905,Pulses,synthetic_prototype
Tamil Nadu,SALEM,2024,Rabi,438.4777777777779,26.934064780120966,Low,16245.55,77870.25,4.793,Rice,synthetic_prototype
Tamil Nadu,SALEM,2024,Rabi,438.4777777777779,26.934064780120966,Low,5165.13,21693.53,4.2,Maize,synthetic_prototype
Tamil Nadu,SALEM,2024,Rabi,438.4777777777779,26.934064780120966,Low,2335.25,6066.16,2.598,Wheat,synthetic_prototype
Tamil Nadu,SALEM,2024,Summer,134.12307692307692,26.934064780120966,Low,1657.6,5815.49,3.508,Rice,synthetic_prototype
Tamil Nadu,SALEM,2024,Summer,134.12307692307692,26.934064780120966,Low,2405.46,12835.38,5.336,Maize,synthetic_prototype
Tamil Nadu,SALEM,2024,Summer,134.12307692307692,26.934064780120966,Low,933.21,2124.6,2.277,Millet,synthetic_prototype
Tamil Nadu,SIVAGANGA,2024,Kharif,330.9059829059829,27.401053718064517,Medium,2586.71,5558.78,2.149,Millet,synthetic_prototype
Tamil Nadu,SIVAGANGA,2024,Kharif,330.9059829059829,27.401053718064517,Medium,5304.36,19034.23,3.588,Rice,synthetic_prototype
Tamil Nadu,SIVAGANGA,2024,Kharif,330.9059829059829,27.401053718064517,Medium,2722.68,6403.91,2.352,Groundnut,synthetic_prototype
Tamil Nadu,SIVAGANGA,2024,Kharif,330.9059829059829,27.401053718064517,Medium,3427.1,7075.37,2.065,Soybean,synthetic_prototype
Tamil Nadu,SIVAGANGA,2024,Rabi,438.4777777777779,27.401053718064517,Medium,4362.61,16733.38,3.836,Rice,synthetic_prototype
Tamil Nadu,SIVAGANGA,2024,Rabi,438.4777777777779,27.401053718064517,Medium,4455.5,5479.17,1.23,Pulses,synthetic_prototype
Tamil Nadu,SIVAGANGA,2024,Rabi,438.4777777777779,27.401053718064517,Medium,924.62,1163.97,1.259,Mustard,synthetic_prototype
Tamil Nadu,SIVAGANGA,2024,Rabi,438.4777777777779,27.401053718064517,Medium,4225.28,8428.53,1.995,Groundnut,synthetic_prototype
Tamil Nadu,SIVAGANGA,2024,Summer,134.12307692307692,27.401053718064517,Medium,1225.73,2200.39,1.795,Groundnut,synthetic_prototype
Tamil Nadu,SIVAGANGA,2024,Summer,134.12307692307692,27.401053718064517,Medium,1146.28,2967.83,2.589,Millet,synthetic_prototype
Tamil Nadu,SIVAGANGA,2024,Summer,134.12307692307692,27.401053718064517,Medium,2783.34,13404.28,4.816,Rice,synthetic_prototype
Tamil Nadu,TENKASI,2024,Kharif,330.9059829059829,,Unknown,1360.73,4129.67,3.035,Millet,synthetic_prototype
Tamil Nadu,TENKASI,2024,Kharif,330.9059829059829,,Unknown,2216.85,5286.44,2.385,Soybean,synthetic_prototype
Tamil Nadu,TENKASI,2024,Kharif,330.9059829059829,,Unknown,2253.99,4922.97,2.184,Groundnut,synthetic_prototype
Tamil Nadu,TENKASI,2024,Kharif,330.9059829059829,,Unknown,5754.19,23188.69,4.03,Rice,synthetic_prototype
Tamil Nadu,TENKASI,2024,Rabi,438.4777777777779,,Unknown,1339.08,3595.7,2.685,Wheat,synthetic_prototype
Tamil Nadu,TENKASI,2024,Rabi,438.4777777777779,,Unknown,8171.68,43720.88,5.35,Rice,synthetic_prototype
Tamil Nadu,TENKASI,2024,Rabi,438.4777777777779,,Unknown,5348.46,23332.84,4.363,Maize,synthetic_prototype
Tamil Nadu,TENKASI,2024,Rabi,438.4777777777779,,Unknown,3899.92,7770.87,1.993,Groundnut,synthetic_prototype
Tamil Nadu,TENKASI,2024,Summer,134.12307692307692,,Unknown,2450.77,4607.71,1.88,Millet,synthetic_prototype
Tamil Nadu,TENKASI,2024,Summer,134.12307692307692,,Unknown,1828.21,4106.06,2.246,Groundnut,synthetic_prototype
Tamil Nadu,TENKASI,2024,Summer,134.12307692307692,,Unknown,1674.59,8032.72,4.797,Rice,synthetic_prototype
Tamil Nadu,THANJAVUR,2024,Kharif,330.9059829059829,28.445014925161292,Medium,3323.99,8130.8,2.446,Millet,synthetic_prototype
Tamil Nadu,THANJAVUR,2024,Kharif,330.9059829059829,28.445014925161292,Medium,3539.83,15196.01,4.293,Maize,synthetic_prototype
Tamil Nadu,THANJAVUR,2024,Kharif,330.9059829059829,28.445014925161292,Medium,5327.69,11477.16,2.154,Groundnut,synthetic_prototype
Tamil Nadu,THANJAVUR,2024,Kharif,330.9059829059829,28.445014925161292,Medium,963.84,2020.84,2.097,Cotton,synthetic_prototype
Tamil Nadu,THANJAVUR,2024,Rabi,438.4777777777779,28.445014925161292,Medium,3358.5,3962.45,1.18,Pulses,synthetic_prototype
Tamil Nadu,THANJAVUR,2024,Rabi,438.4777777777779,28.445014925161292,Medium,958.8,1082.77,1.129,Mustard,synthetic_prototype
Tamil Nadu,THANJAVUR,2024,Rabi,438.4777777777779,28.445014925161292,Medium,882.51,2754.33,3.121,Wheat,synthetic_prototype
Tamil Nadu,THANJAVUR,2024,Rabi,438.4777777777779,28.445014925161292,Medium,2667.11,11722.81,4.395,Rice,synthetic_prototype
Tamil Nadu,THANJAVUR,2024,Summer,134.12307692307692,28.445014925161292,Medium,767.15,1805.01,2.353,Millet,synthetic_prototype
Tamil Nadu,THANJAVUR,2024,Summer,134.12307692307692,28.445014925161292,Medium,477.37,8666.41,18.155,Watermelon,synthetic_prototype
Tamil Nadu,THANJAVUR,2024,Summer,134.12307692307692,28.445014925161292,Medium,1911.75,7105.09,3.717,Rice,synthetic_prototype
Tamil Nadu,THE NILGIRIS,2024,Kharif,330.9059829059829,35.84706918911291,High,9305.53,43686.6,4.695,Rice,synthetic_prototype
Tamil Nadu,THE NILGIRIS,2024,Kharif,330.9059829059829,35.84706918911291,High,2319.17,10425.47,4.495,Maize,synthetic_prototype
Tamil Nadu,THE NILGIRIS,2024,Kharif,330.9059829059829,35.84706918911291,High,2196.48,5093.01,2.319,Millet,synthetic_prototype
Tamil Nadu,THE NILGIRIS,2024,Kharif,330.9059829059829,35.84706918911291,High,2510.34,5353.05,2.132,Soybean,synthetic_prototype
Tamil Nadu,THE NILGIRIS,2024,Rabi,438.4777777777779,35.84706918911291,High,538.32,1454.74,2.702,Wheat,synthetic_prototype
Tamil Nadu,THE NILGIRIS,2024,Rabi,438.4777777777779,35.84706918911291,High,2427.39,2390.52,0.985,Pulses,synthetic_prototype
Tamil Nadu,THE NILGIRIS,2024,Rabi,438.4777777777779,35.84706918911291,High,5357.88,22051.78,4.116,Rice,synthetic_prototype
Tamil Nadu,THE NILGIRIS,2024,Rabi,438.4777777777779,35.84706918911291,High,5920.47,33748.42,5.7,Maize,synthetic_prototype
Tamil Nadu,THE NILGIRIS,2024,Summer,134.12307692307692,35.84706918911291,High,4269.04,19671.73,4.608,Maize,synthetic_prototype
Tamil Nadu,THE NILGIRIS,2024,Summer,134.12307692307692,35.84706918911291,High,3530.22,13592.85,3.85,Rice,synthetic_prototype
Tamil Nadu,THE NILGIRIS,2024,Summer,134.12307692307692,35.84706918911291,High,3201.29,7068.37,2.208,Groundnut,synthetic_prototype
Tamil Nadu,THENI,2024,Kharif,330.9059829059829,34.932106377692,High,3735.06,7064.05,1.891,Groundnut,synthetic_prototype
Tamil Nadu,THENI,2024,Kharif,330.9059829059829,34.932106377692,High,4247.76,18839.27,4.435,Rice,synthetic_prototype
Tamil Nadu,THENI,2024,Kharif,330.9059829059829,34.932106377692,High,3236.89,7196.59,2.223,Millet,synthetic_prototype
Tamil Nadu,THENI,2024,Kharif,330.9059829059829,34.932106377692,High,2039.21,4356.24,2.136,Soybean,synthetic_prototype
Tamil Nadu,THENI,2024,Rabi,438.4777777777779,34.932106377692,High,2030.04,4316.55,2.126,Groundnut,synthetic_prototype
Tamil Nadu,THENI,2024,Rabi,438.4777777777779,34.932106377692,High,2268.19,2711.26,1.195,Mustard,synthetic_prototype
Tamil Nadu,THENI,2024,Rabi,438.4777777777779,34.932106377692,High,8018.05,38712.59,4.828,Maize,synthetic_prototype
Tamil Nadu,THENI,2024,Rabi,438.4777777777779,34.932106377692,High,586.46,1626.31,2.773,Wheat,synthetic_prototype
Tamil Nadu,THENI,2024,Summer,134.12307692307692,34.932106377692,High,2319.09,5237.41,2.258,Groundnut,synthetic_prototype
Tamil Nadu,THENI,2024,Summer,134.12307692307692,34.932106377692,High,1294.36,25628.16,19.8,Watermelon,synthetic_prototype
Tamil Nadu,THENI,2024,Summer,134.12307692307692,34.932106377692,High,2494.2,9150.54,3.669,Rice,synthetic_prototype
Tamil Nadu,THOOTHUKUDI,2024,Kharif,330.9059829059829,,Unknown,4401.71,7795.86,1.771,Cotton,synthetic_prototype
Tamil Nadu,THOOTHUKUDI,2024,Kharif,330.9059829059829,,Unknown,1577.55,4408.97,2.795,Millet,synthetic_prototype
Tamil Nadu,THOOTHUKUDI,2024,Kharif,330.9059829059829,,Unknown,1586.67,3701.66,2.333,Soybean,synthetic_prototype
Tamil Nadu,THOOTHUKUDI,2024,Kharif,330.9059829059829,,Unknown,2420.09,10154.37,4.196,Maize,synthetic_prototype
Tamil Nadu,THOOTHUKUDI,2024,Rabi,438.4777777777779,,Unknown,2672.71,11263.24,4.214,Maize,synthetic_prototype
Tamil Nadu,THOOTHUKUDI,2024,Rabi,438.4777777777779,,Unknown,1288.25,3769.7,2.926,Wheat,synthetic_prototype
Tamil Nadu,THOOTHUKUDI,2024,Rabi,438.4777777777779,,Unknown,3480.81,4473.92,1.285,Pulses,synthetic_prototype
Tamil Nadu,THOOTHUKUDI,2024,Rabi,438.4777777777779,,Unknown,1697.7,2506.66,1.477,Mustard,synthetic_prototype
Tamil Nadu,THOOTHUKUDI,2024,Summer,134.12307692307692,,Unknown,2881.43,5524.02,1.917,Groundnut,synthetic_prototype
Tamil Nadu,THOOTHUKUDI,2024,Summer,134.12307692307692,,Unknown,1502.59,6728.72,4.478,Maize,synthetic_prototype
Tamil Nadu,THOOTHUKUDI,2024,Summer,134.12307692307692,,Unknown,5476.79,25426.9,4.643,Rice,synthetic_prototype
Tamil Nadu,TIRUCHIRAPPALLI,2024,Kharif,330.9059829059829,26.180574092419352,Low,8553.82,40089.04,4.687,Rice,synthetic_prototype
Tamil Nadu,TIRUCHIRAPPALLI,2024,Kharif,330.9059829059829,26.180574092419352,Low,920.64,2156.56,2.342,Soybean,synthetic_prototype
Tamil Nadu,TIRUCHIRAPPALLI,2024,Kharif,330.9059829059829,26.180574092419352,Low,3575.67,5991.95,1.676,Cotton,synthetic_prototype
Tamil Nadu,TIRUCHIRAPPALLI,2024,Kharif,330.9059829059829,26.180574092419352,Low,4826.17,10230.05,2.12,Millet,synthetic_prototype
Tamil Nadu,TIRUCHIRAPPALLI,2024,Rabi,438.4777777777779,26.180574092419352,Low,1752.59,2307.35,1.317,Mustard,synthetic_prototype
Tamil Nadu,TIRUCHIRAPPALLI,2024,Rabi,438.4777777777779,26.180574092419352,Low,2268.14,2123.86,0.936,Pulses,synthetic_prototype
Tamil Nadu,TIRUCHIRAPPALLI,2024,Rabi,438.4777777777779,26.180574092419352,Low,6019.69,28192.33,4.683,Rice,synthetic_prototype
Tamil Nadu,TIRUCHIRAPPALLI,2024,Rabi,438.4777777777779,26.180574092419352,Low,567.36,1778.99,3.136,Wheat,synthetic_prototype
Tamil Nadu,TIRUCHIRAPPALLI,2024,Summer,134.12307692307692,26.180574092419352,Low,837.3,15092.22,18.025,Watermelon,synthetic_prototype
Tamil Nadu,TIRUCHIRAPPALLI,2024,Summer,134.12307692307692,26.180574092419352,Low,4215.54,18610.32,4.415,Rice,synthetic_prototype
Tamil Nadu,TIRUCHIRAPPALLI,2024,Summer,134.12307692307692,26.180574092419352,Low,1193.3,2693.11,2.257,Groundnut,synthetic_prototype
Tamil Nadu,TIRUNELVELI,2024,Kharif,330.9059829059829,27.362339060924,Low,14264.14,56150.22,3.936,Rice,synthetic_prototype
Tamil Nadu,TIRUNELVELI,2024,Kharif,330.9059829059829,27.362339060924,Low,2497.75,6983.33,2.796,Millet,synthetic_prototype
Tamil Nadu,TIRUNELVELI,2024,Kharif,330.9059829059829,27.362339060924,Low,1311.05,2072.48,1.581,Cotton,synthetic_prototype
Tamil Nadu,TIRUNELVELI,2024,Kharif,330.9059829059829,27.362339060924,Low,5318.05,23033.62,4.331,Maize,synthetic_prototype
Tamil Nadu,TIRUNELVELI,2024,Rabi,438.4777777777779,27.362339060924,Low,898.19,2336.2,2.601,Wheat,synthetic_prototype
Tamil Nadu,TIRUNELVELI,2024,Rabi,438.4777777777779,27.362339060924,Low,1186.99,1743.32,1.469,Mustard,synthetic_prototype
Tamil Nadu,TIRUNELVELI,2024,Rabi,438.4777777777779,27.362339060924,Low,2405.94,2356.31,0.979,Pulses,synthetic_prototype
Tamil Nadu,TIRUNELVELI,2024,Rabi,438.4777777777779,27.362339060924,Low,4978.68,25905.2,5.203,Rice,synthetic_prototype
Tamil Nadu,TIRUNELVELI,2024,Summer,134.12307692307692,27.362339060924,Low,2142.97,10386.78,4.847,Maize,synthetic_prototype
Tamil Nadu,TIRUNELVELI,2024,Summer,134.12307692307692,27.362339060924,Low,2602.53,4095.39,1.574,Groundnut,synthetic_prototype
Tamil Nadu,TIRUNELVELI,2024,Summer,134.12307692307692,27.362339060924,Low,1493.1,31646.76,21.195,Watermelon,synthetic_prototype
Tamil Nadu,TIRUPATHUR,2024,Kharif,330.9059829059829,,Unknown,3119.03,12422.96,3.983,Rice,synthetic_prototype
Tamil Nadu,TIRUPATHUR,2024,Kharif,330.9059829059829,,Unknown,3531.52,8163.63,2.312,Millet,synthetic_prototype
Tamil Nadu,TIRUPATHUR,2024,Kharif,330.9059829059829,,Unknown,2598.52,4363.17,1.679,Soybean,synthetic_prototype
Tamil Nadu,TIRUPATHUR,2024,Kharif,330.9059829059829,,Unknown,8279.09,19877.19,2.401,Groundnut,synthetic_prototype
Tamil Nadu,TIRUPATHUR,2024,Rabi,438.4777777777779,,Unknown,1699.44,2081.81,1.225,Mustard,synthetic_prototype
Tamil Nadu,TIRUPATHUR,2024,Rabi,438.4777777777779,,Unknown,9613.21,44771.01,4.657,Rice,synthetic_prototype
Tamil Nadu,TIRUPATHUR,2024,Rabi,438.4777777777779,,Unknown,6014.17,10422.1,1.733,Groundnut,synthetic_prototype
Tamil Nadu,TIRUPATHUR,2024,Rabi,438.4777777777779,,Unknown,7834.05,40231.67,5.135,Maize,synthetic_prototype
Tamil Nadu,TIRUPATHUR,2024,Summer,134.12307692307692,,Unknown,655.81,11758.94,17.93,Watermelon,synthetic_prototype
Tamil Nadu,TIRUPATHUR,2024,Summer,134.12307692307692,,Unknown,3486.62,15265.88,4.378,Rice,synthetic_prototype
Tamil Nadu,TIRUPATHUR,2024,Summer,134.12307692307692,,Unknown,2208.13,7956.88,3.603,Maize,synthetic_prototype
Tamil Nadu,TIRUPPUR,2024,Kharif,330.9059829059829,26.49042549164,Low,3814.8,6363.12,1.668,Soybean,synthetic_prototype
Tamil Nadu,TIRUPPUR,2024,Kharif,330.9059829059829,26.49042549164,Low,7248.49,15809.42,2.181,Groundnut,synthetic_prototype
Tamil Nadu,TIRUPPUR,2024,Kharif,330.9059829059829,26.49042549164,Low,12299.08,71520.58,5.815,Maize,synthetic_prototype
Tamil Nadu,TIRUPPUR,2024,Kharif,330.9059829059829,26.49042549164,Low,2733.07,6313.49,2.31,Millet,synthetic_prototype
Tamil Nadu,TIRUPPUR,2024,Rabi,438.4777777777779,26.49042549164,Low,2738.16,7857.42,2.87,Wheat,synthetic_prototype
Tamil Nadu,TIRUPPUR,2024,Rabi,438.4777777777779,26.49042549164,Low,6531.09,11039.03,1.69,Groundnut,synthetic_prototype
Tamil Nadu,TIRUPPUR,2024,Rabi,438.4777777777779,26.49042549164,Low,2758.52,4344.69,1.575,Mustard,synthetic_prototype
Tamil Nadu,TIRUPPUR,2024,Rabi,438.4777777777779,26.49042549164,Low,5033.95,5449.01,1.082,Pulses,synthetic_prototype
Tamil Nadu,TIRUPPUR,2024,Summer,134.12307692307692,26.49042549164,Low,1895.17,4468.93,2.358,Millet,synthetic_prototype
Tamil Nadu,TIRUPPUR,2024,Summer,134.12307692307692,26.49042549164,Low,3392.47,14790.62,4.36,Rice,synthetic_prototype
Tamil Nadu,TIRUPPUR,2024,Summer,134.12307692307692,26.49042549164,Low,4150.61,14944.3,3.601,Maize,synthetic_prototype
Tamil Nadu,TIRUVALLUR,2024,Kharif,330.9059829059829,,Unknown,1085.61,2026.59,1.867,Cotton,synthetic_prototype
Tamil Nadu,TIRUVALLUR,2024,Kharif,330.9059829059829,,Unknown,3629.53,19647.6,5.413,Maize,synthetic_prototype
Tamil Nadu,TIRUVALLUR,2024,Kharif,330.9059829059829,,Unknown,1817.49,3921.99,2.158,Soybean,synthetic_prototype
Tamil Nadu,TIRUVALLUR,2024,Kharif,330.9059829059829,,Unknown,14598.86,58443.25,4.003,Rice,synthetic_prototype
Tamil Nadu,TIRUVALLUR,2024,Rabi,438.4777777777779,,Unknown,1963.53,3221.03,1.64,Groundnut,synthetic_prototype
Tamil Nadu,TIRUVALLUR,2024,Rabi,438.4777777777779,,Unknown,6891.37,36442.23,5.288,Maize,synthetic_prototype
Tamil Nadu,TIRUVALLUR,2024,Rabi,438.4777777777779,,Unknown,11532.51,48894.43,4.24,Rice,synthetic_prototype
Tamil Nadu,TIRUVALLUR,2024,Rabi,438.4777777777779,,Unknown,962.58,2409.88,2.504,Wheat,synthetic_prototype
Tamil Nadu,TIRUVALLUR,2024,Summer,134.12307692307692,,Unknown,3387.84,15207.94,4.489,Rice,synthetic_prototype
Tamil Nadu,TIRUVALLUR,2024,Summer,134.12307692307692,,Unknown,909.85,2385.76,2.622,Millet,synthetic_prototype
Tamil Nadu,TIRUVALLUR,2024,Summer,134.12307692307692,,Unknown,743.93,10979.02,14.758,Watermelon,synthetic_prototype
Tamil Nadu,TIRUVANNAMALAI,2024,Kharif,330.9059829059829,30.938669521370965,High,2543.59,5991.57,2.356,Groundnut,synthetic_prototype
Tamil Nadu,TIRUVANNAMALAI,2024,Kharif,330.9059829059829,30.938669521370965,High,2349.24,7059.18,3.005,Millet,synthetic_prototype
Tamil Nadu,TIRUVANNAMALAI,2024,Kharif,330.9059829059829,30.938669521370965,High,7548.76,32296.98,4.278,Rice,synthetic_prototype
Tamil Nadu,TIRUVANNAMALAI,2024,Kharif,330.9059829059829,30.938669521370965,High,1240.8,2806.37,2.262,Cotton,synthetic_prototype
Tamil Nadu,TIRUVANNAMALAI,2024,Rabi,438.4777777777779,30.938669521370965,High,4692.35,17871.2,3.809,Rice,synthetic_prototype
Tamil Nadu,TIRUVANNAMALAI,2024,Rabi,438.4777777777779,30.938669521370965,High,1038.39,2952.66,2.844,Wheat,synthetic_prototype
Tamil Nadu,TIRUVANNAMALAI,2024,Rabi,438.4777777777779,30.938669521370965,High,3471.66,6689.44,1.927,Groundnut,synthetic_prototype
Tamil Nadu,TIRUVANNAMALAI,2024,Rabi,438.4777777777779,30.938669521370965,High,3958.28,15815.33,3.996,Maize,synthetic_prototype
Tamil Nadu,TIRUVANNAMALAI,2024,Summer,134.12307692307692,30.938669521370965,High,1481.97,24073.06,16.244,Watermelon,synthetic_prototype
Tamil Nadu,TIRUVANNAMALAI,2024,Summer,134.12307692307692,30.938669521370965,High,2945.55,14743.22,5.005,Maize,synthetic_prototype
Tamil Nadu,TIRUVANNAMALAI,2024,Summer,134.12307692307692,30.938669521370965,High,3542.54,17003.07,4.8,Rice,synthetic_prototype
Tamil Nadu,TIRUVARUR,2024,Kharif,330.9059829059829,,Unknown,1938.87,9883.77,5.098,Maize,synthetic_prototype
Tamil Nadu,TIRUVARUR,2024,Kharif,330.9059829059829,,Unknown,1270.61,2621.86,2.063,Millet,synthetic_prototype
Tamil Nadu,TIRUVARUR,2024,Kharif,330.9059829059829,,Unknown,2841.86,5988.58,2.107,Cotton,synthetic_prototype
Tamil Nadu,TIRUVARUR,2024,Kharif,330.9059829059829,,Unknown,5761.56,27655.35,4.8,Rice,synthetic_prototype
Tamil Nadu,TIRUVARUR,2024,Rabi,438.4777777777779,,Unknown,1913.62,2196.94,1.148,Mustard,synthetic_prototype
Tamil Nadu,TIRUVARUR,2024,Rabi,438.4777777777779,,Unknown,7881.84,31046.42,3.939,Rice,synthetic_prototype
Tamil Nadu,TIRUVARUR,2024,Rabi,438.4777777777779,,Unknown,3382.08,16892.88,4.995,Maize,synthetic_prototype
Tamil Nadu,TIRUVARUR,2024,Rabi,438.4777777777779,,Unknown,3409.8,3524.12,1.034,Pulses,synthetic_prototype
Tamil Nadu,TIRUVARUR,2024,Summer,134.12307692307692,,Unknown,395.76,8401.68,21.229,Watermelon,synthetic_prototype
Tamil Nadu,TIRUVARUR,2024,Summer,134.12307692307692,,Unknown,836.48,3871.44,4.628,Maize,synthetic_prototype
Tamil Nadu,TIRUVARUR,2024,Summer,134.12307692307692,,Unknown,1287.99,2311.21,1.794,Millet,synthetic_prototype
Tamil Nadu,VELLORE,2024,Kharif,330.9059829059829,28.828871023427418,Medium,2916.03,5701.56,1.955,Soybean,synthetic_prototype
Tamil Nadu,VELLORE,2024,Kharif,330.9059829059829,28.828871023427418,Medium,5409.91,13138.54,2.429,Groundnut,synthetic_prototype
Tamil Nadu,VELLORE,2024,Kharif,330.9059829059829,28.828871023427418,Medium,3018.19,7563.46,2.506,Millet,synthetic_prototype
Tamil Nadu,VELLORE,2024,Kharif,330.9059829059829,28.828871023427418,Medium,4201.57,7506.4,1.787,Cotton,synthetic_prototype
Tamil Nadu,VELLORE,2024,Rabi,438.4777777777779,28.828871023427418,Medium,4853.2,8629.55,1.778,Groundnut,synthetic_prototype
Tamil Nadu,VELLORE,2024,Rabi,438.4777777777779,28.828871023427418,Medium,665.45,1030.35,1.548,Mustard,synthetic_prototype
Tamil Nadu,VELLORE,2024,Rabi,438.4777777777779,28.828871023427418,Medium,554.73,1317.1,2.374,Wheat,synthetic_prototype
Tamil Nadu,VELLORE,2024,Rabi,438.4777777777779,28.828871023427418,Medium,6998.52,26838.51,3.835,Rice,synthetic_prototype
Tamil Nadu,VELLORE,2024,Summer,134.12307692307692,28.828871023427418,Medium,889.46,17293.58,19.443,Watermelon,synthetic_prototype
Tamil Nadu,VELLORE,2024,Summer,134.12307692307692,28.828871023427418,Medium,1669.61,4287.57,2.568,Millet,synthetic_prototype
Tamil Nadu,VELLORE,2024,Summer,134.12307692307692,28.828871023427418,Medium,3710.4,14551.19,3.922,Rice,synthetic_prototype
Tamil Nadu,VILUPPURAM,2024,Kharif,330.9059829059829,29.779336412338708,High,4317.97,9895.13,2.292,Cotton,synthetic_prototype
Tamil Nadu,VILUPPURAM,2024,Kharif,330.9059829059829,29.779336412338708,High,932.96,2677.05,2.869,Millet,synthetic_prototype
Tamil Nadu,VILUPPURAM,2024,Kharif,330.9059829059829,29.779336412338708,High,2213.87,3785.98,1.71,Groundnut,synthetic_prototype
Tamil Nadu,VILUPPURAM,2024,Kharif,330.9059829059829,29.779336412338708,High,9355.55,34798.17,3.72,Rice,synthetic_prototype
Tamil Nadu,VILUPPURAM,2024,Rabi,438.4777777777779,29.779336412338708,High,4839.76,19500.74,4.029,Maize,synthetic_prototype
Tamil Nadu,VILUPPURAM,2024,Rabi,438.4777777777779,29.779336412338708,High,926.67,3071.04,3.314,Wheat,synthetic_prototype
Tamil Nadu,VILUPPURAM,2024,Rabi,438.4777777777779,29.779336412338708,High,6540.29,26868.97,4.108,Rice,synthetic_prototype
Tamil Nadu,VILUPPURAM,2024,Rabi,438.4777777777779,29.779336412338708,High,1901.05,2549.95,1.341,Mustard,synthetic_prototype
Tamil Nadu,VILUPPURAM,2024,Summer,134.12307692307692,29.779336412338708,High,634.33,1492.65,2.353,Millet,synthetic_prototype
Tamil Nadu,VILUPPURAM,2024,Summer,134.12307692307692,29.779336412338708,High,3218.03,12765.23,3.967,Maize,synthetic_prototype
Tamil Nadu,VILUPPURAM,2024,Summer,134.12307692307692,29.779336412338708,High,738.72,13728.16,18.584,Watermelon,synthetic_prototype
Tamil Nadu,VIRUDHUNAGAR,2024,Kharif,330.9059829059829,,Unknown,9614.2,34047.52,3.541,Rice,synthetic_prototype
Tamil Nadu,VIRUDHUNAGAR,2024,Kharif,330.9059829059829,,Unknown,5026.59,9269.08,1.844,Cotton,synthetic_prototype
Tamil Nadu,VIRUDHUNAGAR,2024,Kharif,330.9059829059829,,Unknown,6141.38,13641.33,2.221,Millet,synthetic_prototype
Tamil Nadu,VIRUDHUNAGAR,2024,Kharif,330.9059829059829,,Unknown,2469.93,4032.74,1.633,Soybean,synthetic_prototype
Tamil Nadu,VIRUDHUNAGAR,2024,Rabi,438.4777777777779,,Unknown,4378.38,7906.26,1.806,Groundnut,synthetic_prototype
Tamil Nadu,VIRUDHUNAGAR,2024,Rabi,438.4777777777779,,Unknown,11879.07,51381.0,4.325,Rice,synthetic_prototype
Tamil Nadu,VIRUDHUNAGAR,2024,Rabi,438.4777777777779,,Unknown,1025.97,1203.48,1.173,Pulses,synthetic_prototype
Tamil Nadu,VIRUDHUNAGAR,2024,Rabi,438.4777777777779,,Unknown,1666.01,5194.96,3.118,Wheat,synthetic_prototype
Tamil Nadu,VIRUDHUNAGAR,2024,Summer,134.12307692307692,,Unknown,971.28,1793.53,1.847,Groundnut,synthetic_prototype
Tamil Nadu,VIRUDHUNAGAR,2024,Summer,134.12307692307692,,Unknown,1459.02,3146.06,2.156,Millet,synthetic_prototype
Tamil Nadu,VIRUDHUNAGAR,2024,Summer,134.12307692307692,,Unknown,3190.32,14058.89,4.407,Rice,synthetic_prototype
