state,district,year,season,crop,area_hectares,production_tonnes,yield_tonnes_per_hectare,source_type
Tamil Nadu,Ariyalur,2018,Kharif,Cotton,1458.83,2191.2,1.502,synthetic_prototype
Tamil Nadu,Ariyalur,2018,Kharif,Maize,5835.68,28420.51,4.87,synthetic_prototype
Tamil Nadu,Ariyalur,2018,Kharif,Groundnut,882.49,1555.74,1.763,synthetic_prototype
Tamil Nadu,Ariyalur,2018,Kharif,Millet,3025.32,7723.82,2.553,synthetic_prototype
Tamil Nadu,Ariyalur,2018,Rabi,Maize,4651.74,16494.54,3.546,synthetic_prototype
Tamil Nadu,Ariyalur,2018,Rabi,Wheat,1627.04,4008.73,2.464,synthetic_prototype
Tamil Nadu,Ariyalur,2018,Rabi,Rice,4061.81,16058.43,3.954,synthetic_prototype
Tamil Nadu,Ariyalur,2018,Rabi,Groundnut,934.86,2001.84,2.141,synthetic_prototype
Tamil Nadu,Ariyalur,2018,Summer,Watermelon,1115.41,17955.71,16.098,synthetic_prototype
Tamil Nadu,Ariyalur,2018,Summer,Maize,2690.32,11654.68,4.332,synthetic_prototype
Tamil Nadu,Ariyalur,2018,Summer,Rice,4792.07,19492.61,4.068,synthetic_prototype
Tamil Nadu,Chengalpattu,2018,Kharif,Millet,3835.14,8844.62,2.306,synthetic_prototype
Tamil Nadu,Chengalpattu,2018,Kharif,Cotton,3589.18,6039.17,1.683,synthetic_prototype
Tamil Nadu,Chengalpattu,2018,Kharif,Soybean,2368.46,4779.63,2.018,synthetic_prototype
Tamil Nadu,Chengalpattu,2018,Kharif,Groundnut,1438.76,2878.91,2.001,synthetic_prototype
Tamil Nadu,Chengalpattu,2018,Rabi,Rice,11516.56,49824.79,4.326,synthetic_prototype
Tamil Nadu,Chengalpattu,2018,Rabi,Maize,5485.11,26908.54,4.906,synthetic_prototype
Tamil Nadu,Chengalpattu,2018,Rabi,Pulses,1176.38,1126.59,0.958,synthetic_prototype
Tamil Nadu,Chengalpattu,2018,Rabi,Groundnut,1670.62,3697.19,2.213,synthetic_prototype
Tamil Nadu,Chengalpattu,2018,Summer,Rice,3323.47,12290.56,3.698,synthetic_prototype
Tamil Nadu,Chengalpattu,2018,Summer,Watermelon,535.3,9279.62,17.335,synthetic_prototype
Tamil Nadu,Chengalpattu,2018,Summer,Millet,1070.99,2567.25,2.397,synthetic_prototype
Tamil Nadu,Chennai,2018,Kharif,Millet,887.13,1759.24,1.983,synthetic_prototype
Tamil Nadu,Chennai,2018,Kharif,Soybean,2449.61,4461.88,1.821,synthetic_prototype
Tamil Nadu,Chennai,2018,Kharif,Rice,3079.49,14570.51,4.731,synthetic_prototype
Tamil Nadu,Chennai,2018,Kharif,Maize,6029.89,32430.36,5.378,synthetic_prototype
Tamil Nadu,Chennai,2018,Rabi,Pulses,1142.39,1159.36,1.015,synthetic_prototype
Tamil Nadu,Chennai,2018,Rabi,Wheat,2187.78,5213.24,2.383,synthetic_prototype
Tamil Nadu,Chennai,2018,Rabi,Groundnut,2557.89,5602.53,2.19,synthetic_prototype
Tamil Nadu,Chennai,2018,Rabi,Maize,5259.65,24528.64,4.664,synthetic_prototype
Tamil Nadu,Chennai,2018,Summer,Groundnut,2515.04,4992.48,1.985,synthetic_prototype
Tamil Nadu,Chennai,2018,Summer,Watermelon,730.43,11489.65,15.73,synthetic_prototype
Tamil Nadu,Chennai,2018,Summer,Rice,1377.06,5962.14,4.33,synthetic_prototype
Tamil Nadu,Coimbatore,2018,Kharif,Millet,1162.87,2261.86,1.945,synthetic_prototype
Tamil Nadu,Coimbatore,2018,Kharif,Soybean,2901.25,4643.6,1.601,synthetic_prototype
Tamil Nadu,Coimbatore,2018,Kharif,Cotton,3131.74,5067.65,1.618,synthetic_prototype
Tamil Nadu,Coimbatore,2018,Kharif,Rice,11721.16,40940.52,3.493,synthetic_prototype
Tamil Nadu,Coimbatore,2018,Rabi,Rice,6482.01,23262.25,3.589,synthetic_prototype
Tamil Nadu,Coimbatore,2018,Rabi,Groundnut,1766.18,3437.7,1.946,synthetic_prototype
Tamil Nadu,Coimbatore,2018,Rabi,Mustard,747.44,756.64,1.012,synthetic_prototype
Tamil Nadu,Coimbatore,2018,Rabi,Maize,4135.97,21235.94,5.134,synthetic_prototype
Tamil Nadu,Coimbatore,2018,Summer,Maize,1709.22,7180.29,4.201,synthetic_prototype
Tamil Nadu,Coimbatore,2018,Summer,Watermelon,1508.01,26293.4,17.436,synthetic_prototype
Tamil Nadu,Coimbatore,2018,Summer,Millet,1056.32,2103.26,1.991,synthetic_prototype
Tamil Nadu,Cuddalore,2018,Kharif,Millet,3100.89,5987.57,1.931,synthetic_prototype
Tamil Nadu,Cuddalore,2018,Kharif,Groundnut,5033.48,8189.77,1.627,synthetic_prototype
Tamil Nadu,Cuddalore,2018,Kharif,Maize,7615.59,30199.07,3.965,synthetic_prototype
Tamil Nadu,Cuddalore,2018,Kharif,Cotton,1873.86,2865.04,1.529,synthetic_prototype
Tamil Nadu,Cuddalore,2018,Rabi,Mustard,1538.52,1917.92,1.247,synthetic_prototype
Tamil Nadu,Cuddalore,2018,Rabi,Pulses,1300.84,1525.86,1.173,synthetic_prototype
Tamil Nadu,Cuddalore,2018,Rabi,Rice,14453.86,69667.51,4.82,synthetic_prototype
Tamil Nadu,Cuddalore,2018,Rabi,Groundnut,1709.3,2845.54,1.665,synthetic_prototype
Tamil Nadu,Cuddalore,2018,Summer,Groundnut,627.31,1311.52,2.091,synthetic_prototype
Tamil Nadu,Cuddalore,2018,Summer,Maize,3126.75,13949.21,4.461,synthetic_prototype
Tamil Nadu,Cuddalore,2018,Summer,Millet,2525.42,5560.72,2.202,synthetic_prototype
Tamil Nadu,Dharmapuri,2018,Kharif,Groundnut,6911.25,13873.07,2.007,synthetic_prototype
Tamil Nadu,Dharmapuri,2018,Kharif,Rice,9090.98,37099.66,4.081,synthetic_prototype
Tamil Nadu,Dharmapuri,2018,Kharif,Soybean,2417.75,3922.53,1.622,synthetic_prototype
Tamil Nadu,Dharmapuri,2018,Kharif,Millet,4097.7,8419.44,2.055,synthetic_prototype
Tamil Nadu,Dharmapuri,2018,Rabi,Maize,7213.69,32876.12,4.557,synthetic_prototype
Tamil Nadu,Dharmapuri,2018,Rabi,Mustard,446.91,580.5,1.299,synthetic_prototype
Tamil Nadu,Dharmapuri,2018,Rabi,Groundnut,3387.97,5759.87,1.7,synthetic_prototype
Tamil Nadu,Dharmapuri,2018,Rabi,Wheat,1419.93,3386.88,2.385,synthetic_prototype
Tamil Nadu,Dharmapuri,2018,Summer,Rice,7271.52,21974.62,3.022,synthetic_prototype
Tamil Nadu,Dharmapuri,2018,Summer,Watermelon,1257.82,17877.01,14.213,synthetic_prototype
Tamil Nadu,Dharmapuri,2018,Summer,Millet,1848.49,3260.67,1.764,synthetic_prototype
Tamil Nadu,Dindigul,2018,Kharif,Millet,1915.88,4868.87,2.541,synthetic_prototype
Tamil Nadu,Dindigul,2018,Kharif,Soybean,3030.48,6048.19,1.996,synthetic_prototype
Tamil Nadu,Dindigul,2018,Kharif,Cotton,1215.91,1997.34,1.643,synthetic_prototype
Tamil Nadu,Dindigul,2018,Kharif,Maize,8099.88,32500.52,4.012,synthetic_prototype
Tamil Nadu,Dindigul,2018,Rabi,Pulses,3785.02,3449.7,0.911,synthetic_prototype
Tamil Nadu,Dindigul,2018,Rabi,Maize,4726.14,20784.3,4.398,synthetic_prototype
Tamil Nadu,Dindigul,2018,Rabi,Groundnut,6547.92,10302.55,1.573,synthetic_prototype
Tamil Nadu,Dindigul,2018,Rabi,Wheat,1042.97,2199.96,2.109,synthetic_prototype
Tamil Nadu,Dindigul,2018,Summer,Watermelon,1119.44,15226.03,13.601,synthetic_prototype
Tamil Nadu,Dindigul,2018,Summer,Millet,939.41,2256.58,2.402,synthetic_prototype
Tamil Nadu,Dindigul,2018,Summer,Rice,4823.91,18736.52,3.884,synthetic_prototype
Tamil Nadu,Erode,2018,Kharif,Groundnut,4214.29,9890.3,2.347,synthetic_prototype
Tamil Nadu,Erode,2018,Kharif,Millet,1051.78,2651.68,2.521,synthetic_prototype
Tamil Nadu,Erode,2018,Kharif,Rice,10657.12,43082.13,4.043,synthetic_prototype
Tamil Nadu,Erode,2018,Kharif,Soybean,4070.59,8416.37,2.068,synthetic_prototype
Tamil Nadu,Erode,2018,Rabi,Maize,3263.47,16046.59,4.917,synthetic_prototype
Tamil Nadu,Erode,2018,Rabi,Rice,7735.74,35798.83,4.628,synthetic_prototype
Tamil Nadu,Erode,2018,Rabi,Groundnut,1942.65,3946.22,2.031,synthetic_prototype
Tamil Nadu,Erode,2018,Rabi,Pulses,1984.57,2027.99,1.022,synthetic_prototype
Tamil Nadu,Erode,2018,Summer,Rice,6875.11,22985.39,3.343,synthetic_prototype
Tamil Nadu,Erode,2018,Summer,Groundnut,2527.58,4114.48,1.628,synthetic_prototype
Tamil Nadu,Erode,2018,Summer,Millet,910.59,1770.98,1.945,synthetic_prototype
Tamil Nadu,Kallakurichi,2018,Kharif,Maize,7717.51,37441.58,4.852,synthetic_prototype
Tamil Nadu,Kallakurichi,2018,Kharif,Soybean,2869.05,5602.16,1.953,synthetic_prototype
Tamil Nadu,Kallakurichi,2018,Kharif,Rice,8825.73,33957.48,3.848,synthetic_prototype
Tamil Nadu,Kallakurichi,2018,Kharif,Groundnut,6027.37,13799.36,2.289,synthetic_prototype
Tamil Nadu,Kallakurichi,2018,Rabi,Groundnut,1320.89,2521.46,1.909,synthetic_prototype
Tamil Nadu,Kallakurichi,2018,Rabi,Mustard,2347.29,3064.16,1.305,synthetic_prototype
Tamil Nadu,Kallakurichi,2018,Rabi,Pulses,2029.01,2235.83,1.102,synthetic_prototype
Tamil Nadu,Kallakurichi,2018,Rabi,Rice,5844.86,28165.46,4.819,synthetic_prototype
Tamil Nadu,Kallakurichi,2018,Summer,Rice,3474.96,13350.24,3.842,synthetic_prototype
Tamil Nadu,Kallakurichi,2018,Summer,Maize,1859.54,7319.25,3.936,synthetic_prototype
Tamil Nadu,Kallakurichi,2018,Summer,Watermelon,1297.02,22552.18,17.388,synthetic_prototype
Tamil Nadu,Kanchipuram,2018,Kharif,Soybean,1641.96,3218.59,1.96,synthetic_prototype
Tamil Nadu,Kanchipuram,2018,Kharif,Groundnut,3322.38,7019.11,2.113,synthetic_prototype
Tamil Nadu,Kanchipuram,2018,Kharif,Maize,7008.17,38996.85,5.564,synthetic_prototype
Tamil Nadu,Kanchipuram,2018,Kharif,Rice,14239.96,51357.19,3.607,synthetic_prototype
Tamil Nadu,Kanchipuram,2018,Rabi,Wheat,1548.99,3586.28,2.315,synthetic_prototype
Tamil Nadu,Kanchipuram,2018,Rabi,Groundnut,1091.55,2031.7,1.861,synthetic_prototype
Tamil Nadu,Kanchipuram,2018,Rabi,Rice,10015.62,40916.14,4.085,synthetic_prototype
Tamil Nadu,Kanchipuram,2018,Rabi,Maize,4986.41,23760.23,4.765,synthetic_prototype
Tamil Nadu,Kanchipuram,2018,Summer,Maize,2737.77,12460.13,4.551,synthetic_prototype
Tamil Nadu,Kanchipuram,2018,Summer,Groundnut,2558.16,4432.07,1.733,synthetic_prototype
Tamil Nadu,Kanchipuram,2018,Summer,Rice,2921.79,11064.83,3.787,synthetic_prototype
Tamil Nadu,Kanniyakumari,2018,Kharif,Groundnut,2229.25,4455.34,1.999,synthetic_prototype
Tamil Nadu,Kanniyakumari,2018,Kharif,Cotton,3965.18,7804.87,1.968,synthetic_prototype
Tamil Nadu,Kanniyakumari,2018,Kharif,Soybean,2581.33,5613.88,2.175,synthetic_prototype
Tamil Nadu,Kanniyakumari,2018,Kharif,Maize,6743.3,31007.84,4.598,synthetic_prototype
Tamil Nadu,Kanniyakumari,2018,Rabi,Maize,6682.74,32803.61,4.909,synthetic_prototype
Tamil Nadu,Kanniyakumari,2018,Rabi,Rice,7588.77,31328.46,4.128,synthetic_prototype
Tamil Nadu,Kanniyakumari,2018,Rabi,Mustard,1921.95,2194.41,1.142,synthetic_prototype
Tamil Nadu,Kanniyakumari,2018,Rabi,Pulses,4145.56,3687.82,0.89,synthetic_prototype
Tamil Nadu,Kanniyakumari,2018,Summer,Millet,827.2,1739.81,2.103,synthetic_prototype
Tamil Nadu,Kanniyakumari,2018,Summer,Rice,3340.4,12158.7,3.64,synthetic_prototype
Tamil Nadu,Kanniyakumari,2018,Summer,Groundnut,3874.91,7461.84,1.926,synthetic_prototype
Tamil Nadu,Karur,2018,Kharif,Groundnut,2216.54,5060.9,2.283,synthetic_prototype
Tamil Nadu,Karur,2018,Kharif,Maize,6373.31,32765.9,5.141,synthetic_prototype
Tamil Nadu,Karur,2018,Kharif,Rice,12083.45,47480.86,3.929,synthetic_prototype
Tamil Nadu,Karur,2018,Kharif,Soybean,1162.97,2089.18,1.796,synthetic_prototype
Tamil Nadu,Karur,2018,Rabi,Maize,6008.26,30865.17,5.137,synthetic_prototype
Tamil Nadu,Karur,2018,Rabi,Rice,7540.11,26586.72,3.526,synthetic_prototype
Tamil Nadu,Karur,2018,Rabi,Pulses,2515.79,2270.15,0.902,synthetic_prototype
Tamil Nadu,Karur,2018,Rabi,Wheat,634.66,1640.16,2.584,synthetic_prototype
Tamil Nadu,Karur,2018,Summer,Rice,1605.34,4875.67,3.037,synthetic_prototype
Tamil Nadu,Karur,2018,Summer,Millet,1894.54,3682.76,1.944,synthetic_prototype
Tamil Nadu,Karur,2018,Summer,Maize,2956.95,12972.33,4.387,synthetic_prototype
Tamil Nadu,Krishnagiri,2018,Kharif,Cotton,1806.72,2729.09,1.511,synthetic_prototype
Tamil Nadu,Krishnagiri,2018,Kharif,Groundnut,5494.22,9788.12,1.782,synthetic_prototype
Tamil Nadu,Krishnagiri,2018,Kharif,Soybean,1523.59,3395.67,2.229,synthetic_prototype
Tamil Nadu,Krishnagiri,2018,Kharif,Millet,3998.33,8132.37,2.034,synthetic_prototype
Tamil Nadu,Krishnagiri,2018,Rabi,Groundnut,2758.84,4306.96,1.561,synthetic_prototype
Tamil Nadu,Krishnagiri,2018,Rabi,Mustard,1670.76,1716.56,1.027,synthetic_prototype
Tamil Nadu,Krishnagiri,2018,Rabi,Wheat,1756.89,4809.86,2.738,synthetic_prototype
Tamil Nadu,Krishnagiri,2018,Rabi,Pulses,1448.0,1666.5,1.151,synthetic_prototype
Tamil Nadu,Krishnagiri,2018,Summer,Rice,1403.6,4248.74,3.027,synthetic_prototype
Tamil Nadu,Krishnagiri,2018,Summer,Maize,2004.33,8069.47,4.026,synthetic_prototype
Tamil Nadu,Krishnagiri,2018,Summer,Millet,1467.02,2984.94,2.035,synthetic_prototype
Tamil Nadu,Madurai,2018,Kharif,Rice,10936.82,47922.03,4.382,synthetic_prototype
Tamil Nadu,Madurai,2018,Kharif,Millet,3073.95,7490.99,2.437,synthetic_prototype
Tamil Nadu,Madurai,2018,Kharif,Groundnut,2330.54,5400.28,2.317,synthetic_prototype
Tamil Nadu,Madurai,2018,Kharif,Soybean,1256.77,2599.46,2.068,synthetic_prototype
Tamil Nadu,Madurai,2018,Rabi,Maize,3545.35,15585.33,4.396,synthetic_prototype
Tamil Nadu,Madurai,2018,Rabi,Rice,4761.9,18367.53,3.857,synthetic_prototype
Tamil Nadu,Madurai,2018,Rabi,Wheat,1525.15,4103.77,2.691,synthetic_prototype
Tamil Nadu,Madurai,2018,Rabi,Groundnut,2635.79,4442.62,1.685,synthetic_prototype
Tamil Nadu,Madurai,2018,Summer,Maize,3160.9,13025.49,4.121,synthetic_prototype
Tamil Nadu,Madurai,2018,Summer,Rice,3743.85,12509.24,3.341,synthetic_prototype
Tamil Nadu,Madurai,2018,Summer,Groundnut,2071.89,3821.12,1.844,synthetic_prototype
Tamil Nadu,Mayiladuthurai,2018,Kharif,Rice,6384.51,23256.34,3.643,synthetic_prototype
Tamil Nadu,Mayiladuthurai,2018,Kharif,Soybean,1352.41,2354.94,1.741,synthetic_prototype
Tamil Nadu,Mayiladuthurai,2018,Kharif,Maize,7928.11,40096.5,5.058,synthetic_prototype
Tamil Nadu,Mayiladuthurai,2018,Kharif,Groundnut,2340.91,4207.84,1.798,synthetic_prototype
Tamil Nadu,Mayiladuthurai,2018,Rabi,Wheat,785.84,1904.73,2.424,synthetic_prototype
Tamil Nadu,Mayiladuthurai,2018,Rabi,Groundnut,3341.64,5140.2,1.538,synthetic_prototype
Tamil Nadu,Mayiladuthurai,2018,Rabi,Rice,2491.64,12411.84,4.981,synthetic_prototype
Tamil Nadu,Mayiladuthurai,2018,Rabi,Maize,5430.5,20178.09,3.716,synthetic_prototype
Tamil Nadu,Mayiladuthurai,2018,Summer,Millet,1263.02,2143.21,1.697,synthetic_prototype
Tamil Nadu,Mayiladuthurai,2018,Summer,Watermelon,1534.38,29306.82,19.1,synthetic_prototype
Tamil Nadu,Mayiladuthurai,2018,Summer,Maize,1668.53,7258.37,4.35,synthetic_prototype
Tamil Nadu,Nagapattinam,2018,Kharif,Soybean,771.12,1483.39,1.924,synthetic_prototype
Tamil Nadu,Nagapattinam,2018,Kharif,Cotton,3035.21,5677.66,1.871,synthetic_prototype
Tamil Nadu,Nagapattinam,2018,Kharif,Groundnut,5036.67,11566.99,2.297,synthetic_prototype
Tamil Nadu,Nagapattinam,2018,Kharif,Millet,2226.11,5082.44,2.283,synthetic_prototype
Tamil Nadu,Nagapattinam,2018,Rabi,Wheat,1690.13,3934.23,2.328,synthetic_prototype
Tamil Nadu,Nagapattinam,2018,Rabi,Groundnut,3350.58,5477.22,1.635,synthetic_prototype
Tamil Nadu,Nagapattinam,2018,Rabi,Maize,1377.48,5965.21,4.331,synthetic_prototype
Tamil Nadu,Nagapattinam,2018,Rabi,Rice,7353.94,27765.96,3.776,synthetic_prototype
Tamil Nadu,Nagapattinam,2018,Summer,Maize,4544.22,19735.06,4.343,synthetic_prototype
Tamil Nadu,Nagapattinam,2018,Summer,Millet,2501.36,5017.91,2.006,synthetic_prototype
Tamil Nadu,Nagapattinam,2018,Summer,Rice,4124.54,18041.79,4.374,synthetic_prototype
Tamil Nadu,Namakkal,2018,Kharif,Groundnut,5270.18,12156.07,2.307,synthetic_prototype
Tamil Nadu,Namakkal,2018,Kharif,Soybean,1851.94,3208.82,1.733,synthetic_prototype
Tamil Nadu,Namakkal,2018,Kharif,Cotton,2602.75,4722.85,1.815,synthetic_prototype
Tamil Nadu,Namakkal,2018,Kharif,Millet,2980.1,8094.13,2.716,synthetic_prototype
Tamil Nadu,Namakkal,2018,Rabi,Wheat,860.76,2592.24,3.012,synthetic_prototype
Tamil Nadu,Namakkal,2018,Rabi,Groundnut,2917.72,6066.23,2.079,synthetic_prototype
Tamil Nadu,Namakkal,2018,Rabi,Rice,11260.32,52644.02,4.675,synthetic_prototype
Tamil Nadu,Namakkal,2018,Rabi,Pulses,1592.79,1608.88,1.01,synthetic_prototype
Tamil Nadu,Namakkal,2018,Summer,Rice,4431.84,13939.15,3.145,synthetic_prototype
Tamil Nadu,Namakkal,2018,Summer,Watermelon,763.74,13801.86,18.071,synthetic_prototype
Tamil Nadu,Namakkal,2018,Summer,Millet,2371.51,5284.22,2.228,synthetic_prototype
Tamil Nadu,Perambalur,2018,Kharif,Soybean,1455.39,3250.72,2.234,synthetic_prototype
Tamil Nadu,Perambalur,2018,Kharif,Millet,2807.14,7884.77,2.809,synthetic_prototype
Tamil Nadu,Perambalur,2018,Kharif,Maize,6741.08,30583.62,4.537,synthetic_prototype
Tamil Nadu,Perambalur,2018,Kharif,Rice,4936.97,21490.52,4.353,synthetic_prototype
Tamil Nadu,Perambalur,2018,Rabi,Maize,5878.94,25330.22,4.309,synthetic_prototype
Tamil Nadu,Perambalur,2018,Rabi,Wheat,1356.66,4246.53,3.13,synthetic_prototype
Tamil Nadu,Perambalur,2018,Rabi,Pulses,2983.19,2663.11,0.893,synthetic_prototype
Tamil Nadu,Perambalur,2018,Rabi,Rice,8585.23,30406.4,3.542,synthetic_prototype
Tamil Nadu,Perambalur,2018,Summer,Maize,3015.79,12517.58,4.151,synthetic_prototype
Tamil Nadu,Perambalur,2018,Summer,Groundnut,1727.98,3679.02,2.129,synthetic_prototype
Tamil Nadu,Perambalur,2018,Summer,Millet,1227.48,2420.23,1.972,synthetic_prototype
Tamil Nadu,Pudukkottai,2018,Kharif,Groundnut,6989.29,12913.17,1.848,synthetic_prototype
Tamil Nadu,Pudukkottai,2018,Kharif,Cotton,4560.03,6523.73,1.431,synthetic_prototype
Tamil Nadu,Pudukkottai,2018,Kharif,Rice,14304.98,58281.56,4.074,synthetic_prototype
Tamil Nadu,Pudukkottai,2018,Kharif,Maize,8096.75,37241.09,4.6,synthetic_prototype
Tamil Nadu,Pudukkottai,2018,Rabi,Rice,6930.74,25665.92,3.703,synthetic_prototype
Tamil Nadu,Pudukkottai,2018,Rabi,Wheat,1792.1,4214.11,2.351,synthetic_prototype
Tamil Nadu,Pudukkottai,2018,Rabi,Mustard,1654.32,2219.45,1.342,synthetic_prototype
Tamil Nadu,Pudukkottai,2018,Rabi,Pulses,4578.96,4518.89,0.987,synthetic_prototype
Tamil Nadu,Pudukkottai,2018,Summer,Millet,1971.82,4680.74,2.374,synthetic_prototype
Tamil Nadu,Pudukkottai,2018,Summer,Groundnut,3191.2,5758.65,1.805,synthetic_prototype
Tamil Nadu,Pudukkottai,2018,Summer,Rice,4205.64,15243.79,3.625,synthetic_prototype
Tamil Nadu,Ramanathapuram,2018,Kharif,Cotton,3188.45,6035.87,1.893,synthetic_prototype
Tamil Nadu,Ramanathapuram,2018,Kharif,Groundnut,7799.73,17609.73,2.258,synthetic_prototype
Tamil Nadu,Ramanathapuram,2018,Kharif,Millet,2597.72,6638.73,2.556,synthetic_prototype
Tamil Nadu,Ramanathapuram,2018,Kharif,Rice,15517.58,49890.43,3.215,synthetic_prototype
Tamil Nadu,Ramanathapuram,2018,Rabi,Pulses,2312.65,2519.21,1.089,synthetic_prototype
Tamil Nadu,Ramanathapuram,2018,Rabi,Groundnut,5628.82,11403.37,2.026,synthetic_prototype
Tamil Nadu,Ramanathapuram,2018,Rabi,Mustard,1925.84,2632.15,1.367,synthetic_prototype
Tamil Nadu,Ramanathapuram,2018,Rabi,Maize,3300.68,12515.02,3.792,synthetic_prototype
Tamil Nadu,Ramanathapuram,2018,Summer,Maize,1289.15,6122.82,4.75,synthetic_prototype
Tamil Nadu,Ramanathapuram,2018,Summer,Rice,4215.61,18468.16,4.381,synthetic_prototype
Tamil Nadu,Ramanathapuram,2018,Summer,Groundnut,1165.7,1877.05,1.61,synthetic_prototype
Tamil Nadu,Ranipet,2018,Kharif,Soybean,1236.19,2777.35,2.247,synthetic_prototype
Tamil Nadu,Ranipet,2018,Kharif,Millet,3124.15,7900.63,2.529,synthetic_prototype
Tamil Nadu,Ranipet,2018,Kharif,Maize,5113.05,28831.58,5.639,synthetic_prototype
Tamil Nadu,Ranipet,2018,Kharif,Cotton,4717.41,8025.48,1.701,synthetic_prototype
Tamil Nadu,Ranipet,2018,Rabi,Rice,3546.73,14377.41,4.054,synthetic_prototype
Tamil Nadu,Ranipet,2018,Rabi,Wheat,546.63,1598.89,2.925,synthetic_prototype
Tamil Nadu,Ranipet,2018,Rabi,Groundnut,7886.14,16279.9,2.064,synthetic_prototype
Tamil Nadu,Ranipet,2018,Rabi,Mustard,2901.22,3936.32,1.357,synthetic_prototype
Tamil Nadu,Ranipet,2018,Summer,Millet,2537.65,5711.61,2.251,synthetic_prototype
Tamil Nadu,Ranipet,2018,Summer,Watermelon,1702.29,30280.27,17.788,synthetic_prototype
Tamil Nadu,Ranipet,2018,Summer,Rice,7165.2,24882.12,3.473,synthetic_prototype
Tamil Nadu,Salem,2018,Kharif,Maize,2527.79,13056.7,5.165,synthetic_prototype
Tamil Nadu,Salem,2018,Kharif,Millet,1602.89,3826.17,2.387,synthetic_prototype
Tamil Nadu,Salem,2018,Kharif,Soybean,3993.87,8750.34,2.191,synthetic_prototype
Tamil Nadu,Salem,2018,Kharif,Groundnut,6078.46,13557.25,2.23,synthetic_prototype
Tamil Nadu,Salem,2018,Rabi,Mustard,2288.57,3318.49,1.45,synthetic_prototype
Tamil Nadu,Salem,2018,Rabi,Wheat,2491.67,7817.07,3.137,synthetic_prototype
Tamil Nadu,Salem,2018,Rabi,Rice,16771.39,67134.03,4.003,synthetic_prototype
Tamil Nadu,Salem,2018,Rabi,Pulses,3605.45,3782.57,1.049,synthetic_prototype
Tamil Nadu,Salem,2018,Summer,Rice,5739.73,25382.23,4.422,synthetic_prototype
Tamil Nadu,Salem,2018,Summer,Maize,1286.11,4308.72,3.35,synthetic_prototype
Tamil Nadu,Salem,2018,Summer,Millet,3226.61,7780.96,2.411,synthetic_prototype
Tamil Nadu,Sivaganga,2018,Kharif,Millet,2513.29,4832.11,1.923,synthetic_prototype
Tamil Nadu,Sivaganga,2018,Kharif,Soybean,802.88,1277.65,1.591,synthetic_prototype
Tamil Nadu,Sivaganga,2018,Kharif,Groundnut,2087.95,3938.03,1.886,synthetic_prototype
Tamil Nadu,Sivaganga,2018,Kharif,Cotton,2797.25,5388.53,1.926,synthetic_prototype
Tamil Nadu,Sivaganga,2018,Rabi,Maize,5502.52,28579.52,5.194,synthetic_prototype
Tamil Nadu,Sivaganga,2018,Rabi,Rice,4763.66,17871.44,3.752,synthetic_prototype
Tamil Nadu,Sivaganga,2018,Rabi,Mustard,964.86,1114.29,1.155,synthetic_prototype
Tamil Nadu,Sivaganga,2018,Rabi,Wheat,1617.61,4941.65,3.055,synthetic_prototype
Tamil Nadu,Sivaganga,2018,Summer,Watermelon,405.68,7819.76,19.275,synthetic_prototype
Tamil Nadu,Sivaganga,2018,Summer,Millet,1463.18,3197.36,2.185,synthetic_prototype
Tamil Nadu,Sivaganga,2018,Summer,Maize,1855.89,8556.53,4.61,synthetic_prototype
Tamil Nadu,Tenkasi,2018,Kharif,Cotton,3797.05,6057.26,1.595,synthetic_prototype
Tamil Nadu,Tenkasi,2018,Kharif,Groundnut,5438.12,11146.99,2.05,synthetic_prototype
Tamil Nadu,Tenkasi,2018,Kharif,Rice,6561.93,30958.53,4.718,synthetic_prototype
Tamil Nadu,Tenkasi,2018,Kharif,Millet,3248.34,6442.53,1.983,synthetic_prototype
Tamil Nadu,Tenkasi,2018,Rabi,Maize,3185.15,12751.3,4.003,synthetic_prototype
Tamil Nadu,Tenkasi,2018,Rabi,Groundnut,1310.3,2082.68,1.589,synthetic_prototype
Tamil Nadu,Tenkasi,2018,Rabi,Pulses,944.03,922.26,0.977,synthetic_prototype
Tamil Nadu,Tenkasi,2018,Rabi,Mustard,1375.11,1493.23,1.086,synthetic_prototype
Tamil Nadu,Tenkasi,2018,Summer,Watermelon,1043.3,14551.59,13.948,synthetic_prototype
Tamil Nadu,Tenkasi,2018,Summer,Maize,2083.53,9258.94,4.444,synthetic_prototype
Tamil Nadu,Tenkasi,2018,Summer,Groundnut,2085.29,3088.95,1.481,synthetic_prototype
Tamil Nadu,Thanjavur,2018,Kharif,Cotton,2203.81,4012.14,1.821,synthetic_prototype
Tamil Nadu,Thanjavur,2018,Kharif,Millet,2599.89,6184.42,2.379,synthetic_prototype
Tamil Nadu,Thanjavur,2018,Kharif,Soybean,1804.61,2848.73,1.579,synthetic_prototype
Tamil Nadu,Thanjavur,2018,Kharif,Maize,7013.61,34953.9,4.984,synthetic_prototype
Tamil Nadu,Thanjavur,2018,Rabi,Maize,4032.38,17093.4,4.239,synthetic_prototype
Tamil Nadu,Thanjavur,2018,Rabi,Rice,8011.47,31347.21,3.913,synthetic_prototype
Tamil Nadu,Thanjavur,2018,Rabi,Mustard,1077.75,1415.43,1.313,synthetic_prototype
Tamil Nadu,Thanjavur,2018,Rabi,Groundnut,2333.58,3659.51,1.568,synthetic_prototype
Tamil Nadu,Thanjavur,2018,Summer,Millet,2279.46,4876.96,2.14,synthetic_prototype
Tamil Nadu,Thanjavur,2018,Summer,Maize,2325.38,8164.45,3.511,synthetic_prototype
Tamil Nadu,Thanjavur,2018,Summer,Groundnut,1591.92,3127.81,1.965,synthetic_prototype
Tamil Nadu,The Nilgiris,2018,Kharif,Millet,2367.17,4923.65,2.08,synthetic_prototype
Tamil Nadu,The Nilgiris,2018,Kharif,Maize,5093.67,20188.52,3.963,synthetic_prototype
Tamil Nadu,The Nilgiris,2018,Kharif,Cotton,4417.08,8717.56,1.974,synthetic_prototype
Tamil Nadu,The Nilgiris,2018,Kharif,Groundnut,4729.17,10624.24,2.247,synthetic_prototype
Tamil Nadu,The Nilgiris,2018,Rabi,Groundnut,918.57,1908.17,2.077,synthetic_prototype
Tamil Nadu,The Nilgiris,2018,Rabi,Wheat,1724.4,3960.23,2.297,synthetic_prototype
Tamil Nadu,The Nilgiris,2018,Rabi,Maize,2303.35,8424.2,3.657,synthetic_prototype
Tamil Nadu,The Nilgiris,2018,Rabi,Rice,11498.32,40695.46,3.539,synthetic_prototype
Tamil Nadu,The Nilgiris,2018,Summer,Rice,2703.16,9398.09,3.477,synthetic_prototype
Tamil Nadu,The Nilgiris,2018,Summer,Groundnut,1776.72,3295.35,1.855,synthetic_prototype
Tamil Nadu,The Nilgiris,2018,Summer,Watermelon,1221.75,22775.86,18.642,synthetic_prototype
Tamil Nadu,Theni,2018,Kharif,Millet,2860.63,6112.53,2.137,synthetic_prototype
Tamil Nadu,Theni,2018,Kharif,Cotton,3621.59,6286.84,1.736,synthetic_prototype
Tamil Nadu,Theni,2018,Kharif,Maize,3931.09,18377.34,4.675,synthetic_prototype
Tamil Nadu,Theni,2018,Kharif,Groundnut,3682.12,6963.99,1.891,synthetic_prototype
Tamil Nadu,Theni,2018,Rabi,Maize,7642.81,37333.81,4.885,synthetic_prototype
Tamil Nadu,Theni,2018,Rabi,Wheat,701.25,1843.75,2.629,synthetic_prototype
Tamil Nadu,Theni,2018,Rabi,Groundnut,2414.52,4598.45,1.905,synthetic_prototype
Tamil Nadu,Theni,2018,Rabi,Mustard,929.11,1211.69,1.304,synthetic_prototype
Tamil Nadu,Theni,2018,Summer,Millet,1516.96,2607.36,1.719,synthetic_prototype
Tamil Nadu,Theni,2018,Summer,Watermelon,728.98,11862.82,16.273,synthetic_prototype
Tamil Nadu,Theni,2018,Summer,Maize,2695.22,10723.99,3.979,synthetic_prototype
Tamil Nadu,Thoothukudi,2018,Kharif,Rice,4637.53,16429.13,3.543,synthetic_prototype
Tamil Nadu,Thoothukudi,2018,Kharif,Millet,3560.74,8018.87,2.252,synthetic_prototype
Tamil Nadu,Thoothukudi,2018,Kharif,Soybean,1406.81,2468.21,1.754,synthetic_prototype
Tamil Nadu,Thoothukudi,2018,Kharif,Cotton,1804.05,2724.59,1.51,synthetic_prototype
Tamil Nadu,Thoothukudi,2018,Rabi,Groundnut,1750.84,2892.99,1.652,synthetic_prototype
Tamil Nadu,Thoothukudi,2018,Rabi,Rice,9724.08,43691.46,4.493,synthetic_prototype
Tamil Nadu,Thoothukudi,2018,Rabi,Mustard,946.57,1153.98,1.219,synthetic_prototype
Tamil Nadu,Thoothukudi,2018,Rabi,Maize,6639.53,28733.92,4.328,synthetic_prototype
Tamil Nadu,Thoothukudi,2018,Summer,Rice,1529.14,5616.64,3.673,synthetic_prototype
Tamil Nadu,Thoothukudi,2018,Summer,Maize,1721.79,5857.06,3.402,synthetic_prototype
Tamil Nadu,Thoothukudi,2018,Summer,Watermelon,958.16,15900.17,16.595,synthetic_prototype
Tamil Nadu,Tiruchirappalli,2018,Kharif,Maize,6312.57,29226.56,4.63,synthetic_prototype
Tamil Nadu,Tiruchirappalli,2018,Kharif,Cotton,4365.11,9030.6,2.069,synthetic_prototype
Tamil Nadu,Tiruchirappalli,2018,Kharif,Soybean,2285.39,4557.48,1.994,synthetic_prototype
Tamil Nadu,Tiruchirappalli,2018,Kharif,Millet,2373.53,4798.83,2.022,synthetic_prototype
Tamil Nadu,Tiruchirappalli,2018,Rabi,Maize,3823.94,15189.52,3.972,synthetic_prototype
Tamil Nadu,Tiruchirappalli,2018,Rabi,Pulses,2639.32,2753.89,1.043,synthetic_prototype
Tamil Nadu,Tiruchirappalli,2018,Rabi,Wheat,648.57,1558.79,2.403,synthetic_prototype
Tamil Nadu,Tiruchirappalli,2018,Rabi,Mustard,1223.17,1553.24,1.27,synthetic_prototype
Tamil Nadu,Tiruchirappalli,2018,Summer,Millet,1847.42,3441.47,1.863,synthetic_prototype
Tamil Nadu,Tiruchirappalli,2018,Summer,Watermelon,1972.29,34742.05,17.615,synthetic_prototype
Tamil Nadu,Tiruchirappalli,2018,Summer,Maize,1151.14,5072.71,4.407,synthetic_prototype
Tamil Nadu,Tirunelveli,2018,Kharif,Maize,3950.69,20734.48,5.248,synthetic_prototype
Tamil Nadu,Tirunelveli,2018,Kharif,Millet,5261.97,13992.74,2.659,synthetic_prototype
Tamil Nadu,Tirunelveli,2018,Kharif,Rice,13548.73,54055.11,3.99,synthetic_prototype
Tamil Nadu,Tirunelveli,2018,Kharif,Cotton,4251.19,7172.99,1.687,synthetic_prototype
Tamil Nadu,Tirunelveli,2018,Rabi,Pulses,4966.46,4573.6,0.921,synthetic_prototype
Tamil Nadu,Tirunelveli,2018,Rabi,Groundnut,1390.89,2975.12,2.139,synthetic_prototype
Tamil Nadu,Tirunelveli,2018,Rabi,Rice,4226.4,20274.14,4.797,synthetic_prototype
Tamil Nadu,Tirunelveli,2018,Rabi,Wheat,1599.42,3934.8,2.46,synthetic_prototype
Tamil Nadu,Tirunelveli,2018,Summer,Rice,1771.89,7176.22,4.05,synthetic_prototype
Tamil Nadu,Tirunelveli,2018,Summer,Watermelon,1576.61,29036.35,18.417,synthetic_prototype
Tamil Nadu,Tirunelveli,2018,Summer,Groundnut,801.04,1556.31,1.943,synthetic_prototype
Tamil Nadu,Tirupathur,2018,Kharif,Rice,5454.62,25545.47,4.683,synthetic_prototype
Tamil Nadu,Tirupathur,2018,Kharif,Maize,9667.9,39877.67,4.125,synthetic_prototype
Tamil Nadu,Tirupathur,2018,Kharif,Soybean,2906.04,5333.54,1.835,synthetic_prototype
Tamil Nadu,Tirupathur,2018,Kharif,Groundnut,6966.23,13767.33,1.976,synthetic_prototype
Tamil Nadu,Tirupathur,2018,Rabi,Mustard,1882.55,2282.61,1.213,synthetic_prototype
Tamil Nadu,Tirupathur,2018,Rabi,Rice,8409.93,38582.16,4.588,synthetic_prototype
Tamil Nadu,Tirupathur,2018,Rabi,Maize,4031.71,14847.28,3.683,synthetic_prototype
Tamil Nadu,Tirupathur,2018,Rabi,Pulses,1639.24,1704.03,1.04,synthetic_prototype
Tamil Nadu,Tirupathur,2018,Summer,Groundnut,4169.62,7193.44,1.725,synthetic_prototype
Tamil Nadu,Tirupathur,2018,Summer,Maize,2355.02,9296.85,3.948,synthetic_prototype
Tamil Nadu,Tirupathur,2018,Summer,Millet,741.14,1421.52,1.918,synthetic_prototype
Tamil Nadu,Tiruppur,2018,Kharif,Cotton,3161.9,6090.05,1.926,synthetic_prototype
Tamil Nadu,Tiruppur,2018,Kharif,Millet,1891.65,4353.99,2.302,synthetic_prototype
Tamil Nadu,Tiruppur,2018,Kharif,Soybean,629.24,1067.47,1.696,synthetic_prototype
Tamil Nadu,Tiruppur,2018,Kharif,Maize,8922.63,45748.11,5.127,synthetic_prototype
Tamil Nadu,Tiruppur,2018,Rabi,Maize,2853.43,12202.18,4.276,synthetic_prototype
Tamil Nadu,Tiruppur,2018,Rabi,Mustard,2277.98,2350.39,1.032,synthetic_prototype
Tamil Nadu,Tiruppur,2018,Rabi,Wheat,2372.07,5035.68,2.123,synthetic_prototype
Tamil Nadu,Tiruppur,2018,Rabi,Rice,7683.05,27865.88,3.627,synthetic_prototype
Tamil Nadu,Tiruppur,2018,Summer,Millet,1257.99,2772.56,2.204,synthetic_prototype
Tamil Nadu,Tiruppur,2018,Summer,Maize,1666.87,5701.98,3.421,synthetic_prototype
Tamil Nadu,Tiruppur,2018,Summer,Groundnut,2431.73,5191.42,2.135,synthetic_prototype
Tamil Nadu,Tiruvallur,2018,Kharif,Groundnut,6971.63,12405.89,1.779,synthetic_prototype
Tamil Nadu,Tiruvallur,2018,Kharif,Soybean,980.97,1729.74,1.763,synthetic_prototype
Tamil Nadu,Tiruvallur,2018,Kharif,Maize,8660.68,45125.79,5.21,synthetic_prototype
Tamil Nadu,Tiruvallur,2018,Kharif,Cotton,4927.02,7195.79,1.46,synthetic_prototype
Tamil Nadu,Tiruvallur,2018,Rabi,Rice,14560.4,53763.02,3.692,synthetic_prototype
Tamil Nadu,Tiruvallur,2018,Rabi,Groundnut,2133.39,4722.45,2.214,synthetic_prototype
Tamil Nadu,Tiruvallur,2018,Rabi,Mustard,561.58,766.16,1.364,synthetic_prototype
Tamil Nadu,Tiruvallur,2018,Rabi,Wheat,2082.11,5063.8,2.432,synthetic_prototype
Tamil Nadu,Tiruvallur,2018,Summer,Groundnut,2731.64,4599.59,1.684,synthetic_prototype
Tamil Nadu,Tiruvallur,2018,Summer,Rice,7262.09,25469.71,3.507,synthetic_prototype
Tamil Nadu,Tiruvallur,2018,Summer,Maize,1448.02,6922.07,4.78,synthetic_prototype
Tamil Nadu,Tiruvannamalai,2018,Kharif,Groundnut,3258.34,7523.63,2.309,synthetic_prototype
Tamil Nadu,Tiruvannamalai,2018,Kharif,Rice,8497.04,36593.43,4.307,synthetic_prototype
Tamil Nadu,Tiruvannamalai,2018,Kharif,Maize,1991.67,10567.83,5.306,synthetic_prototype
Tamil Nadu,Tiruvannamalai,2018,Kharif,Millet,2483.54,4855.97,1.955,synthetic_prototype
Tamil Nadu,Tiruvannamalai,2018,Rabi,Rice,3304.47,13682.28,4.141,synthetic_prototype
Tamil Nadu,Tiruvannamalai,2018,Rabi,Groundnut,4470.22,8790.11,1.966,synthetic_prototype
Tamil Nadu,Tiruvannamalai,2018,Rabi,Wheat,1012.31,2975.03,2.939,synthetic_prototype
Tamil Nadu,Tiruvannamalai,2018,Rabi,Pulses,985.86,981.14,0.995,synthetic_prototype
Tamil Nadu,Tiruvannamalai,2018,Summer,Watermelon,1377.05,22723.45,16.502,synthetic_prototype
Tamil Nadu,Tiruvannamalai,2018,Summer,Groundnut,731.51,1382.34,1.89,synthetic_prototype
Tamil Nadu,Tiruvannamalai,2018,Summer,Rice,3056.35,9342.35,3.057,synthetic_prototype
Tamil Nadu,Tiruvarur,2018,Kharif,Rice,10526.3,42047.55,3.995,synthetic_prototype
Tamil Nadu,Tiruvarur,2018,Kharif,Millet,2450.87,5182.7,2.115,synthetic_prototype
Tamil Nadu,Tiruvarur,2018,Kharif,Soybean,949.87,1785.08,1.879,synthetic_prototype
Tamil Nadu,Tiruvarur,2018,Kharif,Groundnut,2964.87,5294.96,1.786,synthetic_prototype
Tamil Nadu,Tiruvarur,2018,Rabi,Rice,10209.37,38006.43,3.723,synthetic_prototype
Tamil Nadu,Tiruvarur,2018,Rabi,Pulses,957.15,860.11,0.899,synthetic_prototype
Tamil Nadu,Tiruvarur,2018,Rabi,Mustard,2008.83,2759.69,1.374,synthetic_prototype
Tamil Nadu,Tiruvarur,2018,Rabi,Wheat,2223.3,6244.59,2.809,synthetic_prototype
Tamil Nadu,Tiruvarur,2018,Summer,Watermelon,1400.65,25004.42,17.852,synthetic_prototype
Tamil Nadu,Tiruvarur,2018,Summer,Millet,2100.72,3686.33,1.755,synthetic_prototype
Tamil Nadu,Tiruvarur,2018,Summer,Maize,1110.87,5128.21,4.616,synthetic_prototype
Tamil Nadu,Vellore,2018,Kharif,Cotton,2801.24,4621.36,1.65,synthetic_prototype
Tamil Nadu,Vellore,2018,Kharif,Soybean,3377.13,6414.27,1.899,synthetic_prototype
Tamil Nadu,Vellore,2018,Kharif,Maize,7416.15,28913.0,3.899,synthetic_prototype
Tamil Nadu,Vellore,2018,Kharif,Millet,5007.14,11531.33,2.303,synthetic_prototype
Tamil Nadu,Vellore,2018,Rabi,Wheat,1262.78,3327.45,2.635,synthetic_prototype
Tamil Nadu,Vellore,2018,Rabi,Groundnut,5416.66,10257.06,1.894,synthetic_prototype
Tamil Nadu,Vellore,2018,Rabi,Rice,4116.01,20438.36,4.966,synthetic_prototype
Tamil Nadu,Vellore,2018,Rabi,Maize,3037.27,13520.1,4.451,synthetic_prototype
Tamil Nadu,Vellore,2018,Summer,Millet,1894.98,3331.26,1.758,synthetic_prototype
Tamil Nadu,Vellore,2018,Summer,Watermelon,698.0,11822.4,16.937,synthetic_prototype
Tamil Nadu,Vellore,2018,Summer,Maize,1600.68,5704.65,3.564,synthetic_prototype
Tamil Nadu,Viluppuram,2018,Kharif,Maize,5354.08,20588.93,3.845,synthetic_prototype
Tamil Nadu,Viluppuram,2018,Kharif,Rice,10052.81,42087.73,4.187,synthetic_prototype
Tamil Nadu,Viluppuram,2018,Kharif,Cotton,4193.0,7905.05,1.885,synthetic_prototype
Tamil Nadu,Viluppuram,2018,Kharif,Groundnut,3935.47,7115.03,1.808,synthetic_prototype
Tamil Nadu,Viluppuram,2018,Rabi,Rice,4002.32,13949.59,3.485,synthetic_prototype
Tamil Nadu,Viluppuram,2018,Rabi,Pulses,2426.4,2211.87,0.912,synthetic_prototype
Tamil Nadu,Viluppuram,2018,Rabi,Mustard,1405.25,1867.21,1.329,synthetic_prototype
Tamil Nadu,Viluppuram,2018,Rabi,Wheat,1839.06,5760.8,3.132,synthetic_prototype
Tamil Nadu,Viluppuram,2018,Summer,Millet,1215.4,2279.66,1.876,synthetic_prototype
Tamil Nadu,Viluppuram,2018,Summer,Rice,1816.49,6256.85,3.444,synthetic_prototype
Tamil Nadu,Viluppuram,2018,Summer,Watermelon,868.2,13210.85,15.216,synthetic_prototype
Tamil Nadu,Virudhunagar,2018,Kharif,Soybean,1983.93,3727.95,1.879,synthetic_prototype
Tamil Nadu,Virudhunagar,2018,Kharif,Cotton,1820.3,3830.05,2.104,synthetic_prototype
Tamil Nadu,Virudhunagar,2018,Kharif,Rice,10509.83,36765.02,3.498,synthetic_prototype
Tamil Nadu,Virudhunagar,2018,Kharif,Millet,1838.88,4312.54,2.345,synthetic_prototype
Tamil Nadu,Virudhunagar,2018,Rabi,Wheat,1746.93,5301.31,3.035,synthetic_prototype
Tamil Nadu,Virudhunagar,2018,Rabi,Rice,10787.85,43185.55,4.003,synthetic_prototype
Tamil Nadu,Virudhunagar,2018,Rabi,Pulses,2473.82,2245.51,0.908,synthetic_prototype
Tamil Nadu,Virudhunagar,2018,Rabi,Maize,3564.19,15773.39,4.426,synthetic_prototype
Tamil Nadu,Virudhunagar,2018,Summer,Maize,1022.99,4016.49,3.926,synthetic_prototype
Tamil Nadu,Virudhunagar,2018,Summer,Rice,6218.95,22126.22,3.558,synthetic_prototype
Tamil Nadu,Virudhunagar,2018,Summer,Watermelon,552.57,8980.62,16.253,synthetic_prototype
Tamil Nadu,Ariyalur,2019,Kharif,Groundnut,4735.74,8138.2,1.718,synthetic_prototype
Tamil Nadu,Ariyalur,2019,Kharif,Maize,5398.52,30130.89,5.581,synthetic_prototype
Tamil Nadu,Ariyalur,2019,Kharif,Cotton,1963.11,3716.34,1.893,synthetic_prototype
Tamil Nadu,Ariyalur,2019,Kharif,Millet,3999.83,9547.44,2.387,synthetic_prototype
Tamil Nadu,Ariyalur,2019,Rabi,Rice,4541.64,18143.01,3.995,synthetic_prototype
Tamil Nadu,Ariyalur,2019,Rabi,Wheat,457.89,1126.66,2.461,synthetic_prototype
Tamil Nadu,Ariyalur,2019,Rabi,Maize,6539.97,30775.45,4.706,synthetic_prototype
Tamil Nadu,Ariyalur,2019,Rabi,Groundnut,2813.94,5691.18,2.022,synthetic_prototype
Tamil Nadu,Ariyalur,2019,Summer,Watermelon,799.25,14402.72,18.02,synthetic_prototype
Tamil Nadu,Ariyalur,2019,Summer,Rice,4199.68,13739.22,3.271,synthetic_prototype
Tamil Nadu,Ariyalur,2019,Summer,Groundnut,1596.53,3405.54,2.133,synthetic_prototype
Tamil Nadu,Chengalpattu,2019,Kharif,Cotton,2470.98,3940.12,1.595,synthetic_prototype
Tamil Nadu,Chengalpattu,2019,Kharif,Groundnut,3623.63,7162.07,1.976,synthetic_prototype
Tamil Nadu,Chengalpattu,2019,Kharif,Millet,4466.07,11504.14,2.576,synthetic_prototype
Tamil Nadu,Chengalpattu,2019,Kharif,Soybean,1851.89,4228.56,2.283,synthetic_prototype
Tamil Nadu,Chengalpattu,2019,Rabi,Maize,3614.3,16471.17,4.557,synthetic_prototype
Tamil Nadu,Chengalpattu,2019,Rabi,Rice,9486.22,43577.09,4.594,synthetic_prototype
Tamil Nadu,Chengalpattu,2019,Rabi,Wheat,1360.23,3602.87,2.649,synthetic_prototype
Tamil Nadu,Chengalpattu,2019,Rabi,Mustard,1793.46,2040.69,1.138,synthetic_prototype
Tamil Nadu,Chengalpattu,2019,Summer,Maize,2810.82,11678.85,4.155,synthetic_prototype
Tamil Nadu,Chengalpattu,2019,Summer,Rice,4238.97,17573.25,4.146,synthetic_prototype
Tamil Nadu,Chengalpattu,2019,Summer,Watermelon,664.23,11578.87,17.432,synthetic_prototype
Tamil Nadu,Chennai,2019,Kharif,Millet,2141.18,4782.84,2.234,synthetic_prototype
Tamil Nadu,Chennai,2019,Kharif,Rice,6348.15,25170.02,3.965,synthetic_prototype
Tamil Nadu,Chennai,2019,Kharif,Soybean,1122.48,2507.38,2.234,synthetic_prototype
Tamil Nadu,Chennai,2019,Kharif,Maize,4851.91,24163.71,4.98,synthetic_prototype
Tamil Nadu,Chennai,2019,Rabi,Groundnut,2829.46,5200.46,1.838,synthetic_prototype
Tamil Nadu,Chennai,2019,Rabi,Maize,4041.06,20039.66,4.959,synthetic_prototype
Tamil Nadu,Chennai,2019,Rabi,Rice,2278.28,11435.4,5.019,synthetic_prototype
Tamil Nadu,Chennai,2019,Rabi,Mustard,1391.64,1982.99,1.425,synthetic_prototype
Tamil Nadu,Chennai,2019,Summer,Rice,1839.85,7759.24,4.217,synthetic_prototype
Tamil Nadu,Chennai,2019,Summer,Groundnut,1903.71,3772.19,1.981,synthetic_prototype
Tamil Nadu,Chennai,2019,Summer,Millet,1765.97,4322.19,2.447,synthetic_prototype
Tamil Nadu,Coimbatore,2019,Kharif,Soybean,1243.26,2719.69,2.188,synthetic_prototype
Tamil Nadu,Coimbatore,2019,Kharif,Groundnut,2002.87,3681.23,1.838,synthetic_prototype
Tamil Nadu,Coimbatore,2019,Kharif,Millet,4035.95,8971.76,2.223,synthetic_prototype
Tamil Nadu,Coimbatore,2019,Kharif,Rice,8189.7,33064.21,4.037,synthetic_prototype
Tamil Nadu,Coimbatore,2019,Rabi,Maize,5262.63,25723.99,4.888,synthetic_prototype
Tamil Nadu,Coimbatore,2019,Rabi,Rice,9343.44,32247.34,3.451,synthetic_prototype
Tamil Nadu,Coimbatore,2019,Rabi,Mustard,953.76,1262.72,1.324,synthetic_prototype
Tamil Nadu,Coimbatore,2019,Rabi,Groundnut,1877.75,3773.63,2.01,synthetic_prototype
Tamil Nadu,Coimbatore,2019,Summer,Rice,1629.15,5421.59,3.328,synthetic_prototype
Tamil Nadu,Coimbatore,2019,Summer,Maize,1160.37,4370.71,3.767,synthetic_prototype
Tamil Nadu,Coimbatore,2019,Summer,Groundnut,1123.17,2237.8,1.992,synthetic_prototype
Tamil Nadu,Cuddalore,2019,Kharif,Cotton,3277.35,5022.79,1.533,synthetic_prototype
Tamil Nadu,Cuddalore,2019,Kharif,Millet,2069.88,4931.29,2.382,synthetic_prototype
Tamil Nadu,Cuddalore,2019,Kharif,Maize,8538.96,37572.3,4.4,synthetic_prototype
Tamil Nadu,Cuddalore,2019,Kharif,Rice,5006.77,18377.79,3.671,synthetic_prototype
Tamil Nadu,Cuddalore,2019,Rabi,Maize,2555.64,11918.59,4.664,synthetic_prototype
Tamil Nadu,Cuddalore,2019,Rabi,Groundnut,2965.73,5580.86,1.882,synthetic_prototype
Tamil Nadu,Cuddalore,2019,Rabi,Rice,8283.4,31489.08,3.801,synthetic_prototype
Tamil Nadu,Cuddalore,2019,Rabi,Mustard,1054.36,1499.63,1.422,synthetic_prototype
Tamil Nadu,Cuddalore,2019,Summer,Millet,763.95,1319.54,1.727,synthetic_prototype
Tamil Nadu,Cuddalore,2019,Summer,Maize,2706.65,11667.32,4.311,synthetic_prototype
Tamil Nadu,Cuddalore,2019,Summer,Groundnut,961.97,1754.16,1.824,synthetic_prototype
Tamil Nadu,Dharmapuri,2019,Kharif,Groundnut,5609.43,11273.8,2.01,synthetic_prototype
Tamil Nadu,Dharmapuri,2019,Kharif,Millet,2279.16,5342.76,2.344,synthetic_prototype
Tamil Nadu,Dharmapuri,2019,Kharif,Soybean,3207.5,5852.91,1.825,synthetic_prototype
Tamil Nadu,Dharmapuri,2019,Kharif,Cotton,5564.22,10379.82,1.865,synthetic_prototype
Tamil Nadu,Dharmapuri,2019,Rabi,Wheat,1045.17,3225.32,3.086,synthetic_prototype
Tamil Nadu,Dharmapuri,2019,Rabi,Mustard,2376.81,2691.02,1.132,synthetic_prototype
Tamil Nadu,Dharmapuri,2019,Rabi,Pulses,1305.87,1444.92,1.106,synthetic_prototype
Tamil Nadu,Dharmapuri,2019,Rabi,Maize,7057.31,29991.57,4.25,synthetic_prototype
Tamil Nadu,Dharmapuri,2019,Summer,Rice,1952.45,8548.86,4.379,synthetic_prototype
Tamil Nadu,Dharmapuri,2019,Summer,Groundnut,1233.91,1891.43,1.533,synthetic_prototype
Tamil Nadu,Dharmapuri,2019,Summer,Maize,4129.13,14717.93,3.564,synthetic_prototype
Tamil Nadu,Dindigul,2019,Kharif,Cotton,4509.2,8260.43,1.832,synthetic_prototype
Tamil Nadu,Dindigul,2019,Kharif,Groundnut,5273.33,9893.7,1.876,synthetic_prototype
Tamil Nadu,Dindigul,2019,Kharif,Soybean,1811.65,3759.86,2.075,synthetic_prototype
Tamil Nadu,Dindigul,2019,Kharif,Millet,1655.06,3811.8,2.303,synthetic_prototype
Tamil Nadu,Dindigul,2019,Rabi,Groundnut,3902.05,7940.72,2.035,synthetic_prototype
Tamil Nadu,Dindigul,2019,Rabi,Maize,5932.63,21705.66,3.659,synthetic_prototype
Tamil Nadu,Dindigul,2019,Rabi,Mustard,1419.37,1935.36,1.364,synthetic_prototype
Tamil Nadu,Dindigul,2019,Rabi,Pulses,3380.88,4239.32,1.254,synthetic_prototype
Tamil Nadu,Dindigul,2019,Summer,Rice,2946.74,13401.2,4.548,synthetic_prototype
Tamil Nadu,Dindigul,2019,Summer,Millet,1788.71,3409.34,1.906,synthetic_prototype
Tamil Nadu,Dindigul,2019,Summer,Watermelon,1222.38,22917.56,18.748,synthetic_prototype
Tamil Nadu,Erode,2019,Kharif,Groundnut,7557.31,16835.81,2.228,synthetic_prototype
Tamil Nadu,Erode,2019,Kharif,Soybean,1594.49,2609.94,1.637,synthetic_prototype
Tamil Nadu,Erode,2019,Kharif,Rice,8855.13,35031.32,3.956,synthetic_prototype
Tamil Nadu,Erode,2019,Kharif,Millet,4522.8,11658.04,2.578,synthetic_prototype
Tamil Nadu,Erode,2019,Rabi,Maize,3512.53,14649.38,4.171,synthetic_prototype
Tamil Nadu,Erode,2019,Rabi,Pulses,1247.16,1238.67,0.993,synthetic_prototype
Tamil Nadu,Erode,2019,Rabi,Wheat,1660.32,3631.83,2.187,synthetic_prototype
Tamil Nadu,Erode,2019,Rabi,Mustard,1379.58,1392.9,1.01,synthetic_prototype
Tamil Nadu,Erode,2019,Summer,Watermelon,1293.91,20691.05,15.991,synthetic_prototype
Tamil Nadu,Erode,2019,Summer,Millet,2293.61,5643.75,2.461,synthetic_prototype
Tamil Nadu,Erode,2019,Summer,Groundnut,2867.94,6224.14,2.17,synthetic_prototype
Tamil Nadu,Kallakurichi,2019,Kharif,Groundnut,5409.15,10297.77,1.904,synthetic_prototype
Tamil Nadu,Kallakurichi,2019,Kharif,Rice,9441.42,34150.09,3.617,synthetic_prototype
Tamil Nadu,Kallakurichi,2019,Kharif,Soybean,2303.62,3681.87,1.598,synthetic_prototype
Tamil Nadu,Kallakurichi,2019,Kharif,Millet,5757.99,15566.3,2.703,synthetic_prototype
Tamil Nadu,Kallakurichi,2019,Rabi,Groundnut,3543.79,5791.74,1.634,synthetic_prototype
Tamil Nadu,Kallakurichi,2019,Rabi,Rice,6886.93,30437.61,4.42,synthetic_prototype
Tamil Nadu,Kallakurichi,2019,Rabi,Mustard,1191.36,1374.09,1.153,synthetic_prototype
Tamil Nadu,Kallakurichi,2019,Rabi,Pulses,3096.29,3241.53,1.047,synthetic_prototype
Tamil Nadu,Kallakurichi,2019,Summer,Rice,4391.62,15734.46,3.583,synthetic_prototype
Tamil Nadu,Kallakurichi,2019,Summer,Watermelon,611.07,9147.97,14.97,synthetic_prototype
Tamil Nadu,Kallakurichi,2019,Summer,Maize,5515.88,27330.68,4.955,synthetic_prototype
Tamil Nadu,Kanchipuram,2019,Kharif,Maize,7786.41,42141.66,5.412,synthetic_prototype
Tamil Nadu,Kanchipuram,2019,Kharif,Cotton,2654.39,3858.56,1.454,synthetic_prototype
Tamil Nadu,Kanchipuram,2019,Kharif,Groundnut,4316.39,9036.07,2.093,synthetic_prototype
Tamil Nadu,Kanchipuram,2019,Kharif,Soybean,3028.85,5728.19,1.891,synthetic_prototype
Tamil Nadu,Kanchipuram,2019,Rabi,Mustard,592.52,667.23,1.126,synthetic_prototype
Tamil Nadu,Kanchipuram,2019,Rabi,Wheat,1826.49,5478.55,3.0,synthetic_prototype
Tamil Nadu,Kanchipuram,2019,Rabi,Maize,7128.11,37121.75,5.208,synthetic_prototype
Tamil Nadu,Kanchipuram,2019,Rabi,Pulses,1191.43,1072.44,0.9,synthetic_prototype
Tamil Nadu,Kanchipuram,2019,Summer,Rice,4765.22,21479.74,4.508,synthetic_prototype
Tamil Nadu,Kanchipuram,2019,Summer,Watermelon,986.95,18246.62,18.488,synthetic_prototype
Tamil Nadu,Kanchipuram,2019,Summer,Millet,1713.14,2986.11,1.743,synthetic_prototype
Tamil Nadu,Kanniyakumari,2019,Kharif,Cotton,3278.91,6255.31,1.908,synthetic_prototype
Tamil Nadu,Kanniyakumari,2019,Kharif,Groundnut,4801.85,10925.91,2.275,synthetic_prototype
Tamil Nadu,Kanniyakumari,2019,Kharif,Maize,6784.7,38461.37,5.669,synthetic_prototype
Tamil Nadu,Kanniyakumari,2019,Kharif,Millet,7407.82,20586.58,2.779,synthetic_prototype
Tamil Nadu,Kanniyakumari,2019,Rabi,Maize,8848.79,36114.76,4.081,synthetic_prototype
Tamil Nadu,Kanniyakumari,2019,Rabi,Rice,10177.75,38009.22,3.735,synthetic_prototype
Tamil Nadu,Kanniyakumari,2019,Rabi,Pulses,3823.07,3534.56,0.925,synthetic_prototype
Tamil Nadu,Kanniyakumari,2019,Rabi,Groundnut,2296.44,4933.67,2.148,synthetic_prototype
Tamil Nadu,Kanniyakumari,2019,Summer,Maize,3971.87,17815.55,4.485,synthetic_prototype
Tamil Nadu,Kanniyakumari,2019,Summer,Watermelon,1228.16,23064.04,18.779,synthetic_prototype
Tamil Nadu,Kanniyakumari,2019,Summer,Millet,3143.6,5473.72,1.741,synthetic_prototype
Tamil Nadu,Karur,2019,Kharif,Millet,1240.55,3076.73,2.48,synthetic_prototype
Tamil Nadu,Karur,2019,Kharif,Maize,5213.73,29472.31,5.653,synthetic_prototype
Tamil Nadu,Karur,2019,Kharif,Cotton,2246.7,4524.76,2.014,synthetic_prototype
Tamil Nadu,Karur,2019,Kharif,Rice,5811.11,23728.07,4.083,synthetic_prototype
Tamil Nadu,Karur,2019,Rabi,Rice,2881.14,13814.33,4.795,synthetic_prototype
Tamil Nadu,Karur,2019,Rabi,Pulses,2419.72,2183.46,0.902,synthetic_prototype
Tamil Nadu,Karur,2019,Rabi,Maize,4925.1,24149.35,4.903,synthetic_prototype
Tamil Nadu,Karur,2019,Rabi,Wheat,623.36,1332.75,2.138,synthetic_prototype
Tamil Nadu,Karur,2019,Summer,Rice,1105.92,4095.07,3.703,synthetic_prototype
Tamil Nadu,Karur,2019,Summer,Millet,1559.05,2747.13,1.762,synthetic_prototype
Tamil Nadu,Karur,2019,Summer,Maize,1004.62,4371.3,4.351,synthetic_prototype
Tamil Nadu,Krishnagiri,2019,Kharif,Millet,1775.69,4904.23,2.762,synthetic_prototype
Tamil Nadu,Krishnagiri,2019,Kharif,Soybean,3346.62,6555.37,1.959,synthetic_prototype
Tamil Nadu,Krishnagiri,2019,Kharif,Maize,2372.1,9660.04,4.072,synthetic_prototype
Tamil Nadu,Krishnagiri,2019,Kharif,Rice,5503.35,18160.54,3.3,synthetic_prototype
Tamil Nadu,Krishnagiri,2019,Rabi,Rice,8328.1,42017.07,5.045,synthetic_prototype
Tamil Nadu,Krishnagiri,2019,Rabi,Pulses,3212.74,3521.39,1.096,synthetic_prototype
Tamil Nadu,Krishnagiri,2019,Rabi,Wheat,835.87,1788.51,2.14,synthetic_prototype
Tamil Nadu,Krishnagiri,2019,Rabi,Mustard,1262.49,1487.39,1.178,synthetic_prototype
Tamil Nadu,Krishnagiri,2019,Summer,Rice,5439.71,24643.75,4.53,synthetic_prototype
Tamil Nadu,Krishnagiri,2019,Summer,Millet,704.41,1739.27,2.469,synthetic_prototype
Tamil Nadu,Krishnagiri,2019,Summer,Maize,1229.34,6106.41,4.967,synthetic_prototype
Tamil Nadu,Madurai,2019,Kharif,Maize,3211.08,17032.52,5.304,synthetic_prototype
Tamil Nadu,Madurai,2019,Kharif,Rice,7807.86,27470.19,3.518,synthetic_prototype
Tamil Nadu,Madurai,2019,Kharif,Millet,4010.03,10565.52,2.635,synthetic_prototype
Tamil Nadu,Madurai,2019,Kharif,Cotton,1099.22,2340.58,2.129,synthetic_prototype
Tamil Nadu,Madurai,2019,Rabi,Mustard,2134.96,2546.2,1.193,synthetic_prototype
Tamil Nadu,Madurai,2019,Rabi,Rice,7185.22,27605.09,3.842,synthetic_prototype
Tamil Nadu,Madurai,2019,Rabi,Pulses,3469.56,4053.45,1.168,synthetic_prototype
Tamil Nadu,Madurai,2019,Rabi,Maize,2106.01,9344.86,4.437,synthetic_prototype
Tamil Nadu,Madurai,2019,Summer,Maize,3030.6,14702.88,4.851,synthetic_prototype
Tamil Nadu,Madurai,2019,Summer,Rice,3762.85,11950.22,3.176,synthetic_prototype
Tamil Nadu,Madurai,2019,Summer,Groundnut,2677.77,4562.64,1.704,synthetic_prototype
Tamil Nadu,Mayiladuthurai,2019,Kharif,Cotton,4835.25,9782.34,2.023,synthetic_prototype
Tamil Nadu,Mayiladuthurai,2019,Kharif,Maize,1853.85,7843.07,4.231,synthetic_prototype
Tamil Nadu,Mayiladuthurai,2019,Kharif,Groundnut,5151.4,11071.75,2.149,synthetic_prototype
Tamil Nadu,Mayiladuthurai,2019,Kharif,Rice,4793.44,18882.92,3.939,synthetic_prototype
Tamil Nadu,Mayiladuthurai,2019,Rabi,Maize,3571.96,18670.94,5.227,synthetic_prototype
Tamil Nadu,Mayiladuthurai,2019,Rabi,Rice,3588.29,16787.4,4.678,synthetic_prototype
Tamil Nadu,Mayiladuthurai,2019,Rabi,Groundnut,2286.5,4848.52,2.121,synthetic_prototype
Tamil Nadu,Mayiladuthurai,2019,Rabi,Wheat,1119.05,2502.83,2.237,synthetic_prototype
Tamil Nadu,Mayiladuthurai,2019,Summer,Millet,707.51,1198.83,1.694,synthetic_prototype
Tamil Nadu,Mayiladuthurai,2019,Summer,Maize,1554.84,7294.61,4.692,synthetic_prototype
Tamil Nadu,Mayiladuthurai,2019,Summer,Rice,6213.3,23811.6,3.832,synthetic_prototype
Tamil Nadu,Nagapattinam,2019,Kharif,Rice,11803.86,45403.97,3.847,synthetic_prototype
Tamil Nadu,Nagapattinam,2019,Kharif,Soybean,1223.79,2266.85,1.852,synthetic_prototype
Tamil Nadu,Nagapattinam,2019,Kharif,Cotton,1138.66,1810.25,1.59,synthetic_prototype
Tamil Nadu,Nagapattinam,2019,Kharif,Groundnut,4114.54,8899.43,2.163,synthetic_prototype
Tamil Nadu,Nagapattinam,2019,Rabi,Mustard,2009.46,2353.4,1.171,synthetic_prototype
Tamil Nadu,Nagapattinam,2019,Rabi,Groundnut,1506.02,3063.26,2.034,synthetic_prototype
Tamil Nadu,Nagapattinam,2019,Rabi,Pulses,3369.02,3264.71,0.969,synthetic_prototype
Tamil Nadu,Nagapattinam,2019,Rabi,Rice,5853.52,21206.98,3.623,synthetic_prototype
Tamil Nadu,Nagapattinam,2019,Summer,Maize,3970.44,15283.86,3.849,synthetic_prototype
Tamil Nadu,Nagapattinam,2019,Summer,Rice,3319.55,10789.96,3.25,synthetic_prototype
Tamil Nadu,Nagapattinam,2019,Summer,Millet,749.14,1370.08,1.829,synthetic_prototype
Tamil Nadu,Namakkal,2019,Kharif,Groundnut,4250.42,8452.14,1.989,synthetic_prototype
Tamil Nadu,Namakkal,2019,Kharif,Rice,11143.06,52230.17,4.687,synthetic_prototype
Tamil Nadu,Namakkal,2019,Kharif,Millet,1378.88,3004.54,2.179,synthetic_prototype
Tamil Nadu,Namakkal,2019,Kharif,Cotton,2209.79,4187.98,1.895,synthetic_prototype
Tamil Nadu,Namakkal,2019,Rabi,Wheat,2242.95,5991.82,2.671,synthetic_prototype
Tamil Nadu,Namakkal,2019,Rabi,Mustard,1586.84,1897.6,1.196,synthetic_prototype
Tamil Nadu,Namakkal,2019,Rabi,Pulses,4211.04,3673.66,0.872,synthetic_prototype
Tamil Nadu,Namakkal,2019,Rabi,Groundnut,1272.35,2221.08,1.746,synthetic_prototype
Tamil Nadu,Namakkal,2019,Summer,Rice,1995.7,8336.86,4.177,synthetic_prototype
Tamil Nadu,Namakkal,2019,Summer,Watermelon,1459.48,21140.2,14.485,synthetic_prototype
Tamil Nadu,Namakkal,2019,Summer,Millet,969.48,2293.04,2.365,synthetic_prototype
Tamil Nadu,Perambalur,2019,Kharif,Cotton,4692.09,7137.32,1.521,synthetic_prototype
Tamil Nadu,Perambalur,2019,Kharif,Maize,8841.34,38679.44,4.375,synthetic_prototype
Tamil Nadu,Perambalur,2019,Kharif,Soybean,3444.26,6160.66,1.789,synthetic_prototype
Tamil Nadu,Perambalur,2019,Kharif,Rice,12534.88,60022.2,4.788,synthetic_prototype
Tamil Nadu,Perambalur,2019,Rabi,Rice,3512.25,13280.76,3.781,synthetic_prototype
Tamil Nadu,Perambalur,2019,Rabi,Pulses,1376.87,1355.82,0.985,synthetic_prototype
Tamil Nadu,Perambalur,2019,Rabi,Groundnut,2476.57,4382.78,1.77,synthetic_prototype
Tamil Nadu,Perambalur,2019,Rabi,Maize,5172.57,20990.3,4.058,synthetic_prototype
Tamil Nadu,Perambalur,2019,Summer,Groundnut,4119.18,8544.69,2.074,synthetic_prototype
Tamil Nadu,Perambalur,2019,Summer,Maize,1621.2,6110.9,3.769,synthetic_prototype
Tamil Nadu,Perambalur,2019,Summer,Watermelon,1624.51,30749.11,18.928,synthetic_prototype
Tamil Nadu,Pudukkottai,2019,Kharif,Groundnut,4743.41,7872.87,1.66,synthetic_prototype
Tamil Nadu,Pudukkottai,2019,Kharif,Maize,8916.22,40791.94,4.575,synthetic_prototype
Tamil Nadu,Pudukkottai,2019,Kharif,Rice,13758.07,63312.81,4.602,synthetic_prototype
Tamil Nadu,Pudukkottai,2019,Kharif,Millet,3107.53,7638.39,2.458,synthetic_prototype
Tamil Nadu,Pudukkottai,2019,Rabi,Pulses,5260.29,5283.2,1.004,synthetic_prototype
Tamil Nadu,Pudukkottai,2019,Rabi,Wheat,2602.72,6923.16,2.66,synthetic_prototype
Tamil Nadu,Pudukkottai,2019,Rabi,Maize,3203.21,14603.68,4.559,synthetic_prototype
Tamil Nadu,Pudukkottai,2019,Rabi,Groundnut,2031.73,4314.53,2.124,synthetic_prototype
Tamil Nadu,Pudukkottai,2019,Summer,Groundnut,946.43,1477.71,1.561,synthetic_prototype
Tamil Nadu,Pudukkottai,2019,Summer,Maize,3311.55,13470.83,4.068,synthetic_prototype
Tamil Nadu,Pudukkottai,2019,Summer,Watermelon,2258.19,44611.38,19.755,synthetic_prototype
Tamil Nadu,Ramanathapuram,2019,Kharif,Cotton,2276.26,4782.32,2.101,synthetic_prototype
Tamil Nadu,Ramanathapuram,2019,Kharif,Millet,1701.33,3734.16,2.195,synthetic_prototype
Tamil Nadu,Ramanathapuram,2019,Kharif,Rice,10669.11,45312.54,4.247,synthetic_prototype
Tamil Nadu,Ramanathapuram,2019,Kharif,Soybean,2164.55,4083.08,1.886,synthetic_prototype
Tamil Nadu,Ramanathapuram,2019,Rabi,Rice,3079.67,14866.79,4.827,synthetic_prototype
Tamil Nadu,Ramanathapuram,2019,Rabi,Groundnut,6166.82,10014.08,1.624,synthetic_prototype
Tamil Nadu,Ramanathapuram,2019,Rabi,Maize,1957.42,9566.72,4.887,synthetic_prototype
Tamil Nadu,Ramanathapuram,2019,Rabi,Mustard,690.2,984.37,1.426,synthetic_prototype
Tamil Nadu,Ramanathapuram,2019,Summer,Millet,851.44,1861.95,2.187,synthetic_prototype
Tamil Nadu,Ramanathapuram,2019,Summer,Groundnut,1159.11,1855.96,1.601,synthetic_prototype
Tamil Nadu,Ramanathapuram,2019,Summer,Rice,6750.4,26899.06,3.985,synthetic_prototype
Tamil Nadu,Ranipet,2019,Kharif,Millet,5080.58,11530.88,2.27,synthetic_prototype
Tamil Nadu,Ranipet,2019,Kharif,Groundnut,6865.47,11748.06,1.711,synthetic_prototype
Tamil Nadu,Ranipet,2019,Kharif,Soybean,1303.2,2534.28,1.945,synthetic_prototype
Tamil Nadu,Ranipet,2019,Kharif,Rice,11984.94,53267.94,4.445,synthetic_prototype
Tamil Nadu,Ranipet,2019,Rabi,Wheat,1747.89,3829.04,2.191,synthetic_prototype
Tamil Nadu,Ranipet,2019,Rabi,Groundnut,7512.35,14274.27,1.9,synthetic_prototype
Tamil Nadu,Ranipet,2019,Rabi,Pulses,1518.59,1650.02,1.087,synthetic_prototype
Tamil Nadu,Ranipet,2019,Rabi,Maize,6450.36,34482.34,5.346,synthetic_prototype
Tamil Nadu,Ranipet,2019,Summer,Rice,3817.32,16063.97,4.208,synthetic_prototype
Tamil Nadu,Ranipet,2019,Summer,Millet,3658.83,6181.6,1.69,synthetic_prototype
Tamil Nadu,Ranipet,2019,Summer,Watermelon,440.05,6152.64,13.982,synthetic_prototype
Tamil Nadu,Salem,2019,Kharif,Soybean,2062.94,4148.63,2.011,synthetic_prototype
Tamil Nadu,Salem,2019,Kharif,Maize,5389.21,21379.92,3.967,synthetic_prototype
Tamil Nadu,Salem,2019,Kharif,Millet,1758.83,4980.21,2.832,synthetic_prototype
Tamil Nadu,Salem,2019,Kharif,Groundnut,2207.05,4564.89,2.068,synthetic_prototype
Tamil Nadu,Salem,2019,Rabi,Pulses,5252.28,4527.55,0.862,synthetic_prototype
Tamil Nadu,Salem,2019,Rabi,Wheat,617.55,1615.43,2.616,synthetic_prototype
Tamil Nadu,Salem,2019,Rabi,Groundnut,4207.31,8785.18,2.088,synthetic_prototype
Tamil Nadu,Salem,2019,Rabi,Maize,5534.88,26824.78,4.846,synthetic_prototype
Tamil Nadu,Salem,2019,Summer,Millet,2435.37,5551.06,2.279,synthetic_prototype
Tamil Nadu,Salem,2019,Summer,Groundnut,1092.18,2197.67,2.012,synthetic_prototype
Tamil Nadu,Salem,2019,Summer,Watermelon,1015.02,19281.81,18.996,synthetic_prototype
Tamil Nadu,Sivaganga,2019,Kharif,Millet,2088.52,5224.24,2.501,synthetic_prototype
Tamil Nadu,Sivaganga,2019,Kharif,Soybean,1680.38,2630.51,1.565,synthetic_prototype
Tamil Nadu,Sivaganga,2019,Kharif,Maize,5325.61,21875.05,4.108,synthetic_prototype
Tamil Nadu,Sivaganga,2019,Kharif,Cotton,4660.82,9017.66,1.935,synthetic_prototype
Tamil Nadu,Sivaganga,2019,Rabi,Pulses,1500.64,1497.91,0.998,synthetic_prototype
Tamil Nadu,Sivaganga,2019,Rabi,Maize,2334.41,11938.66,5.114,synthetic_prototype
Tamil Nadu,Sivaganga,2019,Rabi,Groundnut,3634.75,7586.79,2.087,synthetic_prototype
Tamil Nadu,Sivaganga,2019,Rabi,Mustard,975.57,1166.92,1.196,synthetic_prototype
Tamil Nadu,Sivaganga,2019,Summer,Watermelon,454.77,6398.59,14.07,synthetic_prototype
Tamil Nadu,Sivaganga,2019,Summer,Maize,1373.52,4708.42,3.428,synthetic_prototype
Tamil Nadu,Sivaganga,2019,Summer,Rice,3161.3,13800.8,4.366,synthetic_prototype
Tamil Nadu,Tenkasi,2019,Kharif,Cotton,738.32,1369.56,1.855,synthetic_prototype
Tamil Nadu,Tenkasi,2019,Kharif,Maize,3534.43,16581.15,4.691,synthetic_prototype
Tamil Nadu,Tenkasi,2019,Kharif,Millet,3014.15,7955.92,2.64,synthetic_prototype
Tamil Nadu,Tenkasi,2019,Kharif,Rice,5356.75,23650.07,4.415,synthetic_prototype
Tamil Nadu,Tenkasi,2019,Rabi,Maize,2234.01,11353.56,5.082,synthetic_prototype
Tamil Nadu,Tenkasi,2019,Rabi,Groundnut,5511.42,8401.14,1.524,synthetic_prototype
Tamil Nadu,Tenkasi,2019,Rabi,Pulses,3525.6,4027.56,1.142,synthetic_prototype
Tamil Nadu,Tenkasi,2019,Rabi,Rice,3043.58,11673.11,3.835,synthetic_prototype
Tamil Nadu,Tenkasi,2019,Summer,Groundnut,970.93,2035.3,2.096,synthetic_prototype
Tamil Nadu,Tenkasi,2019,Summer,Maize,2546.27,10121.81,3.975,synthetic_prototype
Tamil Nadu,Tenkasi,2019,Summer,Millet,1944.68,3414.06,1.756,synthetic_prototype
Tamil Nadu,Thanjavur,2019,Kharif,Soybean,2055.92,3502.31,1.704,synthetic_prototype
Tamil Nadu,Thanjavur,2019,Kharif,Millet,1658.45,4422.06,2.666,synthetic_prototype
Tamil Nadu,Thanjavur,2019,Kharif,Groundnut,5118.8,9488.75,1.854,synthetic_prototype
Tamil Nadu,Thanjavur,2019,Kharif,Rice,4290.41,15114.81,3.523,synthetic_prototype
Tamil Nadu,Thanjavur,2019,Rabi,Groundnut,2562.88,4139.44,1.615,synthetic_prototype
Tamil Nadu,Thanjavur,2019,Rabi,Maize,3604.46,15817.59,4.388,synthetic_prototype
Tamil Nadu,Thanjavur,2019,Rabi,Mustard,1459.98,1510.85,1.035,synthetic_prototype
Tamil Nadu,Thanjavur,2019,Rabi,Wheat,1454.83,4195.52,2.884,synthetic_prototype
Tamil Nadu,Thanjavur,2019,Summer,Groundnut,1072.76,2303.97,2.148,synthetic_prototype
Tamil Nadu,Thanjavur,2019,Summer,Maize,1567.57,6037.88,3.852,synthetic_prototype
Tamil Nadu,Thanjavur,2019,Summer,Watermelon,1120.69,22677.0,20.235,synthetic_prototype
Tamil Nadu,The Nilgiris,2019,Kharif,Groundnut,1859.03,3153.82,1.696,synthetic_prototype
Tamil Nadu,The Nilgiris,2019,Kharif,Soybean,900.72,1524.46,1.692,synthetic_prototype
Tamil Nadu,The Nilgiris,2019,Kharif,Rice,4624.8,19869.72,4.296,synthetic_prototype
Tamil Nadu,The Nilgiris,2019,Kharif,Maize,6128.84,30178.21,4.924,synthetic_prototype
Tamil Nadu,The Nilgiris,2019,Rabi,Maize,4578.52,23331.88,5.096,synthetic_prototype
Tamil Nadu,The Nilgiris,2019,Rabi,Wheat,1362.66,4274.91,3.137,synthetic_prototype
Tamil Nadu,The Nilgiris,2019,Rabi,Groundnut,1374.65,2547.35,1.853,synthetic_prototype
Tamil Nadu,The Nilgiris,2019,Rabi,Pulses,3495.72,3489.0,0.998,synthetic_prototype
Tamil Nadu,The Nilgiris,2019,Summer,Groundnut,2604.91,4610.01,1.77,synthetic_prototype
Tamil Nadu,The Nilgiris,2019,Summer,Rice,1901.54,7579.9,3.986,synthetic_prototype
Tamil Nadu,The Nilgiris,2019,Summer,Millet,1947.81,4704.11,2.415,synthetic_prototype
Tamil Nadu,Theni,2019,Kharif,Soybean,866.05,1902.67,2.197,synthetic_prototype
Tamil Nadu,Theni,2019,Kharif,Groundnut,4255.9,9536.79,2.241,synthetic_prototype
Tamil Nadu,Theni,2019,Kharif,Maize,8801.93,46621.79,5.297,synthetic_prototype
Tamil Nadu,Theni,2019,Kharif,Millet,2452.2,5800.46,2.365,synthetic_prototype
Tamil Nadu,Theni,2019,Rabi,Rice,3751.24,14264.13,3.803,synthetic_prototype
Tamil Nadu,Theni,2019,Rabi,Groundnut,5867.34,9198.96,1.568,synthetic_prototype
Tamil Nadu,Theni,2019,Rabi,Wheat,2083.89,6147.73,2.95,synthetic_prototype
Tamil Nadu,Theni,2019,Rabi,Maize,8718.03,32768.77,3.759,synthetic_prototype
Tamil Nadu,Theni,2019,Summer,Millet,2799.91,6041.69,2.158,synthetic_prototype
Tamil Nadu,Theni,2019,Summer,Rice,5687.58,25428.65,4.471,synthetic_prototype
Tamil Nadu,Theni,2019,Summer,Watermelon,1406.31,21559.08,15.33,synthetic_prototype
Tamil Nadu,Thoothukudi,2019,Kharif,Cotton,5772.27,10704.44,1.854,synthetic_prototype
Tamil Nadu,Thoothukudi,2019,Kharif,Maize,3827.05,20997.56,5.487,synthetic_prototype
Tamil Nadu,Thoothukudi,2019,Kharif,Millet,2790.59,6616.19,2.371,synthetic_prototype
Tamil Nadu,Thoothukudi,2019,Kharif,Rice,3448.8,12238.66,3.549,synthetic_prototype
Tamil Nadu,Thoothukudi,2019,Rabi,Maize,5688.13,22167.4,3.897,synthetic_prototype
Tamil Nadu,Thoothukudi,2019,Rabi,Mustard,2430.06,2477.6,1.02,synthetic_prototype
Tamil Nadu,Thoothukudi,2019,Rabi,Wheat,715.68,1634.27,2.284,synthetic_prototype
Tamil Nadu,Thoothukudi,2019,Rabi,Rice,3620.03,14670.07,4.052,synthetic_prototype
Tamil Nadu,Thoothukudi,2019,Summer,Millet,1796.41,3495.43,1.946,synthetic_prototype
Tamil Nadu,Thoothukudi,2019,Summer,Maize,4802.65,19609.32,4.083,synthetic_prototype
Tamil Nadu,Thoothukudi,2019,Summer,Watermelon,1237.04,19648.7,15.884,synthetic_prototype
Tamil Nadu,Tiruchirappalli,2019,Kharif,Maize,5104.24,22299.21,4.369,synthetic_prototype
Tamil Nadu,Tiruchirappalli,2019,Kharif,Cotton,1432.28,2800.06,1.955,synthetic_prototype
Tamil Nadu,Tiruchirappalli,2019,Kharif,Rice,11721.76,51945.65,4.432,synthetic_prototype
Tamil Nadu,Tiruchirappalli,2019,Kharif,Groundnut,3815.23,7072.79,1.854,synthetic_prototype
Tamil Nadu,Tiruchirappalli,2019,Rabi,Maize,2778.42,11670.01,4.2,synthetic_prototype
Tamil Nadu,Tiruchirappalli,2019,Rabi,Groundnut,2802.22,6323.71,2.257,synthetic_prototype
Tamil Nadu,Tiruchirappalli,2019,Rabi,Mustard,2348.79,3173.46,1.351,synthetic_prototype
Tamil Nadu,Tiruchirappalli,2019,Rabi,Rice,4598.89,17413.77,3.787,synthetic_prototype
Tamil Nadu,Tiruchirappalli,2019,Summer,Watermelon,1090.32,18221.98,16.713,synthetic_prototype
Tamil Nadu,Tiruchirappalli,2019,Summer,Millet,1352.43,2735.12,2.022,synthetic_prototype
Tamil Nadu,Tiruchirappalli,2019,Summer,Maize,3809.02,15159.67,3.98,synthetic_prototype
Tamil Nadu,Tirunelveli,2019,Kharif,Groundnut,1994.78,3660.81,1.835,synthetic_prototype
Tamil Nadu,Tirunelveli,2019,Kharif,Soybean,2039.86,3222.39,1.58,synthetic_prototype
Tamil Nadu,Tirunelveli,2019,Kharif,Rice,4940.07,21585.27,4.369,synthetic_prototype
Tamil Nadu,Tirunelveli,2019,Kharif,Maize,7190.75,28657.08,3.985,synthetic_prototype
Tamil Nadu,Tirunelveli,2019,Rabi,Wheat,1323.75,3680.07,2.78,synthetic_prototype
Tamil Nadu,Tirunelveli,2019,Rabi,Rice,5730.11,22889.28,3.995,synthetic_prototype
Tamil Nadu,Tirunelveli,2019,Rabi,Maize,7328.75,33501.54,4.571,synthetic_prototype
Tamil Nadu,Tirunelveli,2019,Rabi,Groundnut,5999.11,12156.07,2.026,synthetic_prototype
Tamil Nadu,Tirunelveli,2019,Summer,Watermelon,984.96,16817.17,17.074,synthetic_prototype
Tamil Nadu,Tirunelveli,2019,Summer,Millet,574.23,1004.29,1.749,synthetic_prototype
Tamil Nadu,Tirunelveli,2019,Summer,Rice,6180.99,23352.01,3.778,synthetic_prototype
Tamil Nadu,Tirupathur,2019,Kharif,Groundnut,7318.29,12380.56,1.692,synthetic_prototype
Tamil Nadu,Tirupathur,2019,Kharif,Cotton,5241.07,10977.43,2.095,synthetic_prototype
Tamil Nadu,Tirupathur,2019,Kharif,Millet,2450.88,5570.66,2.273,synthetic_prototype
Tamil Nadu,Tirupathur,2019,Kharif,Maize,4542.8,18912.84,4.163,synthetic_prototype
Tamil Nadu,Tirupathur,2019,Rabi,Mustard,909.65,928.38,1.021,synthetic_prototype
Tamil Nadu,Tirupathur,2019,Rabi,Pulses,4663.2,4074.05,0.874,synthetic_prototype
Tamil Nadu,Tirupathur,2019,Rabi,Wheat,1123.13,3557.51,3.167,synthetic_prototype
Tamil Nadu,Tirupathur,2019,Rabi,Groundnut,4378.82,9473.79,2.164,synthetic_prototype
Tamil Nadu,Tirupathur,2019,Summer,Rice,3969.6,13900.0,3.502,synthetic_prototype
Tamil Nadu,Tirupathur,2019,Summer,Maize,2950.66,10059.48,3.409,synthetic_prototype
Tamil Nadu,Tirupathur,2019,Summer,Groundnut,2504.25,4659.21,1.861,synthetic_prototype
Tamil Nadu,Tiruppur,2019,Kharif,Groundnut,6231.51,11022.33,1.769,synthetic_prototype
Tamil Nadu,Tiruppur,2019,Kharif,Cotton,1688.8,2539.52,1.504,synthetic_prototype
Tamil Nadu,Tiruppur,2019,Kharif,Soybean,2479.03,5329.08,2.15,synthetic_prototype
Tamil Nadu,Tiruppur,2019,Kharif,Rice,5576.61,20689.86,3.71,synthetic_prototype
Tamil Nadu,Tiruppur,2019,Rabi,Groundnut,4940.31,9480.43,1.919,synthetic_prototype
Tamil Nadu,Tiruppur,2019,Rabi,Maize,5904.51,28537.0,4.833,synthetic_prototype
Tamil Nadu,Tiruppur,2019,Rabi,Wheat,1854.17,4176.43,2.252,synthetic_prototype
Tamil Nadu,Tiruppur,2019,Rabi,Pulses,1743.78,1886.48,1.082,synthetic_prototype
Tamil Nadu,Tiruppur,2019,Summer,Maize,4921.37,23749.17,4.826,synthetic_prototype
Tamil Nadu,Tiruppur,2019,Summer,Watermelon,1596.18,29045.6,18.197,synthetic_prototype
Tamil Nadu,Tiruppur,2019,Summer,Groundnut,2531.77,3979.01,1.572,synthetic_prototype
Tamil Nadu,Tiruvallur,2019,Kharif,Groundnut,6697.28,11983.76,1.789,synthetic_prototype
Tamil Nadu,Tiruvallur,2019,Kharif,Millet,6027.9,16624.79,2.758,synthetic_prototype
Tamil Nadu,Tiruvallur,2019,Kharif,Rice,4321.01,15916.08,3.683,synthetic_prototype
Tamil Nadu,Tiruvallur,2019,Kharif,Soybean,1700.56,3491.95,2.053,synthetic_prototype
Tamil Nadu,Tiruvallur,2019,Rabi,Mustard,2144.32,2896.69,1.351,synthetic_prototype
Tamil Nadu,Tiruvallur,2019,Rabi,Maize,4687.88,20486.46,4.37,synthetic_prototype
Tamil Nadu,Tiruvallur,2019,Rabi,Groundnut,6105.08,11551.82,1.892,synthetic_prototype
Tamil Nadu,Tiruvallur,2019,Rabi,Pulses,3251.52,2800.54,0.861,synthetic_prototype
Tamil Nadu,Tiruvallur,2019,Summer,Watermelon,739.13,14587.44,19.736,synthetic_prototype
Tamil Nadu,Tiruvallur,2019,Summer,Groundnut,760.23,1558.23,2.05,synthetic_prototype
Tamil Nadu,Tiruvallur,2019,Summer,Millet,2624.28,5400.55,2.058,synthetic_prototype
Tamil Nadu,Tiruvannamalai,2019,Kharif,Rice,7740.02,26291.59,3.397,synthetic_prototype
Tamil Nadu,Tiruvannamalai,2019,Kharif,Cotton,863.44,1620.55,1.877,synthetic_prototype
Tamil Nadu,Tiruvannamalai,2019,Kharif,Millet,1627.94,4009.14,2.463,synthetic_prototype
Tamil Nadu,Tiruvannamalai,2019,Kharif,Soybean,1117.43,2463.32,2.204,synthetic_prototype
Tamil Nadu,Tiruvannamalai,2019,Rabi,Groundnut,1175.27,2488.18,2.117,synthetic_prototype
Tamil Nadu,Tiruvannamalai,2019,Rabi,Wheat,541.04,1283.61,2.373,synthetic_prototype
Tamil Nadu,Tiruvannamalai,2019,Rabi,Pulses,1504.04,1583.4,1.053,synthetic_prototype
Tamil Nadu,Tiruvannamalai,2019,Rabi,Maize,6599.87,31682.64,4.8,synthetic_prototype
Tamil Nadu,Tiruvannamalai,2019,Summer,Millet,1232.56,2325.79,1.887,synthetic_prototype
Tamil Nadu,Tiruvannamalai,2019,Summer,Rice,3948.15,17843.14,4.519,synthetic_prototype
Tamil Nadu,Tiruvannamalai,2019,Summer,Groundnut,1923.56,3307.41,1.719,synthetic_prototype
Tamil Nadu,Tiruvarur,2019,Kharif,Millet,1931.77,4824.93,2.498,synthetic_prototype
Tamil Nadu,Tiruvarur,2019,Kharif,Maize,3781.13,21593.73,5.711,synthetic_prototype
Tamil Nadu,Tiruvarur,2019,Kharif,Rice,14257.56,58408.82,4.097,synthetic_prototype
Tamil Nadu,Tiruvarur,2019,Kharif,Soybean,1758.38,3594.92,2.044,synthetic_prototype
Tamil Nadu,Tiruvarur,2019,Rabi,Pulses,3258.84,3700.81,1.136,synthetic_prototype
Tamil Nadu,Tiruvarur,2019,Rabi,Mustard,1715.83,1826.16,1.064,synthetic_prototype
Tamil Nadu,Tiruvarur,2019,Rabi,Wheat,1781.18,5327.97,2.991,synthetic_prototype
Tamil Nadu,Tiruvarur,2019,Rabi,Maize,5536.05,26361.06,4.762,synthetic_prototype
Tamil Nadu,Tiruvarur,2019,Summer,Watermelon,1319.51,21874.65,16.578,synthetic_prototype
Tamil Nadu,Tiruvarur,2019,Summer,Millet,981.92,2227.68,2.269,synthetic_prototype
Tamil Nadu,Tiruvarur,2019,Summer,Groundnut,1623.95,3203.6,1.973,synthetic_prototype
Tamil Nadu,Vellore,2019,Kharif,Rice,9271.87,42124.01,4.543,synthetic_prototype
Tamil Nadu,Vellore,2019,Kharif,Soybean,2306.64,3684.93,1.598,synthetic_prototype
Tamil Nadu,Vellore,2019,Kharif,Groundnut,1485.71,3336.58,2.246,synthetic_prototype
Tamil Nadu,Vellore,2019,Kharif,Cotton,3524.93,6834.22,1.939,synthetic_prototype
Tamil Nadu,Vellore,2019,Rabi,Mustard,1563.06,2157.36,1.38,synthetic_prototype
Tamil Nadu,Vellore,2019,Rabi,Pulses,1729.58,1662.01,0.961,synthetic_prototype
Tamil Nadu,Vellore,2019,Rabi,Groundnut,4505.42,9835.53,2.183,synthetic_prototype
Tamil Nadu,Vellore,2019,Rabi,Wheat,1542.2,3405.82,2.208,synthetic_prototype
Tamil Nadu,Vellore,2019,Summer,Watermelon,930.62,18312.74,19.678,synthetic_prototype
Tamil Nadu,Vellore,2019,Summer,Millet,1042.83,2046.65,1.963,synthetic_prototype
Tamil Nadu,Vellore,2019,Summer,Groundnut,3605.78,7791.72,2.161,synthetic_prototype
Tamil Nadu,Viluppuram,2019,Kharif,Millet,2734.35,6022.06,2.202,synthetic_prototype
Tamil Nadu,Viluppuram,2019,Kharif,Cotton,1139.52,1821.56,1.599,synthetic_prototype
Tamil Nadu,Viluppuram,2019,Kharif,Rice,11539.61,39836.07,3.452,synthetic_prototype
Tamil Nadu,Viluppuram,2019,Kharif,Soybean,2990.15,4849.29,1.622,synthetic_prototype
Tamil Nadu,Viluppuram,2019,Rabi,Rice,4540.11,17111.28,3.769,synthetic_prototype
Tamil Nadu,Viluppuram,2019,Rabi,Maize,2561.4,10645.68,4.156,synthetic_prototype
Tamil Nadu,Viluppuram,2019,Rabi,Wheat,1453.33,4147.88,2.854,synthetic_prototype
Tamil Nadu,Viluppuram,2019,Rabi,Pulses,2745.5,3097.64,1.128,synthetic_prototype
Tamil Nadu,Viluppuram,2019,Summer,Maize,2155.62,7826.81,3.631,synthetic_prototype
Tamil Nadu,Viluppuram,2019,Summer,Watermelon,1256.8,19734.57,15.702,synthetic_prototype
Tamil Nadu,Viluppuram,2019,Summer,Rice,4797.59,17084.17,3.561,synthetic_prototype
Tamil Nadu,Virudhunagar,2019,Kharif,Rice,9391.03,43660.49,4.649,synthetic_prototype
Tamil Nadu,Virudhunagar,2019,Kharif,Cotton,3612.81,5814.25,1.609,synthetic_prototype
Tamil Nadu,Virudhunagar,2019,Kharif,Millet,4367.49,8406.81,1.925,synthetic_prototype
Tamil Nadu,Virudhunagar,2019,Kharif,Groundnut,3148.34,6825.66,2.168,synthetic_prototype
Tamil Nadu,Virudhunagar,2019,Rabi,Wheat,1068.8,2402.41,2.248,synthetic_prototype
Tamil Nadu,Virudhunagar,2019,Rabi,Mustard,1580.67,1655.6,1.047,synthetic_prototype
Tamil Nadu,Virudhunagar,2019,Rabi,Pulses,2076.89,1959.81,0.944,synthetic_prototype
Tamil Nadu,Virudhunagar,2019,Rabi,Maize,4578.01,22005.7,4.807,synthetic_prototype
Tamil Nadu,Virudhunagar,2019,Summer,Watermelon,1090.27,19472.36,17.86,synthetic_prototype
Tamil Nadu,Virudhunagar,2019,Summer,Millet,1017.84,1794.88,1.763,synthetic_prototype
Tamil Nadu,Virudhunagar,2019,Summer,Maize,2651.71,9392.56,3.542,synthetic_prototype
Tamil Nadu,Ariyalur,2020,Kharif,Millet,4176.75,11970.93,2.866,synthetic_prototype
Tamil Nadu,Ariyalur,2020,Kharif,Soybean,1300.3,2166.4,1.666,synthetic_prototype
Tamil Nadu,Ariyalur,2020,Kharif,Groundnut,4222.18,9190.84,2.177,synthetic_prototype
Tamil Nadu,Ariyalur,2020,Kharif,Maize,3649.94,14163.89,3.881,synthetic_prototype
Tamil Nadu,Ariyalur,2020,Rabi,Wheat,1136.02,3340.56,2.941,synthetic_prototype
Tamil Nadu,Ariyalur,2020,Rabi,Maize,5942.97,26460.58,4.452,synthetic_prototype
Tamil Nadu,Ariyalur,2020,Rabi,Pulses,3462.55,3010.9,0.87,synthetic_prototype
Tamil Nadu,Ariyalur,2020,Rabi,Groundnut,4810.86,10582.22,2.2,synthetic_prototype
Tamil Nadu,Ariyalur,2020,Summer,Watermelon,440.57,6256.19,14.2,synthetic_prototype
Tamil Nadu,Ariyalur,2020,Summer,Rice,4945.94,16558.02,3.348,synthetic_prototype
Tamil Nadu,Ariyalur,2020,Summer,Maize,1695.19,7540.65,4.448,synthetic_prototype
Tamil Nadu,Chengalpattu,2020,Kharif,Cotton,1244.9,2240.52,1.8,synthetic_prototype
Tamil Nadu,Chengalpattu,2020,Kharif,Millet,4337.6,10362.65,2.389,synthetic_prototype
Tamil Nadu,Chengalpattu,2020,Kharif,Maize,4818.18,20128.19,4.178,synthetic_prototype
Tamil Nadu,Chengalpattu,2020,Kharif,Groundnut,1829.84,4417.87,2.414,synthetic_prototype
Tamil Nadu,Chengalpattu,2020,Rabi,Pulses,3810.07,3525.09,0.925,synthetic_prototype
Tamil Nadu,Chengalpattu,2020,Rabi,Mustard,977.33,993.95,1.017,synthetic_prototype
Tamil Nadu,Chengalpattu,2020,Rabi,Maize,5474.12,29499.13,5.389,synthetic_prototype
Tamil Nadu,Chengalpattu,2020,Rabi,Groundnut,1670.66,2722.34,1.629,synthetic_prototype
Tamil Nadu,Chengalpattu,2020,Summer,Maize,1395.07,6401.51,4.589,synthetic_prototype
Tamil Nadu,Chengalpattu,2020,Summer,Groundnut,2459.7,4643.31,1.888,synthetic_prototype
Tamil Nadu,Chengalpattu,2020,Summer,Rice,4339.37,17869.37,4.118,synthetic_prototype
Tamil Nadu,Chennai,2020,Kharif,Soybean,1928.93,3929.32,2.037,synthetic_prototype
Tamil Nadu,Chennai,2020,Kharif,Cotton,1764.19,3738.04,2.119,synthetic_prototype
Tamil Nadu,Chennai,2020,Kharif,Maize,4085.44,23113.26,5.657,synthetic_prototype
Tamil Nadu,Chennai,2020,Kharif,Rice,7767.0,31394.63,4.042,synthetic_prototype
Tamil Nadu,Chennai,2020,Rabi,Maize,2695.93,12248.56,4.543,synthetic_prototype
Tamil Nadu,Chennai,2020,Rabi,Pulses,2579.95,3082.79,1.195,synthetic_prototype
Tamil Nadu,Chennai,2020,Rabi,Mustard,556.2,717.39,1.29,synthetic_prototype
Tamil Nadu,Chennai,2020,Rabi,Groundnut,1251.92,2236.11,1.786,synthetic_prototype
Tamil Nadu,Chennai,2020,Summer,Groundnut,1659.55,2431.91,1.465,synthetic_prototype
Tamil Nadu,Chennai,2020,Summer,Maize,1123.31,4991.57,4.444,synthetic_prototype
Tamil Nadu,Chennai,2020,Summer,Millet,1162.83,2176.95,1.872,synthetic_prototype
Tamil Nadu,Coimbatore,2020,Kharif,Millet,4939.43,11103.94,2.248,synthetic_prototype
Tamil Nadu,Coimbatore,2020,Kharif,Rice,11601.33,51042.16,4.4,synthetic_prototype
Tamil Nadu,Coimbatore,2020,Kharif,Maize,3901.38,15776.64,4.044,synthetic_prototype
Tamil Nadu,Coimbatore,2020,Kharif,Groundnut,3413.46,6509.79,1.907,synthetic_prototype
Tamil Nadu,Coimbatore,2020,Rabi,Wheat,363.26,839.5,2.311,synthetic_prototype
Tamil Nadu,Coimbatore,2020,Rabi,Rice,10079.69,36851.33,3.656,synthetic_prototype
Tamil Nadu,Coimbatore,2020,Rabi,Groundnut,3095.89,6996.03,2.26,synthetic_prototype
Tamil Nadu,Coimbatore,2020,Rabi,Pulses,2223.54,2623.26,1.18,synthetic_prototype
Tamil Nadu,Coimbatore,2020,Summer,Millet,2986.85,6559.55,2.196,synthetic_prototype
Tamil Nadu,Coimbatore,2020,Summer,Watermelon,1297.08,23933.54,18.452,synthetic_prototype
Tamil Nadu,Coimbatore,2020,Summer,Maize,3211.87,13617.09,4.24,synthetic_prototype
Tamil Nadu,Cuddalore,2020,Kharif,Soybean,3525.35,7912.05,2.244,synthetic_prototype
Tamil Nadu,Cuddalore,2020,Kharif,Maize,5334.11,28952.43,5.428,synthetic_prototype
Tamil Nadu,Cuddalore,2020,Kharif,Groundnut,1825.89,3853.28,2.11,synthetic_prototype
Tamil Nadu,Cuddalore,2020,Kharif,Cotton,2920.38,5174.94,1.772,synthetic_prototype
Tamil Nadu,Cuddalore,2020,Rabi,Rice,11647.51,43117.05,3.702,synthetic_prototype
Tamil Nadu,Cuddalore,2020,Rabi,Groundnut,3167.91,6714.67,2.12,synthetic_prototype
Tamil Nadu,Cuddalore,2020,Rabi,Mustard,1135.92,1628.93,1.434,synthetic_prototype
Tamil Nadu,Cuddalore,2020,Rabi,Maize,6606.29,31519.17,4.771,synthetic_prototype
Tamil Nadu,Cuddalore,2020,Summer,Rice,5506.63,18113.7,3.289,synthetic_prototype
Tamil Nadu,Cuddalore,2020,Summer,Watermelon,1605.49,24268.18,15.116,synthetic_prototype
Tamil Nadu,Cuddalore,2020,Summer,Groundnut,2228.59,4425.34,1.986,synthetic_prototype
Tamil Nadu,Dharmapuri,2020,Kharif,Rice,12943.21,53115.14,4.104,synthetic_prototype
Tamil Nadu,Dharmapuri,2020,Kharif,Maize,7607.74,29522.75,3.881,synthetic_prototype
Tamil Nadu,Dharmapuri,2020,Kharif,Soybean,915.2,1449.05,1.583,synthetic_prototype
Tamil Nadu,Dharmapuri,2020,Kharif,Cotton,1105.2,2255.48,2.041,synthetic_prototype
Tamil Nadu,Dharmapuri,2020,Rabi,Pulses,1727.85,1728.64,1.0,synthetic_prototype
Tamil Nadu,Dharmapuri,2020,Rabi,Groundnut,3366.09,6945.48,2.063,synthetic_prototype
Tamil Nadu,Dharmapuri,2020,Rabi,Rice,7060.86,32432.54,4.593,synthetic_prototype
Tamil Nadu,Dharmapuri,2020,Rabi,Wheat,1078.35,3256.29,3.02,synthetic_prototype
Tamil Nadu,Dharmapuri,2020,Summer,Watermelon,1064.17,19832.97,18.637,synthetic_prototype
Tamil Nadu,Dharmapuri,2020,Summer,Millet,2210.32,5144.55,2.328,synthetic_prototype
Tamil Nadu,Dharmapuri,2020,Summer,Maize,1883.63,9141.55,4.853,synthetic_prototype
Tamil Nadu,Dindigul,2020,Kharif,Millet,5563.11,12303.3,2.212,synthetic_prototype
Tamil Nadu,Dindigul,2020,Kharif,Rice,5653.53,20023.95,3.542,synthetic_prototype
Tamil Nadu,Dindigul,2020,Kharif,Soybean,1206.79,2212.4,1.833,synthetic_prototype
Tamil Nadu,Dindigul,2020,Kharif,Groundnut,3827.53,6601.89,1.725,synthetic_prototype
Tamil Nadu,Dindigul,2020,Rabi,Groundnut,3801.03,6313.27,1.661,synthetic_prototype
Tamil Nadu,Dindigul,2020,Rabi,Mustard,896.95,1318.46,1.47,synthetic_prototype
Tamil Nadu,Dindigul,2020,Rabi,Wheat,1646.47,4427.36,2.689,synthetic_prototype
Tamil Nadu,Dindigul,2020,Rabi,Rice,7988.13,38589.48,4.831,synthetic_prototype
Tamil Nadu,Dindigul,2020,Summer,Watermelon,1248.66,22040.04,17.651,synthetic_prototype
Tamil Nadu,Dindigul,2020,Summer,Millet,1464.62,3582.52,2.446,synthetic_prototype
Tamil Nadu,Dindigul,2020,Summer,Rice,4360.53,15425.85,3.538,synthetic_prototype
Tamil Nadu,Erode,2020,Kharif,Maize,2532.88,10940.49,4.319,synthetic_prototype
Tamil Nadu,Erode,2020,Kharif,Rice,13530.89,49170.22,3.634,synthetic_prototype
Tamil Nadu,Erode,2020,Kharif,Groundnut,1784.11,3440.37,1.928,synthetic_prototype
Tamil Nadu,Erode,2020,Kharif,Cotton,4198.95,6941.99,1.653,synthetic_prototype
Tamil Nadu,Erode,2020,Rabi,Groundnut,3748.57,7189.09,1.918,synthetic_prototype
Tamil Nadu,Erode,2020,Rabi,Wheat,1049.51,2629.22,2.505,synthetic_prototype
Tamil Nadu,Erode,2020,Rabi,Pulses,1032.03,1300.82,1.26,synthetic_prototype
Tamil Nadu,Erode,2020,Rabi,Rice,11281.99,51426.19,4.558,synthetic_prototype
Tamil Nadu,Erode,2020,Summer,Rice,5016.39,21886.83,4.363,synthetic_prototype
Tamil Nadu,Erode,2020,Summer,Watermelon,1901.92,32147.27,16.902,synthetic_prototype
Tamil Nadu,Erode,2020,Summer,Groundnut,2453.55,4828.34,1.968,synthetic_prototype
Tamil Nadu,Kallakurichi,2020,Kharif,Maize,2108.88,9156.08,4.342,synthetic_prototype
Tamil Nadu,Kallakurichi,2020,Kharif,Millet,1534.54,4306.21,2.806,synthetic_prototype
Tamil Nadu,Kallakurichi,2020,Kharif,Soybean,1940.08,3597.52,1.854,synthetic_prototype
Tamil Nadu,Kallakurichi,2020,Kharif,Groundnut,3096.85,5312.09,1.715,synthetic_prototype
Tamil Nadu,Kallakurichi,2020,Rabi,Wheat,1411.02,4460.73,3.161,synthetic_prototype
Tamil Nadu,Kallakurichi,2020,Rabi,Groundnut,1890.27,3354.85,1.775,synthetic_prototype
Tamil Nadu,Kallakurichi,2020,Rabi,Maize,2469.78,10911.1,4.418,synthetic_prototype
Tamil Nadu,Kallakurichi,2020,Rabi,Mustard,1505.42,1866.97,1.24,synthetic_prototype
Tamil Nadu,Kallakurichi,2020,Summer,Groundnut,3718.54,6252.33,1.681,synthetic_prototype
Tamil Nadu,Kallakurichi,2020,Summer,Watermelon,1232.49,24696.59,20.038,synthetic_prototype
Tamil Nadu,Kallakurichi,2020,Summer,Rice,8074.02,32975.77,4.084,synthetic_prototype
Tamil Nadu,Kanchipuram,2020,Kharif,Cotton,1198.28,2227.39,1.859,synthetic_prototype
Tamil Nadu,Kanchipuram,2020,Kharif,Groundnut,6733.41,14984.93,2.225,synthetic_prototype
Tamil Nadu,Kanchipuram,2020,Kharif,Soybean,3320.2,6177.69,1.861,synthetic_prototype
Tamil Nadu,Kanchipuram,2020,Kharif,Maize,7237.68,30154.5,4.166,synthetic_prototype
Tamil Nadu,Kanchipuram,2020,Rabi,Mustard,1106.05,1581.41,1.43,synthetic_prototype
Tamil Nadu,Kanchipuram,2020,Rabi,Groundnut,7128.65,16461.58,2.309,synthetic_prototype
Tamil Nadu,Kanchipuram,2020,Rabi,Rice,8391.08,33352.38,3.975,synthetic_prototype
Tamil Nadu,Kanchipuram,2020,Rabi,Maize,1696.62,8380.68,4.94,synthetic_prototype
Tamil Nadu,Kanchipuram,2020,Summer,Millet,2138.15,4144.86,1.939,synthetic_prototype
Tamil Nadu,Kanchipuram,2020,Summer,Rice,1482.26,5683.29,3.834,synthetic_prototype
Tamil Nadu,Kanchipuram,2020,Summer,Maize,2506.53,11454.41,4.57,synthetic_prototype
Tamil Nadu,Kanniyakumari,2020,Kharif,Rice,5237.68,23629.42,4.511,synthetic_prototype
Tamil Nadu,Kanniyakumari,2020,Kharif,Cotton,5614.5,9364.92,1.668,synthetic_prototype
Tamil Nadu,Kanniyakumari,2020,Kharif,Soybean,2138.76,3845.71,1.798,synthetic_prototype
Tamil Nadu,Kanniyakumari,2020,Kharif,Groundnut,4456.13,10012.45,2.247,synthetic_prototype
Tamil Nadu,Kanniyakumari,2020,Rabi,Wheat,2597.55,6001.68,2.311,synthetic_prototype
Tamil Nadu,Kanniyakumari,2020,Rabi,Maize,4797.29,25094.45,5.231,synthetic_prototype
Tamil Nadu,Kanniyakumari,2020,Rabi,Mustard,591.46,598.49,1.012,synthetic_prototype
Tamil Nadu,Kanniyakumari,2020,Rabi,Rice,6889.74,30866.72,4.48,synthetic_prototype
Tamil Nadu,Kanniyakumari,2020,Summer,Groundnut,3192.09,5781.39,1.811,synthetic_prototype
Tamil Nadu,Kanniyakumari,2020,Summer,Millet,2639.71,4978.69,1.886,synthetic_prototype
Tamil Nadu,Kanniyakumari,2020,Summer,Rice,6795.96,24014.45,3.534,synthetic_prototype
Tamil Nadu,Karur,2020,Kharif,Soybean,1821.9,4001.55,2.196,synthetic_prototype
Tamil Nadu,Karur,2020,Kharif,Groundnut,4970.46,8717.27,1.754,synthetic_prototype
Tamil Nadu,Karur,2020,Kharif,Maize,4283.07,17994.87,4.201,synthetic_prototype
Tamil Nadu,Karur,2020,Kharif,Rice,12424.87,59717.73,4.806,synthetic_prototype
Tamil Nadu,Karur,2020,Rabi,Wheat,1226.53,2998.6,2.445,synthetic_prototype
Tamil Nadu,Karur,2020,Rabi,Pulses,1612.97,1722.63,1.068,synthetic_prototype
Tamil Nadu,Karur,2020,Rabi,Rice,8164.37,41337.36,5.063,synthetic_prototype
Tamil Nadu,Karur,2020,Rabi,Maize,4181.96,20073.29,4.8,synthetic_prototype
Tamil Nadu,Karur,2020,Summer,Millet,1646.78,3320.19,2.016,synthetic_prototype
Tamil Nadu,Karur,2020,Summer,Maize,1889.49,9291.08,4.917,synthetic_prototype
Tamil Nadu,Karur,2020,Summer,Watermelon,324.3,6691.17,20.633,synthetic_prototype
Tamil Nadu,Krishnagiri,2020,Kharif,Rice,7317.31,30861.28,4.218,synthetic_prototype
Tamil Nadu,Krishnagiri,2020,Kharif,Groundnut,2812.79,4932.58,1.754,synthetic_prototype
Tamil Nadu,Krishnagiri,2020,Kharif,Soybean,819.59,1397.83,1.706,synthetic_prototype
Tamil Nadu,Krishnagiri,2020,Kharif,Cotton,1504.05,2994.28,1.991,synthetic_prototype
Tamil Nadu,Krishnagiri,2020,Rabi,Maize,3626.08,14527.89,4.007,synthetic_prototype
Tamil Nadu,Krishnagiri,2020,Rabi,Mustard,801.26,812.32,1.014,synthetic_prototype
Tamil Nadu,Krishnagiri,2020,Rabi,Pulses,932.24,854.56,0.917,synthetic_prototype
Tamil Nadu,Krishnagiri,2020,Rabi,Groundnut,2665.36,5287.37,1.984,synthetic_prototype
Tamil Nadu,Krishnagiri,2020,Summer,Groundnut,1707.68,3714.85,2.175,synthetic_prototype
Tamil Nadu,Krishnagiri,2020,Summer,Millet,2115.44,4895.54,2.314,synthetic_prototype
Tamil Nadu,Krishnagiri,2020,Summer,Watermelon,1574.37,24221.59,15.385,synthetic_prototype
Tamil Nadu,Madurai,2020,Kharif,Maize,7108.61,38301.31,5.388,synthetic_prototype
Tamil Nadu,Madurai,2020,Kharif,Groundnut,4359.45,9388.85,2.154,synthetic_prototype
Tamil Nadu,Madurai,2020,Kharif,Rice,5973.72,22664.3,3.794,synthetic_prototype
Tamil Nadu,Madurai,2020,Kharif,Soybean,1791.28,3080.34,1.72,synthetic_prototype
Tamil Nadu,Madurai,2020,Rabi,Pulses,3189.38,3631.43,1.139,synthetic_prototype
Tamil Nadu,Madurai,2020,Rabi,Maize,5915.86,23345.08,3.946,synthetic_prototype
Tamil Nadu,Madurai,2020,Rabi,Mustard,2103.8,3034.86,1.443,synthetic_prototype
Tamil Nadu,Madurai,2020,Rabi,Rice,7916.69,28754.24,3.632,synthetic_prototype
Tamil Nadu,Madurai,2020,Summer,Watermelon,900.64,12773.89,14.183,synthetic_prototype
Tamil Nadu,Madurai,2020,Summer,Millet,1408.02,3347.22,2.377,synthetic_prototype
Tamil Nadu,Madurai,2020,Summer,Groundnut,2381.98,4518.24,1.897,synthetic_prototype
Tamil Nadu,Mayiladuthurai,2020,Kharif,Groundnut,2743.92,6465.96,2.356,synthetic_prototype
Tamil Nadu,Mayiladuthurai,2020,Kharif,Cotton,1347.39,2511.05,1.864,synthetic_prototype
Tamil Nadu,Mayiladuthurai,2020,Kharif,Maize,2490.69,13175.13,5.29,synthetic_prototype
Tamil Nadu,Mayiladuthurai,2020,Kharif,Rice,2823.73,11523.08,4.081,synthetic_prototype
Tamil Nadu,Mayiladuthurai,2020,Rabi,Rice,3154.24,14150.33,4.486,synthetic_prototype
Tamil Nadu,Mayiladuthurai,2020,Rabi,Mustard,942.17,1211.26,1.286,synthetic_prototype
Tamil Nadu,Mayiladuthurai,2020,Rabi,Pulses,3843.45,3908.42,1.017,synthetic_prototype
Tamil Nadu,Mayiladuthurai,2020,Rabi,Maize,2527.74,11716.38,4.635,synthetic_prototype
Tamil Nadu,Mayiladuthurai,2020,Summer,Rice,2080.58,7523.25,3.616,synthetic_prototype
Tamil Nadu,Mayiladuthurai,2020,Summer,Millet,2320.0,5618.93,2.422,synthetic_prototype
Tamil Nadu,Mayiladuthurai,2020,Summer,Watermelon,1328.34,22556.96,16.981,synthetic_prototype
Tamil Nadu,Nagapattinam,2020,Kharif,Groundnut,6228.08,13183.19,2.117,synthetic_prototype
Tamil Nadu,Nagapattinam,2020,Kharif,Millet,2953.6,6802.43,2.303,synthetic_prototype
Tamil Nadu,Nagapattinam,2020,Kharif,Cotton,4526.5,9362.74,2.068,synthetic_prototype
Tamil Nadu,Nagapattinam,2020,Kharif,Rice,8548.44,28909.0,3.382,synthetic_prototype
Tamil Nadu,Nagapattinam,2020,Rabi,Pulses,4421.66,4502.39,1.018,synthetic_prototype
Tamil Nadu,Nagapattinam,2020,Rabi,Groundnut,3594.4,8214.9,2.285,synthetic_prototype
Tamil Nadu,Nagapattinam,2020,Rabi,Rice,3316.24,12517.25,3.775,synthetic_prototype
Tamil Nadu,Nagapattinam,2020,Rabi,Mustard,1057.05,1510.46,1.429,synthetic_prototype
Tamil Nadu,Nagapattinam,2020,Summer,Maize,3517.37,16103.58,4.578,synthetic_prototype
Tamil Nadu,Nagapattinam,2020,Summer,Watermelon,1269.09,20785.79,16.378,synthetic_prototype
Tamil Nadu,Nagapattinam,2020,Summer,Rice,5435.66,17496.01,3.219,synthetic_prototype
Tamil Nadu,Namakkal,2020,Kharif,Rice,6519.65,21279.66,3.264,synthetic_prototype
Tamil Nadu,Namakkal,2020,Kharif,Maize,8097.5,39804.2,4.916,synthetic_prototype
Tamil Nadu,Namakkal,2020,Kharif,Millet,4256.43,10598.28,2.49,synthetic_prototype
Tamil Nadu,Namakkal,2020,Kharif,Soybean,1888.43,3242.28,1.717,synthetic_prototype
Tamil Nadu,Namakkal,2020,Rabi,Mustard,950.38,1003.54,1.056,synthetic_prototype
Tamil Nadu,Namakkal,2020,Rabi,Rice,2851.56,14581.92,5.114,synthetic_prototype
Tamil Nadu,Namakkal,2020,Rabi,Maize,7566.31,39438.92,5.212,synthetic_prototype
Tamil Nadu,Namakkal,2020,Rabi,Pulses,4282.64,4894.07,1.143,synthetic_prototype
Tamil Nadu,Namakkal,2020,Summer,Groundnut,3238.64,5838.7,1.803,synthetic_prototype
Tamil Nadu,Namakkal,2020,Summer,Maize,2243.11,8054.0,3.591,synthetic_prototype
Tamil Nadu,Namakkal,2020,Summer,Rice,1620.61,7484.38,4.618,synthetic_prototype
Tamil Nadu,Perambalur,2020,Kharif,Rice,7012.69,32165.57,4.587,synthetic_prototype
Tamil Nadu,Perambalur,2020,Kharif,Cotton,1803.05,3531.92,1.959,synthetic_prototype
Tamil Nadu,Perambalur,2020,Kharif,Millet,3722.35,10518.87,2.826,synthetic_prototype
Tamil Nadu,Perambalur,2020,Kharif,Groundnut,3710.47,8696.23,2.344,synthetic_prototype
Tamil Nadu,Perambalur,2020,Rabi,Mustard,853.1,968.79,1.136,synthetic_prototype
Tamil Nadu,Perambalur,2020,Rabi,Rice,5785.69,28474.88,4.922,synthetic_prototype
Tamil Nadu,Perambalur,2020,Rabi,Groundnut,3199.56,5230.8,1.635,synthetic_prototype
Tamil Nadu,Perambalur,2020,Rabi,Pulses,1515.24,1602.04,1.057,synthetic_prototype
Tamil Nadu,Perambalur,2020,Summer,Watermelon,1257.63,26059.15,20.721,synthetic_prototype
Tamil Nadu,Perambalur,2020,Summer,Groundnut,3841.81,7010.77,1.825,synthetic_prototype
Tamil Nadu,Perambalur,2020,Summer,Maize,5421.83,20975.94,3.869,synthetic_prototype
Tamil Nadu,Pudukkottai,2020,Kharif,Groundnut,4237.75,8587.4,2.026,synthetic_prototype
Tamil Nadu,Pudukkottai,2020,Kharif,Cotton,3391.2,5403.35,1.593,synthetic_prototype
Tamil Nadu,Pudukkottai,2020,Kharif,Rice,16904.94,67351.54,3.984,synthetic_prototype
Tamil Nadu,Pudukkottai,2020,Kharif,Soybean,2077.34,3541.72,1.705,synthetic_prototype
Tamil Nadu,Pudukkottai,2020,Rabi,Mustard,805.31,916.13,1.138,synthetic_prototype
Tamil Nadu,Pudukkottai,2020,Rabi,Groundnut,5578.41,9395.35,1.684,synthetic_prototype
Tamil Nadu,Pudukkottai,2020,Rabi,Wheat,1166.27,3465.55,2.971,synthetic_prototype
Tamil Nadu,Pudukkottai,2020,Rabi,Maize,3664.85,16277.47,4.442,synthetic_prototype
Tamil Nadu,Pudukkottai,2020,Summer,Watermelon,1776.04,34566.46,19.463,synthetic_prototype
Tamil Nadu,Pudukkottai,2020,Summer,Rice,5101.11,17278.54,3.387,synthetic_prototype
Tamil Nadu,Pudukkottai,2020,Summer,Groundnut,3438.86,6230.56,1.812,synthetic_prototype
Tamil Nadu,Ramanathapuram,2020,Kharif,Groundnut,8848.04,18033.82,2.038,synthetic_prototype
Tamil Nadu,Ramanathapuram,2020,Kharif,Soybean,3353.7,5948.74,1.774,synthetic_prototype
Tamil Nadu,Ramanathapuram,2020,Kharif,Millet,3892.39,8999.44,2.312,synthetic_prototype
Tamil Nadu,Ramanathapuram,2020,Kharif,Cotton,3751.06,7732.86,2.062,synthetic_prototype
Tamil Nadu,Ramanathapuram,2020,Rabi,Pulses,1974.02,2141.39,1.085,synthetic_prototype
Tamil Nadu,Ramanathapuram,2020,Rabi,Wheat,1850.29,4818.03,2.604,synthetic_prototype
Tamil Nadu,Ramanathapuram,2020,Rabi,Maize,4244.82,20044.6,4.722,synthetic_prototype
Tamil Nadu,Ramanathapuram,2020,Rabi,Mustard,1919.83,2442.93,1.272,synthetic_prototype
Tamil Nadu,Ramanathapuram,2020,Summer,Rice,5578.57,17883.44,3.206,synthetic_prototype
Tamil Nadu,Ramanathapuram,2020,Summer,Watermelon,1314.73,26979.74,20.521,synthetic_prototype
Tamil Nadu,Ramanathapuram,2020,Summer,Maize,4653.39,23121.42,4.969,synthetic_prototype
Tamil Nadu,Ranipet,2020,Kharif,Maize,2858.07,12766.82,4.467,synthetic_prototype
Tamil Nadu,Ranipet,2020,Kharif,Groundnut,2847.58,6098.16,2.142,synthetic_prototype
Tamil Nadu,Ranipet,2020,Kharif,Rice,6782.15,31444.58,4.636,synthetic_prototype
Tamil Nadu,Ranipet,2020,Kharif,Soybean,1997.5,4568.3,2.287,synthetic_prototype
Tamil Nadu,Ranipet,2020,Rabi,Mustard,2357.07,3474.28,1.474,synthetic_prototype
Tamil Nadu,Ranipet,2020,Rabi,Maize,5024.73,19732.81,3.927,synthetic_prototype
Tamil Nadu,Ranipet,2020,Rabi,Rice,3122.49,15597.15,4.995,synthetic_prototype
Tamil Nadu,Ranipet,2020,Rabi,Pulses,2679.28,2724.07,1.017,synthetic_prototype
Tamil Nadu,Ranipet,2020,Summer,Groundnut,1268.95,2221.8,1.751,synthetic_prototype
Tamil Nadu,Ranipet,2020,Summer,Watermelon,851.47,14438.84,16.957,synthetic_prototype
Tamil Nadu,Ranipet,2020,Summer,Maize,1531.12,5638.71,3.683,synthetic_prototype
Tamil Nadu,Salem,2020,Kharif,Soybean,4024.48,7052.85,1.752,synthetic_prototype
Tamil Nadu,Salem,2020,Kharif,Cotton,4578.36,9048.6,1.976,synthetic_prototype
Tamil Nadu,Salem,2020,Kharif,Maize,3708.39,18811.38,5.073,synthetic_prototype
Tamil Nadu,Salem,2020,Kharif,Millet,4539.38,11042.55,2.433,synthetic_prototype
Tamil Nadu,Salem,2020,Rabi,Rice,10822.32,45855.44,4.237,synthetic_prototype
Tamil Nadu,Salem,2020,Rabi,Groundnut,2862.55,5085.36,1.777,synthetic_prototype
Tamil Nadu,Salem,2020,Rabi,Wheat,532.76,1638.16,3.075,synthetic_prototype
Tamil Nadu,Salem,2020,Rabi,Maize,4034.7,14685.13,3.64,synthetic_prototype
Tamil Nadu,Salem,2020,Summer,Groundnut,3758.43,7151.06,1.903,synthetic_prototype
Tamil Nadu,Salem,2020,Summer,Rice,6386.63,21559.04,3.376,synthetic_prototype
Tamil Nadu,Salem,2020,Summer,Maize,4539.75,17329.44,3.817,synthetic_prototype
Tamil Nadu,Sivaganga,2020,Kharif,Groundnut,1410.72,2874.83,2.038,synthetic_prototype
Tamil Nadu,Sivaganga,2020,Kharif,Maize,6390.12,33189.54,5.194,synthetic_prototype
Tamil Nadu,Sivaganga,2020,Kharif,Rice,5381.78,22068.19,4.101,synthetic_prototype
Tamil Nadu,Sivaganga,2020,Kharif,Millet,1442.62,2876.58,1.994,synthetic_prototype
Tamil Nadu,Sivaganga,2020,Rabi,Groundnut,2898.25,5862.2,2.023,synthetic_prototype
Tamil Nadu,Sivaganga,2020,Rabi,Mustard,532.14,546.74,1.027,synthetic_prototype
Tamil Nadu,Sivaganga,2020,Rabi,Pulses,2086.1,1860.17,0.892,synthetic_prototype
Tamil Nadu,Sivaganga,2020,Rabi,Rice,4719.74,22334.17,4.732,synthetic_prototype
Tamil Nadu,Sivaganga,2020,Summer,Millet,1314.82,2578.31,1.961,synthetic_prototype
Tamil Nadu,Sivaganga,2020,Summer,Groundnut,2936.1,5299.64,1.805,synthetic_prototype
Tamil Nadu,Sivaganga,2020,Summer,Watermelon,1096.37,21638.43,19.736,synthetic_prototype
Tamil Nadu,Tenkasi,2020,Kharif,Cotton,2608.86,5534.71,2.122,synthetic_prototype
Tamil Nadu,Tenkasi,2020,Kharif,Millet,1610.68,3124.98,1.94,synthetic_prototype
Tamil Nadu,Tenkasi,2020,Kharif,Soybean,3170.44,5830.94,1.839,synthetic_prototype
Tamil Nadu,Tenkasi,2020,Kharif,Groundnut,5000.2,12124.75,2.425,synthetic_prototype
Tamil Nadu,Tenkasi,2020,Rabi,Mustard,1316.63,1525.99,1.159,synthetic_prototype
Tamil Nadu,Tenkasi,2020,Rabi,Pulses,1977.47,1712.91,0.866,synthetic_prototype
Tamil Nadu,Tenkasi,2020,Rabi,Maize,6011.22,24548.18,4.084,synthetic_prototype
Tamil Nadu,Tenkasi,2020,Rabi,Rice,6527.96,32707.85,5.01,synthetic_prototype
Tamil Nadu,Tenkasi,2020,Summer,Groundnut,1119.81,1867.35,1.668,synthetic_prototype
Tamil Nadu,Tenkasi,2020,Summer,Millet,847.87,1444.96,1.704,synthetic_prototype
Tamil Nadu,Tenkasi,2020,Summer,Watermelon,391.72,6729.94,17.18,synthetic_prototype
Tamil Nadu,Thanjavur,2020,Kharif,Soybean,790.25,1595.92,2.019,synthetic_prototype
Tamil Nadu,Thanjavur,2020,Kharif,Cotton,6141.55,11811.89,1.923,synthetic_prototype
Tamil Nadu,Thanjavur,2020,Kharif,Rice,3467.83,15171.27,4.375,synthetic_prototype
Tamil Nadu,Thanjavur,2020,Kharif,Groundnut,4095.25,7403.92,1.808,synthetic_prototype
Tamil Nadu,Thanjavur,2020,Rabi,Wheat,358.13,1053.42,2.941,synthetic_prototype
Tamil Nadu,Thanjavur,2020,Rabi,Rice,3436.99,16141.97,4.697,synthetic_prototype
Tamil Nadu,Thanjavur,2020,Rabi,Mustard,1437.78,1794.69,1.248,synthetic_prototype
Tamil Nadu,Thanjavur,2020,Rabi,Groundnut,3407.89,6107.02,1.792,synthetic_prototype
Tamil Nadu,Thanjavur,2020,Summer,Maize,826.45,3218.98,3.895,synthetic_prototype
Tamil Nadu,Thanjavur,2020,Summer,Rice,2108.25,6505.88,3.086,synthetic_prototype
Tamil Nadu,Thanjavur,2020,Summer,Millet,1742.06,3229.84,1.854,synthetic_prototype
Tamil Nadu,The Nilgiris,2020,Kharif,Maize,2906.75,16628.64,5.721,synthetic_prototype
Tamil Nadu,The Nilgiris,2020,Kharif,Soybean,2288.9,4736.44,2.069,synthetic_prototype
Tamil Nadu,The Nilgiris,2020,Kharif,Cotton,3614.23,6045.57,1.673,synthetic_prototype
Tamil Nadu,The Nilgiris,2020,Kharif,Groundnut,2949.0,5005.83,1.697,synthetic_prototype
Tamil Nadu,The Nilgiris,2020,Rabi,Wheat,1519.04,4076.19,2.683,synthetic_prototype
Tamil Nadu,The Nilgiris,2020,Rabi,Maize,1960.97,10079.94,5.14,synthetic_prototype
Tamil Nadu,The Nilgiris,2020,Rabi,Groundnut,3932.21,8191.8,2.083,synthetic_prototype
Tamil Nadu,The Nilgiris,2020,Rabi,Pulses,1646.27,1819.69,1.105,synthetic_prototype
Tamil Nadu,The Nilgiris,2020,Summer,Groundnut,3481.88,6295.93,1.808,synthetic_prototype
Tamil Nadu,The Nilgiris,2020,Summer,Maize,2694.71,12543.03,4.655,synthetic_prototype
Tamil Nadu,The Nilgiris,2020,Summer,Watermelon,1724.36,33442.75,19.394,synthetic_prototype
Tamil Nadu,Theni,2020,Kharif,Maize,7775.78,31151.78,4.006,synthetic_prototype
Tamil Nadu,Theni,2020,Kharif,Soybean,1238.2,2006.45,1.62,synthetic_prototype
Tamil Nadu,Theni,2020,Kharif,Cotton,1909.64,3068.34,1.607,synthetic_prototype
Tamil Nadu,Theni,2020,Kharif,Groundnut,4874.18,11633.55,2.387,synthetic_prototype
Tamil Nadu,Theni,2020,Rabi,Wheat,1736.58,5014.54,2.888,synthetic_prototype
Tamil Nadu,Theni,2020,Rabi,Rice,8945.65,32660.91,3.651,synthetic_prototype
Tamil Nadu,Theni,2020,Rabi,Maize,6026.37,27355.53,4.539,synthetic_prototype
Tamil Nadu,Theni,2020,Rabi,Groundnut,4098.72,8218.15,2.005,synthetic_prototype
Tamil Nadu,Theni,2020,Summer,Rice,5103.15,20726.49,4.062,synthetic_prototype
Tamil Nadu,Theni,2020,Summer,Maize,3320.24,12622.55,3.802,synthetic_prototype
Tamil Nadu,Theni,2020,Summer,Watermelon,1005.68,17801.23,17.701,synthetic_prototype
Tamil Nadu,Thoothukudi,2020,Kharif,Rice,10617.59,34986.85,3.295,synthetic_prototype
Tamil Nadu,Thoothukudi,2020,Kharif,Cotton,1790.64,2801.01,1.564,synthetic_prototype
Tamil Nadu,Thoothukudi,2020,Kharif,Maize,6030.1,34696.67,5.754,synthetic_prototype
Tamil Nadu,Thoothukudi,2020,Kharif,Millet,1670.6,4463.43,2.672,synthetic_prototype
Tamil Nadu,Thoothukudi,2020,Rabi,Groundnut,2665.76,4656.43,1.747,synthetic_prototype
Tamil Nadu,Thoothukudi,2020,Rabi,Pulses,3879.24,3712.46,0.957,synthetic_prototype
Tamil Nadu,Thoothukudi,2020,Rabi,Rice,5706.1,25436.9,4.458,synthetic_prototype
Tamil Nadu,Thoothukudi,2020,Rabi,Wheat,608.49,1527.25,2.51,synthetic_prototype
Tamil Nadu,Thoothukudi,2020,Summer,Groundnut,2077.19,4155.8,2.001,synthetic_prototype
Tamil Nadu,Thoothukudi,2020,Summer,Rice,3273.72,10381.15,3.171,synthetic_prototype
Tamil Nadu,Thoothukudi,2020,Summer,Millet,2207.27,5275.01,2.39,synthetic_prototype
Tamil Nadu,Tiruchirappalli,2020,Kharif,Soybean,2664.85,4221.51,1.584,synthetic_prototype
Tamil Nadu,Tiruchirappalli,2020,Kharif,Millet,3043.07,7524.21,2.473,synthetic_prototype
Tamil Nadu,Tiruchirappalli,2020,Kharif,Groundnut,3435.75,5990.48,1.744,synthetic_prototype
Tamil Nadu,Tiruchirappalli,2020,Kharif,Maize,8387.0,48042.14,5.728,synthetic_prototype
Tamil Nadu,Tiruchirappalli,2020,Rabi,Maize,3098.24,11972.27,3.864,synthetic_prototype
Tamil Nadu,Tiruchirappalli,2020,Rabi,Wheat,573.86,1269.72,2.213,synthetic_prototype
Tamil Nadu,Tiruchirappalli,2020,Rabi,Groundnut,2398.16,4627.02,1.929,synthetic_prototype
Tamil Nadu,Tiruchirappalli,2020,Rabi,Rice,8748.12,32406.77,3.704,synthetic_prototype
Tamil Nadu,Tiruchirappalli,2020,Summer,Rice,3988.79,16094.42,4.035,synthetic_prototype
Tamil Nadu,Tiruchirappalli,2020,Summer,Groundnut,2433.8,3693.95,1.518,synthetic_prototype
Tamil Nadu,Tiruchirappalli,2020,Summer,Watermelon,1359.43,27590.77,20.296,synthetic_prototype
Tamil Nadu,Tirunelveli,2020,Kharif,Millet,2380.45,5952.3,2.5,synthetic_prototype
Tamil Nadu,Tirunelveli,2020,Kharif,Groundnut,1264.02,3058.02,2.419,synthetic_prototype
Tamil Nadu,Tirunelveli,2020,Kharif,Maize,8114.74,38208.91,4.709,synthetic_prototype
Tamil Nadu,Tirunelveli,2020,Kharif,Cotton,1395.72,2881.75,2.065,synthetic_prototype
Tamil Nadu,Tirunelveli,2020,Rabi,Groundnut,1268.61,2885.11,2.274,synthetic_prototype
Tamil Nadu,Tirunelveli,2020,Rabi,Rice,15137.56,74075.6,4.893,synthetic_prototype
Tamil Nadu,Tirunelveli,2020,Rabi,Pulses,1096.17,981.65,0.896,synthetic_prototype
Tamil Nadu,Tirunelveli,2020,Rabi,Mustard,1113.99,1233.56,1.107,synthetic_prototype
Tamil Nadu,Tirunelveli,2020,Summer,Groundnut,2481.08,5439.23,2.192,synthetic_prototype
Tamil Nadu,Tirunelveli,2020,Summer,Watermelon,1538.33,25375.66,16.496,synthetic_prototype
Tamil Nadu,Tirunelveli,2020,Summer,Rice,6356.15,22111.87,3.479,synthetic_prototype
Tamil Nadu,Tirupathur,2020,Kharif,Soybean,987.45,1529.39,1.549,synthetic_prototype
Tamil Nadu,Tirupathur,2020,Kharif,Cotton,2815.22,5882.54,2.09,synthetic_prototype
Tamil Nadu,Tirupathur,2020,Kharif,Millet,5025.73,9782.04,1.946,synthetic_prototype
Tamil Nadu,Tirupathur,2020,Kharif,Maize,9338.1,40169.64,4.302,synthetic_prototype
Tamil Nadu,Tirupathur,2020,Rabi,Mustard,2450.29,2685.54,1.096,synthetic_prototype
Tamil Nadu,Tirupathur,2020,Rabi,Maize,4762.04,25255.37,5.303,synthetic_prototype
Tamil Nadu,Tirupathur,2020,Rabi,Wheat,413.93,1130.44,2.731,synthetic_prototype
Tamil Nadu,Tirupathur,2020,Rabi,Rice,6137.15,22970.35,3.743,synthetic_prototype
Tamil Nadu,Tirupathur,2020,Summer,Rice,3281.24,12658.8,3.858,synthetic_prototype
Tamil Nadu,Tirupathur,2020,Summer,Watermelon,1753.17,35028.84,19.98,synthetic_prototype
Tamil Nadu,Tirupathur,2020,Summer,Maize,5131.91,17670.56,3.443,synthetic_prototype
Tamil Nadu,Tiruppur,2020,Kharif,Soybean,3862.51,6219.05,1.61,synthetic_prototype
Tamil Nadu,Tiruppur,2020,Kharif,Cotton,3993.32,7643.16,1.914,synthetic_prototype
Tamil Nadu,Tiruppur,2020,Kharif,Rice,10117.99,36711.21,3.628,synthetic_prototype
Tamil Nadu,Tiruppur,2020,Kharif,Maize,3993.96,22405.98,5.61,synthetic_prototype
Tamil Nadu,Tiruppur,2020,Rabi,Pulses,3996.46,3733.22,0.934,synthetic_prototype
Tamil Nadu,Tiruppur,2020,Rabi,Mustard,947.07,1376.12,1.453,synthetic_prototype
Tamil Nadu,Tiruppur,2020,Rabi,Rice,12966.37,65450.35,5.048,synthetic_prototype
Tamil Nadu,Tiruppur,2020,Rabi,Wheat,2147.06,5945.66,2.769,synthetic_prototype
Tamil Nadu,Tiruppur,2020,Summer,Millet,1358.97,2473.44,1.82,synthetic_prototype
Tamil Nadu,Tiruppur,2020,Summer,Watermelon,398.22,8216.93,20.634,synthetic_prototype
Tamil Nadu,Tiruppur,2020,Summer,Rice,6328.12,26798.5,4.235,synthetic_prototype
Tamil Nadu,Tiruvallur,2020,Kharif,Cotton,1454.76,3182.49,2.188,synthetic_prototype
Tamil Nadu,Tiruvallur,2020,Kharif,Millet,4525.63,11396.96,2.518,synthetic_prototype
Tamil Nadu,Tiruvallur,2020,Kharif,Rice,10108.34,33168.32,3.281,synthetic_prototype
Tamil Nadu,Tiruvallur,2020,Kharif,Maize,3109.75,12795.12,4.115,synthetic_prototype
Tamil Nadu,Tiruvallur,2020,Rabi,Mustard,1396.25,1535.08,1.099,synthetic_prototype
Tamil Nadu,Tiruvallur,2020,Rabi,Wheat,596.38,1297.47,2.176,synthetic_prototype
Tamil Nadu,Tiruvallur,2020,Rabi,Rice,5866.87,27917.82,4.759,synthetic_prototype
Tamil Nadu,Tiruvallur,2020,Rabi,Maize,9645.09,36116.02,3.745,synthetic_prototype
Tamil Nadu,Tiruvallur,2020,Summer,Rice,7954.24,29782.75,3.744,synthetic_prototype
Tamil Nadu,Tiruvallur,2020,Summer,Maize,4477.8,21457.03,4.792,synthetic_prototype
Tamil Nadu,Tiruvallur,2020,Summer,Groundnut,2958.71,6371.08,2.153,synthetic_prototype
Tamil Nadu,Tiruvannamalai,2020,Kharif,Maize,4702.04,18515.59,3.938,synthetic_prototype
Tamil Nadu,Tiruvannamalai,2020,Kharif,Cotton,4828.08,8473.86,1.755,synthetic_prototype
Tamil Nadu,Tiruvannamalai,2020,Kharif,Groundnut,4497.3,9163.06,2.037,synthetic_prototype
Tamil Nadu,Tiruvannamalai,2020,Kharif,Rice,6549.05,24300.96,3.711,synthetic_prototype
Tamil Nadu,Tiruvannamalai,2020,Rabi,Mustard,1136.8,1170.8,1.03,synthetic_prototype
Tamil Nadu,Tiruvannamalai,2020,Rabi,Rice,5207.99,25573.47,4.91,synthetic_prototype
Tamil Nadu,Tiruvannamalai,2020,Rabi,Wheat,1078.48,2460.6,2.282,synthetic_prototype
Tamil Nadu,Tiruvannamalai,2020,Rabi,Pulses,3991.04,4564.09,1.144,synthetic_prototype
Tamil Nadu,Tiruvannamalai,2020,Summer,Rice,2410.66,9631.34,3.995,synthetic_prototype
Tamil Nadu,Tiruvannamalai,2020,Summer,Groundnut,1834.94,3299.95,1.798,synthetic_prototype
Tamil Nadu,Tiruvannamalai,2020,Summer,Millet,1052.2,2594.93,2.466,synthetic_prototype
Tamil Nadu,Tiruvarur,2020,Kharif,Groundnut,3228.33,7077.29,2.192,synthetic_prototype
Tamil Nadu,Tiruvarur,2020,Kharif,Soybean,2826.58,5693.96,2.014,synthetic_prototype
Tamil Nadu,Tiruvarur,2020,Kharif,Cotton,1540.41,2306.68,1.497,synthetic_prototype
Tamil Nadu,Tiruvarur,2020,Kharif,Millet,1291.86,3575.78,2.768,synthetic_prototype
Tamil Nadu,Tiruvarur,2020,Rabi,Groundnut,2340.39,4997.12,2.135,synthetic_prototype
Tamil Nadu,Tiruvarur,2020,Rabi,Maize,3708.8,14233.22,3.838,synthetic_prototype
Tamil Nadu,Tiruvarur,2020,Rabi,Rice,2759.51,12557.62,4.551,synthetic_prototype
Tamil Nadu,Tiruvarur,2020,Rabi,Pulses,1584.57,1919.15,1.211,synthetic_prototype
Tamil Nadu,Tiruvarur,2020,Summer,Watermelon,606.04,10413.89,17.183,synthetic_prototype
Tamil Nadu,Tiruvarur,2020,Summer,Maize,1567.1,6913.15,4.411,synthetic_prototype
Tamil Nadu,Tiruvarur,2020,Summer,Groundnut,1184.02,2272.54,1.919,synthetic_prototype
Tamil Nadu,Vellore,2020,Kharif,Soybean,687.04,1136.71,1.655,synthetic_prototype
Tamil Nadu,Vellore,2020,Kharif,Groundnut,1254.81,2645.18,2.108,synthetic_prototype
Tamil Nadu,Vellore,2020,Kharif,Cotton,1834.06,2833.73,1.545,synthetic_prototype
Tamil Nadu,Vellore,2020,Kharif,Rice,10785.88,39903.45,3.7,synthetic_prototype
Tamil Nadu,Vellore,2020,Rabi,Rice,8510.53,33954.79,3.99,synthetic_prototype
Tamil Nadu,Vellore,2020,Rabi,Maize,3033.48,11367.3,3.747,synthetic_prototype
Tamil Nadu,Vellore,2020,Rabi,Groundnut,2797.72,4947.02,1.768,synthetic_prototype
Tamil Nadu,Vellore,2020,Rabi,Wheat,613.07,1505.47,2.456,synthetic_prototype
Tamil Nadu,Vellore,2020,Summer,Maize,3128.31,11195.36,3.579,synthetic_prototype
Tamil Nadu,Vellore,2020,Summer,Rice,4693.1,21623.17,4.607,synthetic_prototype
Tamil Nadu,Vellore,2020,Summer,Groundnut,1955.78,4203.93,2.149,synthetic_prototype
Tamil Nadu,Viluppuram,2020,Kharif,Rice,5742.86,24397.95,4.248,synthetic_prototype
Tamil Nadu,Viluppuram,2020,Kharif,Maize,8108.32,39025.78,4.813,synthetic_prototype
Tamil Nadu,Viluppuram,2020,Kharif,Millet,3845.75,10410.03,2.707,synthetic_prototype
Tamil Nadu,Viluppuram,2020,Kharif,Cotton,4248.27,7129.03,1.678,synthetic_prototype
Tamil Nadu,Viluppuram,2020,Rabi,Maize,3845.61,19849.55,5.162,synthetic_prototype
Tamil Nadu,Viluppuram,2020,Rabi,Mustard,2373.68,2872.41,1.21,synthetic_prototype
Tamil Nadu,Viluppuram,2020,Rabi,Groundnut,2488.37,5061.46,2.034,synthetic_prototype
Tamil Nadu,Viluppuram,2020,Rabi,Pulses,728.46,704.99,0.968,synthetic_prototype
Tamil Nadu,Viluppuram,2020,Summer,Millet,1782.48,3528.19,1.979,synthetic_prototype
Tamil Nadu,Viluppuram,2020,Summer,Watermelon,865.29,17777.88,20.546,synthetic_prototype
Tamil Nadu,Viluppuram,2020,Summer,Maize,2985.95,14356.4,4.808,synthetic_prototype
Tamil Nadu,Virudhunagar,2020,Kharif,Maize,5265.63,29360.57,5.576,synthetic_prototype
Tamil Nadu,Virudhunagar,2020,Kharif,Groundnut,3721.19,8388.91,2.254,synthetic_prototype
Tamil Nadu,Virudhunagar,2020,Kharif,Rice,8397.8,38558.57,4.592,synthetic_prototype
Tamil Nadu,Virudhunagar,2020,Kharif,Millet,2381.11,5314.99,2.232,synthetic_prototype
Tamil Nadu,Virudhunagar,2020,Rabi,Mustard,2355.94,2779.56,1.18,synthetic_prototype
Tamil Nadu,Virudhunagar,2020,Rabi,Groundnut,4893.76,7665.78,1.566,synthetic_prototype
Tamil Nadu,Virudhunagar,2020,Rabi,Maize,7397.72,38108.22,5.151,synthetic_prototype
Tamil Nadu,Virudhunagar,2020,Rabi,Wheat,1267.99,3552.89,2.802,synthetic_prototype
Tamil Nadu,Virudhunagar,2020,Summer,Maize,1400.15,6834.57,4.881,synthetic_prototype
Tamil Nadu,Virudhunagar,2020,Summer,Rice,3469.99,12323.94,3.552,synthetic_prototype
Tamil Nadu,Virudhunagar,2020,Summer,Watermelon,874.95,14418.31,16.479,synthetic_prototype
Tamil Nadu,Ariyalur,2021,Kharif,Groundnut,5612.54,9911.74,1.766,synthetic_prototype
Tamil Nadu,Ariyalur,2021,Kharif,Cotton,2142.61,4567.46,2.132,synthetic_prototype
Tamil Nadu,Ariyalur,2021,Kharif,Millet,1701.36,4598.8,2.703,synthetic_prototype
Tamil Nadu,Ariyalur,2021,Kharif,Soybean,968.19,1902.11,1.965,synthetic_prototype
Tamil Nadu,Ariyalur,2021,Rabi,Groundnut,3695.54,5782.82,1.565,synthetic_prototype
Tamil Nadu,Ariyalur,2021,Rabi,Maize,6206.0,29541.84,4.76,synthetic_prototype
Tamil Nadu,Ariyalur,2021,Rabi,Pulses,988.95,868.99,0.879,synthetic_prototype
Tamil Nadu,Ariyalur,2021,Rabi,Rice,6879.44,27948.2,4.063,synthetic_prototype
Tamil Nadu,Ariyalur,2021,Summer,Maize,1391.39,5441.35,3.911,synthetic_prototype
Tamil Nadu,Ariyalur,2021,Summer,Rice,2245.09,7424.34,3.307,synthetic_prototype
Tamil Nadu,Ariyalur,2021,Summer,Watermelon,401.92,5691.79,14.162,synthetic_prototype
Tamil Nadu,Chengalpattu,2021,Kharif,Groundnut,3243.31,7826.16,2.413,synthetic_prototype
Tamil Nadu,Chengalpattu,2021,Kharif,Maize,6571.38,27851.69,4.238,synthetic_prototype
Tamil Nadu,Chengalpattu,2021,Kharif,Cotton,2553.72,4812.48,1.884,synthetic_prototype
Tamil Nadu,Chengalpattu,2021,Kharif,Rice,2303.64,10966.4,4.76,synthetic_prototype
Tamil Nadu,Chengalpattu,2021,Rabi,Wheat,818.49,2322.76,2.838,synthetic_prototype
Tamil Nadu,Chengalpattu,2021,Rabi,Maize,4931.91,24427.8,4.953,synthetic_prototype
Tamil Nadu,Chengalpattu,2021,Rabi,Pulses,2593.11,3137.46,1.21,synthetic_prototype
Tamil Nadu,Chengalpattu,2021,Rabi,Groundnut,4136.98,8183.54,1.978,synthetic_prototype
Tamil Nadu,Chengalpattu,2021,Summer,Groundnut,734.93,1441.58,1.962,synthetic_prototype
Tamil Nadu,Chengalpattu,2021,Summer,Millet,2007.05,5080.86,2.532,synthetic_prototype
Tamil Nadu,Chengalpattu,2021,Summer,Rice,1962.13,6918.8,3.526,synthetic_prototype
Tamil Nadu,Chennai,2021,Kharif,Rice,12918.41,51965.57,4.023,synthetic_prototype
Tamil Nadu,Chennai,2021,Kharif,Millet,892.97,2049.36,2.295,synthetic_prototype
Tamil Nadu,Chennai,2021,Kharif,Soybean,1447.4,3128.14,2.161,synthetic_prototype
Tamil Nadu,Chennai,2021,Kharif,Maize,4355.08,17877.27,4.105,synthetic_prototype
Tamil Nadu,Chennai,2021,Rabi,Wheat,1614.96,4238.28,2.624,synthetic_prototype
Tamil Nadu,Chennai,2021,Rabi,Pulses,2394.2,2619.71,1.094,synthetic_prototype
Tamil Nadu,Chennai,2021,Rabi,Groundnut,4809.79,8790.51,1.828,synthetic_prototype
Tamil Nadu,Chennai,2021,Rabi,Maize,5806.25,29663.44,5.109,synthetic_prototype
Tamil Nadu,Chennai,2021,Summer,Maize,1437.48,6764.15,4.706,synthetic_prototype
Tamil Nadu,Chennai,2021,Summer,Rice,5055.1,16690.56,3.302,synthetic_prototype
Tamil Nadu,Chennai,2021,Summer,Millet,1612.36,2904.88,1.802,synthetic_prototype
Tamil Nadu,Coimbatore,2021,Kharif,Soybean,2348.86,4761.79,2.027,synthetic_prototype
Tamil Nadu,Coimbatore,2021,Kharif,Rice,10616.09,46041.31,4.337,synthetic_prototype
Tamil Nadu,Coimbatore,2021,Kharif,Millet,919.31,1919.13,2.088,synthetic_prototype
Tamil Nadu,Coimbatore,2021,Kharif,Groundnut,4661.57,10738.48,2.304,synthetic_prototype
Tamil Nadu,Coimbatore,2021,Rabi,Rice,6200.87,23918.91,3.857,synthetic_prototype
Tamil Nadu,Coimbatore,2021,Rabi,Pulses,3036.69,3351.83,1.104,synthetic_prototype
Tamil Nadu,Coimbatore,2021,Rabi,Maize,5698.95,30778.11,5.401,synthetic_prototype
Tamil Nadu,Coimbatore,2021,Rabi,Groundnut,3565.16,6525.67,1.83,synthetic_prototype
Tamil Nadu,Coimbatore,2021,Summer,Watermelon,1680.94,24361.77,14.493,synthetic_prototype
Tamil Nadu,Coimbatore,2021,Summer,Maize,4627.56,15904.79,3.437,synthetic_prototype
Tamil Nadu,Coimbatore,2021,Summer,Groundnut,2543.91,3980.93,1.565,synthetic_prototype
Tamil Nadu,Cuddalore,2021,Kharif,Millet,3925.26,9217.65,2.348,synthetic_prototype
Tamil Nadu,Cuddalore,2021,Kharif,Soybean,1543.02,2618.5,1.697,synthetic_prototype
Tamil Nadu,Cuddalore,2021,Kharif,Cotton,1637.78,3454.2,2.109,synthetic_prototype
Tamil Nadu,Cuddalore,2021,Kharif,Maize,3959.5,17687.47,4.467,synthetic_prototype
Tamil Nadu,Cuddalore,2021,Rabi,Groundnut,3277.66,7383.0,2.253,synthetic_prototype
Tamil Nadu,Cuddalore,2021,Rabi,Maize,6336.81,24833.28,3.919,synthetic_prototype
Tamil Nadu,Cuddalore,2021,Rabi,Rice,4271.02,21460.68,5.025,synthetic_prototype
Tamil Nadu,Cuddalore,2021,Rabi,Pulses,4708.97,5925.73,1.258,synthetic_prototype
Tamil Nadu,Cuddalore,2021,Summer,Rice,3781.44,13908.33,3.678,synthetic_prototype
Tamil Nadu,Cuddalore,2021,Summer,Groundnut,1206.97,2307.99,1.912,synthetic_prototype
Tamil Nadu,Cuddalore,2021,Summer,Watermelon,1287.97,22642.67,17.58,synthetic_prototype
Tamil Nadu,Dharmapuri,2021,Kharif,Maize,6331.77,26117.91,4.125,synthetic_prototype
Tamil Nadu,Dharmapuri,2021,Kharif,Soybean,2187.3,3658.36,1.673,synthetic_prototype
Tamil Nadu,Dharmapuri,2021,Kharif,Rice,14257.15,69749.69,4.892,synthetic_prototype
Tamil Nadu,Dharmapuri,2021,Kharif,Groundnut,5476.78,9331.44,1.704,synthetic_prototype
Tamil Nadu,Dharmapuri,2021,Rabi,Maize,5571.43,26371.28,4.733,synthetic_prototype
Tamil Nadu,Dharmapuri,2021,Rabi,Mustard,2022.53,2602.14,1.287,synthetic_prototype
Tamil Nadu,Dharmapuri,2021,Rabi,Groundnut,1003.95,2278.02,2.269,synthetic_prototype
Tamil Nadu,Dharmapuri,2021,Rabi,Wheat,1279.6,3291.14,2.572,synthetic_prototype
Tamil Nadu,Dharmapuri,2021,Summer,Maize,3479.07,13769.59,3.958,synthetic_prototype
Tamil Nadu,Dharmapuri,2021,Summer,Watermelon,1277.27,23599.57,18.477,synthetic_prototype
Tamil Nadu,Dharmapuri,2021,Summer,Rice,4309.0,17874.22,4.148,synthetic_prototype
Tamil Nadu,Dindigul,2021,Kharif,Cotton,1430.67,3025.99,2.115,synthetic_prototype
Tamil Nadu,Dindigul,2021,Kharif,Soybean,1218.49,2170.11,1.781,synthetic_prototype
Tamil Nadu,Dindigul,2021,Kharif,Maize,6099.47,25140.46,4.122,synthetic_prototype
Tamil Nadu,Dindigul,2021,Kharif,Rice,5382.46,18984.87,3.527,synthetic_prototype
Tamil Nadu,Dindigul,2021,Rabi,Pulses,3353.69,4121.9,1.229,synthetic_prototype
Tamil Nadu,Dindigul,2021,Rabi,Rice,4880.67,18392.61,3.768,synthetic_prototype
Tamil Nadu,Dindigul,2021,Rabi,Mustard,1978.0,2505.62,1.267,synthetic_prototype
Tamil Nadu,Dindigul,2021,Rabi,Wheat,2509.14,6138.22,2.446,synthetic_prototype
Tamil Nadu,Dindigul,2021,Summer,Groundnut,759.25,1587.9,2.091,synthetic_prototype
Tamil Nadu,Dindigul,2021,Summer,Millet,720.12,1531.55,2.127,synthetic_prototype
Tamil Nadu,Dindigul,2021,Summer,Rice,4604.49,21013.58,4.564,synthetic_prototype
Tamil Nadu,Erode,2021,Kharif,Rice,5872.58,19372.52,3.299,synthetic_prototype
Tamil Nadu,Erode,2021,Kharif,Groundnut,6697.99,14708.37,2.196,synthetic_prototype
Tamil Nadu,Erode,2021,Kharif,Soybean,3869.82,6167.05,1.594,synthetic_prototype
Tamil Nadu,Erode,2021,Kharif,Millet,5719.69,16502.64,2.885,synthetic_prototype
Tamil Nadu,Erode,2021,Rabi,Rice,4429.72,20656.45,4.663,synthetic_prototype
Tamil Nadu,Erode,2021,Rabi,Mustard,1523.02,2124.95,1.395,synthetic_prototype
Tamil Nadu,Erode,2021,Rabi,Wheat,1879.06,4508.47,2.399,synthetic_prototype
Tamil Nadu,Erode,2021,Rabi,Maize,4033.44,16133.3,4.0,synthetic_prototype
Tamil Nadu,Erode,2021,Summer,Maize,3076.32,11085.05,3.603,synthetic_prototype
Tamil Nadu,Erode,2021,Summer,Watermelon,509.05,7939.35,15.596,synthetic_prototype
Tamil Nadu,Erode,2021,Summer,Groundnut,1320.96,1982.9,1.501,synthetic_prototype
Tamil Nadu,Kallakurichi,2021,Kharif,Cotton,3971.86,8415.56,2.119,synthetic_prototype
Tamil Nadu,Kallakurichi,2021,Kharif,Millet,1743.85,4935.63,2.83,synthetic_prototype
Tamil Nadu,Kallakurichi,2021,Kharif,Groundnut,5972.83,14181.04,2.374,synthetic_prototype
Tamil Nadu,Kallakurichi,2021,Kharif,Maize,6446.49,31043.06,4.815,synthetic_prototype
Tamil Nadu,Kallakurichi,2021,Rabi,Mustard,1249.67,1444.33,1.156,synthetic_prototype
Tamil Nadu,Kallakurichi,2021,Rabi,Pulses,1178.72,1516.52,1.287,synthetic_prototype
Tamil Nadu,Kallakurichi,2021,Rabi,Wheat,1080.1,2571.43,2.381,synthetic_prototype
Tamil Nadu,Kallakurichi,2021,Rabi,Maize,2565.83,10360.74,4.038,synthetic_prototype
Tamil Nadu,Kallakurichi,2021,Summer,Rice,1955.59,7424.7,3.797,synthetic_prototype
Tamil Nadu,Kallakurichi,2021,Summer,Millet,1798.52,3771.54,2.097,synthetic_prototype
Tamil Nadu,Kallakurichi,2021,Summer,Groundnut,1181.23,1814.08,1.536,synthetic_prototype
Tamil Nadu,Kanchipuram,2021,Kharif,Millet,1890.96,5412.88,2.863,synthetic_prototype
Tamil Nadu,Kanchipuram,2021,Kharif,Maize,6484.99,34179.19,5.271,synthetic_prototype
Tamil Nadu,Kanchipuram,2021,Kharif,Rice,16025.33,66095.26,4.124,synthetic_prototype
Tamil Nadu,Kanchipuram,2021,Kharif,Cotton,6325.39,11429.79,1.807,synthetic_prototype
Tamil Nadu,Kanchipuram,2021,Rabi,Maize,9336.58,42521.52,4.554,synthetic_prototype
Tamil Nadu,Kanchipuram,2021,Rabi,Groundnut,5207.81,9591.96,1.842,synthetic_prototype
Tamil Nadu,Kanchipuram,2021,Rabi,Pulses,3915.75,4426.38,1.13,synthetic_prototype
Tamil Nadu,Kanchipuram,2021,Rabi,Wheat,1885.23,5223.3,2.771,synthetic_prototype
Tamil Nadu,Kanchipuram,2021,Summer,Watermelon,1205.13,17270.42,14.331,synthetic_prototype
Tamil Nadu,Kanchipuram,2021,Summer,Millet,1434.83,3322.27,2.315,synthetic_prototype
Tamil Nadu,Kanchipuram,2021,Summer,Maize,4902.44,19867.83,4.053,synthetic_prototype
Tamil Nadu,Kanniyakumari,2021,Kharif,Millet,2282.4,5776.11,2.531,synthetic_prototype
Tamil Nadu,Kanniyakumari,2021,Kharif,Groundnut,3628.63,7557.88,2.083,synthetic_prototype
Tamil Nadu,Kanniyakumari,2021,Kharif,Soybean,1826.37,4041.72,2.213,synthetic_prototype
Tamil Nadu,Kanniyakumari,2021,Kharif,Maize,7225.77,28731.87,3.976,synthetic_prototype
Tamil Nadu,Kanniyakumari,2021,Rabi,Pulses,2189.46,2372.34,1.084,synthetic_prototype
Tamil Nadu,Kanniyakumari,2021,Rabi,Groundnut,7768.94,15386.76,1.981,synthetic_prototype
Tamil Nadu,Kanniyakumari,2021,Rabi,Wheat,1727.77,3913.36,2.265,synthetic_prototype
Tamil Nadu,Kanniyakumari,2021,Rabi,Mustard,2253.97,2309.68,1.025,synthetic_prototype
Tamil Nadu,Kanniyakumari,2021,Summer,Maize,1167.07,5823.11,4.99,synthetic_prototype
Tamil Nadu,Kanniyakumari,2021,Summer,Groundnut,2753.56,5333.37,1.937,synthetic_prototype
Tamil Nadu,Kanniyakumari,2021,Summer,Watermelon,1404.0,27797.77,19.799,synthetic_prototype
Tamil Nadu,Karur,2021,Kharif,Millet,2644.91,7698.33,2.911,synthetic_prototype
Tamil Nadu,Karur,2021,Kharif,Groundnut,3746.77,9141.07,2.44,synthetic_prototype
Tamil Nadu,Karur,2021,Kharif,Soybean,1514.67,3354.5,2.215,synthetic_prototype
Tamil Nadu,Karur,2021,Kharif,Maize,6802.04,34429.91,5.062,synthetic_prototype
Tamil Nadu,Karur,2021,Rabi,Mustard,1344.52,1617.16,1.203,synthetic_prototype
Tamil Nadu,Karur,2021,Rabi,Groundnut,1272.88,2566.15,2.016,synthetic_prototype
Tamil Nadu,Karur,2021,Rabi,Wheat,586.57,1687.74,2.877,synthetic_prototype
Tamil Nadu,Karur,2021,Rabi,Pulses,1619.38,2002.58,1.237,synthetic_prototype
Tamil Nadu,Karur,2021,Summer,Maize,3737.42,16651.72,4.455,synthetic_prototype
Tamil Nadu,Karur,2021,Summer,Groundnut,1311.23,2715.79,2.071,synthetic_prototype
Tamil Nadu,Karur,2021,Summer,Watermelon,676.93,10194.49,15.06,synthetic_prototype
Tamil Nadu,Krishnagiri,2021,Kharif,Soybean,2931.28,4663.59,1.591,synthetic_prototype
Tamil Nadu,Krishnagiri,2021,Kharif,Rice,4308.36,20841.9,4.838,synthetic_prototype
Tamil Nadu,Krishnagiri,2021,Kharif,Maize,6018.8,27584.23,4.583,synthetic_prototype
Tamil Nadu,Krishnagiri,2021,Kharif,Cotton,741.19,1164.17,1.571,synthetic_prototype
Tamil Nadu,Krishnagiri,2021,Rabi,Wheat,1096.95,2647.75,2.414,synthetic_prototype
Tamil Nadu,Krishnagiri,2021,Rabi,Mustard,408.11,445.15,1.091,synthetic_prototype
Tamil Nadu,Krishnagiri,2021,Rabi,Groundnut,5254.37,10246.33,1.95,synthetic_prototype
Tamil Nadu,Krishnagiri,2021,Rabi,Maize,2486.75,9372.29,3.769,synthetic_prototype
Tamil Nadu,Krishnagiri,2021,Summer,Watermelon,631.46,12824.39,20.309,synthetic_prototype
Tamil Nadu,Krishnagiri,2021,Summer,Maize,1695.6,5978.06,3.526,synthetic_prototype
Tamil Nadu,Krishnagiri,2021,Summer,Rice,2802.17,8878.93,3.169,synthetic_prototype
Tamil Nadu,Madurai,2021,Kharif,Groundnut,3683.71,6640.35,1.803,synthetic_prototype
Tamil Nadu,Madurai,2021,Kharif,Maize,5299.78,28749.0,5.425,synthetic_prototype
Tamil Nadu,Madurai,2021,Kharif,Cotton,1828.72,3713.69,2.031,synthetic_prototype
Tamil Nadu,Madurai,2021,Kharif,Soybean,2558.27,4435.76,1.734,synthetic_prototype
Tamil Nadu,Madurai,2021,Rabi,Maize,2502.66,11273.51,4.505,synthetic_prototype
Tamil Nadu,Madurai,2021,Rabi,Wheat,781.02,2322.05,2.973,synthetic_prototype
Tamil Nadu,Madurai,2021,Rabi,Rice,9838.49,38063.6,3.869,synthetic_prototype
Tamil Nadu,Madurai,2021,Rabi,Mustard,719.43,752.03,1.045,synthetic_prototype
Tamil Nadu,Madurai,2021,Summer,Watermelon,940.4,14669.67,15.599,synthetic_prototype
Tamil Nadu,Madurai,2021,Summer,Groundnut,1100.12,2280.43,2.073,synthetic_prototype
Tamil Nadu,Madurai,2021,Summer,Millet,3020.64,6688.59,2.214,synthetic_prototype
Tamil Nadu,Mayiladuthurai,2021,Kharif,Cotton,4125.0,7568.28,1.835,synthetic_prototype
Tamil Nadu,Mayiladuthurai,2021,Kharif,Groundnut,2661.77,5298.69,1.991,synthetic_prototype
Tamil Nadu,Mayiladuthurai,2021,Kharif,Soybean,2486.0,4725.04,1.901,synthetic_prototype
Tamil Nadu,Mayiladuthurai,2021,Kharif,Rice,6226.89,30081.57,4.831,synthetic_prototype
Tamil Nadu,Mayiladuthurai,2021,Rabi,Wheat,2207.55,6042.97,2.737,synthetic_prototype
Tamil Nadu,Mayiladuthurai,2021,Rabi,Maize,3475.17,17916.2,5.155,synthetic_prototype
Tamil Nadu,Mayiladuthurai,2021,Rabi,Mustard,1369.04,1733.76,1.266,synthetic_prototype
Tamil Nadu,Mayiladuthurai,2021,Rabi,Groundnut,1443.08,3034.55,2.103,synthetic_prototype
Tamil Nadu,Mayiladuthurai,2021,Summer,Groundnut,1485.13,2303.17,1.551,synthetic_prototype
Tamil Nadu,Mayiladuthurai,2021,Summer,Millet,1430.41,3321.15,2.322,synthetic_prototype
Tamil Nadu,Mayiladuthurai,2021,Summer,Rice,5844.1,18475.08,3.161,synthetic_prototype
Tamil Nadu,Nagapattinam,2021,Kharif,Rice,5817.64,25057.33,4.307,synthetic_prototype
Tamil Nadu,Nagapattinam,2021,Kharif,Millet,2919.91,7487.37,2.564,synthetic_prototype
Tamil Nadu,Nagapattinam,2021,Kharif,Groundnut,3534.08,7333.03,2.075,synthetic_prototype
Tamil Nadu,Nagapattinam,2021,Kharif,Maize,4167.08,21946.35,5.267,synthetic_prototype
Tamil Nadu,Nagapattinam,2021,Rabi,Groundnut,3539.35,8103.32,2.289,synthetic_prototype
Tamil Nadu,Nagapattinam,2021,Rabi,Rice,8953.71,37185.27,4.153,synthetic_prototype
Tamil Nadu,Nagapattinam,2021,Rabi,Maize,1601.28,7243.58,4.524,synthetic_prototype
Tamil Nadu,Nagapattinam,2021,Rabi,Wheat,415.43,1202.57,2.895,synthetic_prototype
Tamil Nadu,Nagapattinam,2021,Summer,Groundnut,1037.58,1907.54,1.838,synthetic_prototype
Tamil Nadu,Nagapattinam,2021,Summer,Watermelon,1673.52,34799.47,20.794,synthetic_prototype
Tamil Nadu,Nagapattinam,2021,Summer,Millet,1164.37,2225.56,1.911,synthetic_prototype
Tamil Nadu,Namakkal,2021,Kharif,Millet,1071.81,2600.81,2.427,synthetic_prototype
Tamil Nadu,Namakkal,2021,Kharif,Rice,7372.93,32759.75,4.443,synthetic_prototype
Tamil Nadu,Namakkal,2021,Kharif,Maize,6623.78,29638.1,4.475,synthetic_prototype
Tamil Nadu,Namakkal,2021,Kharif,Cotton,4602.27,10054.82,2.185,synthetic_prototype
Tamil Nadu,Namakkal,2021,Rabi,Pulses,2047.52,2601.16,1.27,synthetic_prototype
Tamil Nadu,Namakkal,2021,Rabi,Maize,1592.05,6169.69,3.875,synthetic_prototype
Tamil Nadu,Namakkal,2021,Rabi,Mustard,640.4,716.42,1.119,synthetic_prototype
Tamil Nadu,Namakkal,2021,Rabi,Groundnut,4276.1,8068.29,1.887,synthetic_prototype
Tamil Nadu,Namakkal,2021,Summer,Rice,3738.12,11800.29,3.157,synthetic_prototype
Tamil Nadu,Namakkal,2021,Summer,Groundnut,912.18,1895.89,2.078,synthetic_prototype
Tamil Nadu,Namakkal,2021,Summer,Watermelon,1536.58,25222.55,16.415,synthetic_prototype
Tamil Nadu,Perambalur,2021,Kharif,Rice,8869.59,42150.56,4.752,synthetic_prototype
Tamil Nadu,Perambalur,2021,Kharif,Cotton,2927.74,4835.87,1.652,synthetic_prototype
Tamil Nadu,Perambalur,2021,Kharif,Maize,4043.42,22458.96,5.554,synthetic_prototype
Tamil Nadu,Perambalur,2021,Kharif,Soybean,1005.05,2319.88,2.308,synthetic_prototype
Tamil Nadu,Perambalur,2021,Rabi,Mustard,2412.64,3264.85,1.353,synthetic_prototype
Tamil Nadu,Perambalur,2021,Rabi,Groundnut,1551.17,2472.14,1.594,synthetic_prototype
Tamil Nadu,Perambalur,2021,Rabi,Rice,4784.12,18998.15,3.971,synthetic_prototype
Tamil Nadu,Perambalur,2021,Rabi,Maize,2715.32,10137.39,3.733,synthetic_prototype
Tamil Nadu,Perambalur,2021,Summer,Watermelon,1250.39,22262.43,17.804,synthetic_prototype
Tamil Nadu,Perambalur,2021,Summer,Maize,1029.89,5185.35,5.035,synthetic_prototype
Tamil Nadu,Perambalur,2021,Summer,Rice,6518.31,29802.18,4.572,synthetic_prototype
Tamil Nadu,Pudukkottai,2021,Kharif,Millet,2880.36,8276.29,2.873,synthetic_prototype
Tamil Nadu,Pudukkottai,2021,Kharif,Soybean,3733.74,6259.41,1.676,synthetic_prototype
Tamil Nadu,Pudukkottai,2021,Kharif,Cotton,4811.76,8716.29,1.811,synthetic_prototype
Tamil Nadu,Pudukkottai,2021,Kharif,Groundnut,6059.93,14408.57,2.378,synthetic_prototype
Tamil Nadu,Pudukkottai,2021,Rabi,Maize,4782.08,21462.31,4.488,synthetic_prototype
Tamil Nadu,Pudukkottai,2021,Rabi,Groundnut,1188.21,2450.49,2.062,synthetic_prototype
Tamil Nadu,Pudukkottai,2021,Rabi,Mustard,1499.88,2234.68,1.49,synthetic_prototype
Tamil Nadu,Pudukkottai,2021,Rabi,Rice,4310.38,19222.06,4.459,synthetic_prototype
Tamil Nadu,Pudukkottai,2021,Summer,Millet,1013.11,2266.78,2.237,synthetic_prototype
Tamil Nadu,Pudukkottai,2021,Summer,Maize,5406.46,21927.2,4.056,synthetic_prototype
Tamil Nadu,Pudukkottai,2021,Summer,Groundnut,1370.37,2408.7,1.758,synthetic_prototype
Tamil Nadu,Ramanathapuram,2021,Kharif,Millet,2434.47,6085.12,2.5,synthetic_prototype
Tamil Nadu,Ramanathapuram,2021,Kharif,Cotton,2680.02,5449.96,2.034,synthetic_prototype
Tamil Nadu,Ramanathapuram,2021,Kharif,Maize,5026.99,21232.59,4.224,synthetic_prototype
Tamil Nadu,Ramanathapuram,2021,Kharif,Soybean,3545.6,7553.89,2.13,synthetic_prototype
Tamil Nadu,Ramanathapuram,2021,Rabi,Pulses,2879.94,3123.19,1.084,synthetic_prototype
Tamil Nadu,Ramanathapuram,2021,Rabi,Maize,4615.08,21938.19,4.754,synthetic_prototype
Tamil Nadu,Ramanathapuram,2021,Rabi,Mustard,1018.22,1363.65,1.339,synthetic_prototype
Tamil Nadu,Ramanathapuram,2021,Rabi,Rice,4856.81,21007.91,4.325,synthetic_prototype
Tamil Nadu,Ramanathapuram,2021,Summer,Watermelon,1504.36,26329.12,17.502,synthetic_prototype
Tamil Nadu,Ramanathapuram,2021,Summer,Groundnut,2922.96,5605.09,1.918,synthetic_prototype
Tamil Nadu,Ramanathapuram,2021,Summer,Rice,4618.84,16044.98,3.474,synthetic_prototype
Tamil Nadu,Ranipet,2021,Kharif,Soybean,1265.09,2259.74,1.786,synthetic_prototype
Tamil Nadu,Ranipet,2021,Kharif,Cotton,2545.18,4993.13,1.962,synthetic_prototype
Tamil Nadu,Ranipet,2021,Kharif,Millet,1301.51,3166.86,2.433,synthetic_prototype
Tamil Nadu,Ranipet,2021,Kharif,Groundnut,7991.56,15473.79,1.936,synthetic_prototype
Tamil Nadu,Ranipet,2021,Rabi,Rice,16452.41,68594.09,4.169,synthetic_prototype
Tamil Nadu,Ranipet,2021,Rabi,Maize,4989.68,20687.1,4.146,synthetic_prototype
Tamil Nadu,Ranipet,2021,Rabi,Wheat,1327.92,3572.4,2.69,synthetic_prototype
Tamil Nadu,Ranipet,2021,Rabi,Mustard,1953.52,2035.34,1.042,synthetic_prototype
Tamil Nadu,Ranipet,2021,Summer,Rice,1456.52,6002.27,4.121,synthetic_prototype
Tamil Nadu,Ranipet,2021,Summer,Maize,1111.04,5015.61,4.514,synthetic_prototype
Tamil Nadu,Ranipet,2021,Summer,Millet,2849.39,5303.6,1.861,synthetic_prototype
Tamil Nadu,Salem,2021,Kharif,Rice,4963.51,22977.75,4.629,synthetic_prototype
Tamil Nadu,Salem,2021,Kharif,Cotton,1235.28,2174.35,1.76,synthetic_prototype
Tamil Nadu,Salem,2021,Kharif,Maize,5599.12,31813.4,5.682,synthetic_prototype
Tamil Nadu,Salem,2021,Kharif,Millet,1304.44,2827.78,2.168,synthetic_prototype
Tamil Nadu,Salem,2021,Rabi,Groundnut,5186.9,8631.34,1.664,synthetic_prototype
Tamil Nadu,Salem,2021,Rabi,Maize,1704.9,8418.37,4.938,synthetic_prototype
Tamil Nadu,Salem,2021,Rabi,Mustard,868.76,1317.26,1.516,synthetic_prototype
Tamil Nadu,Salem,2021,Rabi,Rice,11352.25,43321.69,3.816,synthetic_prototype
Tamil Nadu,Salem,2021,Summer,Maize,2304.45,8480.51,3.68,synthetic_prototype
Tamil Nadu,Salem,2021,Summer,Watermelon,634.14,9492.72,14.969,synthetic_prototype
Tamil Nadu,Salem,2021,Summer,Millet,993.48,2375.56,2.391,synthetic_prototype
Tamil Nadu,Sivaganga,2021,Kharif,Groundnut,1433.98,3126.94,2.181,synthetic_prototype
Tamil Nadu,Sivaganga,2021,Kharif,Millet,2858.01,8113.11,2.839,synthetic_prototype
Tamil Nadu,Sivaganga,2021,Kharif,Maize,1521.76,5971.47,3.924,synthetic_prototype
Tamil Nadu,Sivaganga,2021,Kharif,Cotton,962.92,1858.35,1.93,synthetic_prototype
Tamil Nadu,Sivaganga,2021,Rabi,Rice,1847.78,8914.64,4.825,synthetic_prototype
Tamil Nadu,Sivaganga,2021,Rabi,Groundnut,1985.65,3646.84,1.837,synthetic_prototype
Tamil Nadu,Sivaganga,2021,Rabi,Maize,6049.44,29003.82,4.794,synthetic_prototype
Tamil Nadu,Sivaganga,2021,Rabi,Mustard,947.16,1355.39,1.431,synthetic_prototype
Tamil Nadu,Sivaganga,2021,Summer,Watermelon,1169.03,22624.2,19.353,synthetic_prototype
Tamil Nadu,Sivaganga,2021,Summer,Millet,543.33,1364.61,2.512,synthetic_prototype
Tamil Nadu,Sivaganga,2021,Summer,Groundnut,3082.4,5658.18,1.836,synthetic_prototype
Tamil Nadu,Tenkasi,2021,Kharif,Groundnut,1741.54,3397.57,1.951,synthetic_prototype
Tamil Nadu,Tenkasi,2021,Kharif,Rice,4018.31,13921.01,3.464,synthetic_prototype
Tamil Nadu,Tenkasi,2021,Kharif,Cotton,4015.0,6284.88,1.565,synthetic_prototype
Tamil Nadu,Tenkasi,2021,Kharif,Maize,2624.36,13855.64,5.28,synthetic_prototype
Tamil Nadu,Tenkasi,2021,Rabi,Groundnut,1175.53,2386.77,2.03,synthetic_prototype
Tamil Nadu,Tenkasi,2021,Rabi,Maize,3486.03,15632.64,4.484,synthetic_prototype
Tamil Nadu,Tenkasi,2021,Rabi,Wheat,1044.39,3259.82,3.121,synthetic_prototype
Tamil Nadu,Tenkasi,2021,Rabi,Mustard,575.08,829.21,1.442,synthetic_prototype
Tamil Nadu,Tenkasi,2021,Summer,Maize,3737.99,13517.24,3.616,synthetic_prototype
Tamil Nadu,Tenkasi,2021,Summer,Millet,1488.18,2664.98,1.791,synthetic_prototype
Tamil Nadu,Tenkasi,2021,Summer,Rice,1555.16,6291.27,4.045,synthetic_prototype
Tamil Nadu,Thanjavur,2021,Kharif,Groundnut,2883.44,7069.79,2.452,synthetic_prototype
Tamil Nadu,Thanjavur,2021,Kharif,Cotton,1641.37,3317.94,2.021,synthetic_prototype
Tamil Nadu,Thanjavur,2021,Kharif,Millet,2100.2,5292.4,2.52,synthetic_prototype
Tamil Nadu,Thanjavur,2021,Kharif,Soybean,1458.36,3010.5,2.064,synthetic_prototype
Tamil Nadu,Thanjavur,2021,Rabi,Rice,11259.92,42478.14,3.773,synthetic_prototype
Tamil Nadu,Thanjavur,2021,Rabi,Wheat,859.73,2339.44,2.721,synthetic_prototype
Tamil Nadu,Thanjavur,2021,Rabi,Pulses,1961.67,1709.88,0.872,synthetic_prototype
Tamil Nadu,Thanjavur,2021,Rabi,Mustard,2002.63,2539.05,1.268,synthetic_prototype
Tamil Nadu,Thanjavur,2021,Summer,Millet,892.2,1606.4,1.8,synthetic_prototype
Tamil Nadu,Thanjavur,2021,Summer,Groundnut,895.46,1838.27,2.053,synthetic_prototype
Tamil Nadu,Thanjavur,2021,Summer,Watermelon,1110.11,20766.92,18.707,synthetic_prototype
Tamil Nadu,The Nilgiris,2021,Kharif,Rice,11739.13,38836.97,3.308,synthetic_prototype
Tamil Nadu,The Nilgiris,2021,Kharif,Maize,8228.06,46258.2,5.622,synthetic_prototype
Tamil Nadu,The Nilgiris,2021,Kharif,Soybean,912.06,2031.63,2.228,synthetic_prototype
Tamil Nadu,The Nilgiris,2021,Kharif,Groundnut,2618.06,4672.42,1.785,synthetic_prototype
Tamil Nadu,The Nilgiris,2021,Rabi,Rice,3922.36,17140.54,4.37,synthetic_prototype
Tamil Nadu,The Nilgiris,2021,Rabi,Pulses,1327.16,1516.07,1.142,synthetic_prototype
Tamil Nadu,The Nilgiris,2021,Rabi,Groundnut,4150.97,8024.61,1.933,synthetic_prototype
Tamil Nadu,The Nilgiris,2021,Rabi,Wheat,1759.6,4599.72,2.614,synthetic_prototype
Tamil Nadu,The Nilgiris,2021,Summer,Rice,4249.08,13678.3,3.219,synthetic_prototype
Tamil Nadu,The Nilgiris,2021,Summer,Maize,2229.19,9061.49,4.065,synthetic_prototype
Tamil Nadu,The Nilgiris,2021,Summer,Groundnut,2797.63,5738.25,2.051,synthetic_prototype
Tamil Nadu,Theni,2021,Kharif,Millet,2171.63,4983.54,2.295,synthetic_prototype
Tamil Nadu,Theni,2021,Kharif,Maize,5389.01,27856.08,5.169,synthetic_prototype
Tamil Nadu,Theni,2021,Kharif,Rice,11453.88,38791.52,3.387,synthetic_prototype
Tamil Nadu,Theni,2021,Kharif,Cotton,2180.39,3266.53,1.498,synthetic_prototype
Tamil Nadu,Theni,2021,Rabi,Pulses,3644.45,3547.43,0.973,synthetic_prototype
Tamil Nadu,Theni,2021,Rabi,Wheat,1621.91,5293.59,3.264,synthetic_prototype
Tamil Nadu,Theni,2021,Rabi,Mustard,1115.42,1456.3,1.306,synthetic_prototype
Tamil Nadu,Theni,2021,Rabi,Groundnut,3791.44,7919.29,2.089,synthetic_prototype
Tamil Nadu,Theni,2021,Summer,Rice,1761.85,8169.82,4.637,synthetic_prototype
Tamil Nadu,Theni,2021,Summer,Maize,1632.28,8339.0,5.109,synthetic_prototype
Tamil Nadu,Theni,2021,Summer,Millet,862.48,1640.12,1.902,synthetic_prototype
Tamil Nadu,Thoothukudi,2021,Kharif,Millet,4765.57,13757.96,2.887,synthetic_prototype
Tamil Nadu,Thoothukudi,2021,Kharif,Maize,7058.9,35713.22,5.059,synthetic_prototype
Tamil Nadu,Thoothukudi,2021,Kharif,Cotton,2384.3,4476.39,1.877,synthetic_prototype
Tamil Nadu,Thoothukudi,2021,Kharif,Soybean,1707.38,2768.45,1.621,synthetic_prototype
Tamil Nadu,Thoothukudi,2021,Rabi,Rice,4266.66,19675.86,4.612,synthetic_prototype
Tamil Nadu,Thoothukudi,2021,Rabi,Groundnut,3603.95,6136.14,1.703,synthetic_prototype
Tamil Nadu,Thoothukudi,2021,Rabi,Wheat,465.62,1457.05,3.129,synthetic_prototype
Tamil Nadu,Thoothukudi,2021,Rabi,Mustard,1380.93,2076.01,1.503,synthetic_prototype
Tamil Nadu,Thoothukudi,2021,Summer,Rice,6679.55,21486.17,3.217,synthetic_prototype
Tamil Nadu,Thoothukudi,2021,Summer,Maize,1552.11,5973.16,3.848,synthetic_prototype
Tamil Nadu,Thoothukudi,2021,Summer,Millet,2641.22,6451.86,2.443,synthetic_prototype
Tamil Nadu,Tiruchirappalli,2021,Kharif,Maize,7041.12,31433.76,4.464,synthetic_prototype
Tamil Nadu,Tiruchirappalli,2021,Kharif,Soybean,1269.61,2216.71,1.746,synthetic_prototype
Tamil Nadu,Tiruchirappalli,2021,Kharif,Millet,1663.98,3293.09,1.979,synthetic_prototype
Tamil Nadu,Tiruchirappalli,2021,Kharif,Rice,11488.05,46816.45,4.075,synthetic_prototype
Tamil Nadu,Tiruchirappalli,2021,Rabi,Wheat,687.95,2097.88,3.049,synthetic_prototype
Tamil Nadu,Tiruchirappalli,2021,Rabi,Maize,3279.38,15911.45,4.852,synthetic_prototype
Tamil Nadu,Tiruchirappalli,2021,Rabi,Pulses,1204.45,1439.08,1.195,synthetic_prototype
Tamil Nadu,Tiruchirappalli,2021,Rabi,Rice,3728.66,15157.25,4.065,synthetic_prototype
Tamil Nadu,Tiruchirappalli,2021,Summer,Watermelon,1595.05,26866.14,16.843,synthetic_prototype
Tamil Nadu,Tiruchirappalli,2021,Summer,Millet,3094.42,5942.81,1.92,synthetic_prototype
Tamil Nadu,Tiruchirappalli,2021,Summer,Maize,2985.43,10875.19,3.643,synthetic_prototype
Tamil Nadu,Tirunelveli,2021,Kharif,Cotton,1856.66,3865.35,2.082,synthetic_prototype
Tamil Nadu,Tirunelveli,2021,Kharif,Rice,7570.53,29667.04,3.919,synthetic_prototype
Tamil Nadu,Tirunelveli,2021,Kharif,Maize,6519.98,30835.86,4.729,synthetic_prototype
Tamil Nadu,Tirunelveli,2021,Kharif,Groundnut,1782.76,4340.77,2.435,synthetic_prototype
Tamil Nadu,Tirunelveli,2021,Rabi,Wheat,1256.39,4049.73,3.223,synthetic_prototype
Tamil Nadu,Tirunelveli,2021,Rabi,Rice,5853.28,27586.73,4.713,synthetic_prototype
Tamil Nadu,Tirunelveli,2021,Rabi,Pulses,6029.28,7604.44,1.261,synthetic_prototype
Tamil Nadu,Tirunelveli,2021,Rabi,Maize,4257.96,22042.91,5.177,synthetic_prototype
Tamil Nadu,Tirunelveli,2021,Summer,Maize,4049.86,15580.73,3.847,synthetic_prototype
Tamil Nadu,Tirunelveli,2021,Summer,Watermelon,1088.52,22630.18,20.79,synthetic_prototype
Tamil Nadu,Tirunelveli,2021,Summer,Groundnut,2073.18,3263.3,1.574,synthetic_prototype
Tamil Nadu,Tirupathur,2021,Kharif,Groundnut,8590.78,16205.31,1.886,synthetic_prototype
Tamil Nadu,Tirupathur,2021,Kharif,Soybean,4047.83,7261.11,1.794,synthetic_prototype
Tamil Nadu,Tirupathur,2021,Kharif,Rice,11935.41,47728.82,3.999,synthetic_prototype
Tamil Nadu,Tirupathur,2021,Kharif,Millet,2945.54,7602.33,2.581,synthetic_prototype
Tamil Nadu,Tirupathur,2021,Rabi,Groundnut,6138.42,11180.44,1.821,synthetic_prototype
Tamil Nadu,Tirupathur,2021,Rabi,Pulses,3437.04,3100.19,0.902,synthetic_prototype
Tamil Nadu,Tirupathur,2021,Rabi,Wheat,654.82,1479.11,2.259,synthetic_prototype
Tamil Nadu,Tirupathur,2021,Rabi,Mustard,1615.17,2088.45,1.293,synthetic_prototype
Tamil Nadu,Tirupathur,2021,Summer,Maize,4212.68,15802.36,3.751,synthetic_prototype
Tamil Nadu,Tirupathur,2021,Summer,Rice,4104.54,12839.01,3.128,synthetic_prototype
Tamil Nadu,Tirupathur,2021,Summer,Millet,1053.17,2329.94,2.212,synthetic_prototype
Tamil Nadu,Tiruppur,2021,Kharif,Cotton,6378.91,13213.72,2.071,synthetic_prototype
Tamil Nadu,Tiruppur,2021,Kharif,Soybean,1758.43,3755.35,2.136,synthetic_prototype
Tamil Nadu,Tiruppur,2021,Kharif,Groundnut,3307.25,7664.54,2.317,synthetic_prototype
Tamil Nadu,Tiruppur,2021,Kharif,Millet,4335.23,10216.18,2.357,synthetic_prototype
Tamil Nadu,Tiruppur,2021,Rabi,Mustard,459.74,596.97,1.299,synthetic_prototype
Tamil Nadu,Tiruppur,2021,Rabi,Rice,8602.5,31570.45,3.67,synthetic_prototype
Tamil Nadu,Tiruppur,2021,Rabi,Maize,4198.44,21969.45,5.233,synthetic_prototype
Tamil Nadu,Tiruppur,2021,Rabi,Pulses,1303.72,1455.88,1.117,synthetic_prototype
Tamil Nadu,Tiruppur,2021,Summer,Groundnut,3022.66,6095.31,2.017,synthetic_prototype
Tamil Nadu,Tiruppur,2021,Summer,Watermelon,1323.48,22820.42,17.243,synthetic_prototype
Tamil Nadu,Tiruppur,2021,Summer,Millet,2000.14,4661.58,2.331,synthetic_prototype
Tamil Nadu,Tiruvallur,2021,Kharif,Rice,8423.03,30475.6,3.618,synthetic_prototype
Tamil Nadu,Tiruvallur,2021,Kharif,Soybean,1742.05,3708.85,2.129,synthetic_prototype
Tamil Nadu,Tiruvallur,2021,Kharif,Cotton,1881.04,3896.27,2.071,synthetic_prototype
Tamil Nadu,Tiruvallur,2021,Kharif,Millet,1469.84,3206.95,2.182,synthetic_prototype
Tamil Nadu,Tiruvallur,2021,Rabi,Rice,3849.45,19418.77,5.045,synthetic_prototype
Tamil Nadu,Tiruvallur,2021,Rabi,Pulses,5340.94,5073.98,0.95,synthetic_prototype
Tamil Nadu,Tiruvallur,2021,Rabi,Mustard,1401.16,1846.9,1.318,synthetic_prototype
Tamil Nadu,Tiruvallur,2021,Rabi,Maize,2292.61,8632.56,3.765,synthetic_prototype
Tamil Nadu,Tiruvallur,2021,Summer,Groundnut,824.13,1455.48,1.766,synthetic_prototype
Tamil Nadu,Tiruvallur,2021,Summer,Rice,7966.37,26525.64,3.33,synthetic_prototype
Tamil Nadu,Tiruvallur,2021,Summer,Millet,2429.23,4547.08,1.872,synthetic_prototype
Tamil Nadu,Tiruvannamalai,2021,Kharif,Rice,3331.53,13822.81,4.149,synthetic_prototype
Tamil Nadu,Tiruvannamalai,2021,Kharif,Groundnut,1307.97,2192.01,1.676,synthetic_prototype
Tamil Nadu,Tiruvannamalai,2021,Kharif,Soybean,1003.73,2221.68,2.213,synthetic_prototype
Tamil Nadu,Tiruvannamalai,2021,Kharif,Cotton,4599.29,7788.36,1.693,synthetic_prototype
Tamil Nadu,Tiruvannamalai,2021,Rabi,Rice,4712.33,22657.51,4.808,synthetic_prototype
Tamil Nadu,Tiruvannamalai,2021,Rabi,Wheat,1258.63,3516.2,2.794,synthetic_prototype
Tamil Nadu,Tiruvannamalai,2021,Rabi,Groundnut,4798.29,9141.44,1.905,synthetic_prototype
Tamil Nadu,Tiruvannamalai,2021,Rabi,Mustard,545.86,604.81,1.108,synthetic_prototype
Tamil Nadu,Tiruvannamalai,2021,Summer,Millet,1644.27,4133.89,2.514,synthetic_prototype
Tamil Nadu,Tiruvannamalai,2021,Summer,Maize,777.4,3617.6,4.653,synthetic_prototype
Tamil Nadu,Tiruvannamalai,2021,Summer,Rice,3006.67,13361.82,4.444,synthetic_prototype
Tamil Nadu,Tiruvarur,2021,Kharif,Soybean,2196.86,3719.29,1.693,synthetic_prototype
Tamil Nadu,Tiruvarur,2021,Kharif,Cotton,2622.83,5624.26,2.144,synthetic_prototype
Tamil Nadu,Tiruvarur,2021,Kharif,Millet,3126.45,9067.68,2.9,synthetic_prototype
Tamil Nadu,Tiruvarur,2021,Kharif,Groundnut,3675.12,7280.7,1.981,synthetic_prototype
Tamil Nadu,Tiruvarur,2021,Rabi,Pulses,2891.24,3329.16,1.151,synthetic_prototype
Tamil Nadu,Tiruvarur,2021,Rabi,Mustard,1471.93,1935.07,1.315,synthetic_prototype
Tamil Nadu,Tiruvarur,2021,Rabi,Maize,7032.09,27790.27,3.952,synthetic_prototype
Tamil Nadu,Tiruvarur,2021,Rabi,Groundnut,1367.47,2839.64,2.077,synthetic_prototype
Tamil Nadu,Tiruvarur,2021,Summer,Maize,1344.5,6056.44,4.505,synthetic_prototype
Tamil Nadu,Tiruvarur,2021,Summer,Rice,3679.94,17238.76,4.685,synthetic_prototype
Tamil Nadu,Tiruvarur,2021,Summer,Millet,2662.7,4869.63,1.829,synthetic_prototype
Tamil Nadu,Vellore,2021,Kharif,Maize,5248.78,21439.47,4.085,synthetic_prototype
Tamil Nadu,Vellore,2021,Kharif,Cotton,1722.65,3540.6,2.055,synthetic_prototype
Tamil Nadu,Vellore,2021,Kharif,Soybean,1201.78,2072.09,1.724,synthetic_prototype
Tamil Nadu,Vellore,2021,Kharif,Millet,2223.7,5745.23,2.584,synthetic_prototype
Tamil Nadu,Vellore,2021,Rabi,Groundnut,4868.41,11106.13,2.281,synthetic_prototype
Tamil Nadu,Vellore,2021,Rabi,Maize,6334.2,27417.98,4.329,synthetic_prototype
Tamil Nadu,Vellore,2021,Rabi,Pulses,1051.22,993.1,0.945,synthetic_prototype
Tamil Nadu,Vellore,2021,Rabi,Rice,5894.73,23492.04,3.985,synthetic_prototype
Tamil Nadu,Vellore,2021,Summer,Groundnut,2731.73,4932.2,1.806,synthetic_prototype
Tamil Nadu,Vellore,2021,Summer,Maize,1630.77,6559.88,4.023,synthetic_prototype
Tamil Nadu,Vellore,2021,Summer,Rice,2742.66,11504.98,4.195,synthetic_prototype
Tamil Nadu,Viluppuram,2021,Kharif,Millet,3171.75,7669.76,2.418,synthetic_prototype
Tamil Nadu,Viluppuram,2021,Kharif,Groundnut,1518.76,3614.51,2.38,synthetic_prototype
Tamil Nadu,Viluppuram,2021,Kharif,Soybean,2797.89,5014.7,1.792,synthetic_prototype
Tamil Nadu,Viluppuram,2021,Kharif,Rice,2548.72,8546.64,3.353,synthetic_prototype
Tamil Nadu,Viluppuram,2021,Rabi,Maize,4308.05,22234.69,5.161,synthetic_prototype
Tamil Nadu,Viluppuram,2021,Rabi,Mustard,1142.76,1605.75,1.405,synthetic_prototype
Tamil Nadu,Viluppuram,2021,Rabi,Wheat,435.22,1171.71,2.692,synthetic_prototype
Tamil Nadu,Viluppuram,2021,Rabi,Groundnut,5227.56,8348.09,1.597,synthetic_prototype
Tamil Nadu,Viluppuram,2021,Summer,Rice,4600.56,20172.14,4.385,synthetic_prototype
Tamil Nadu,Viluppuram,2021,Summer,Millet,1552.89,3747.82,2.413,synthetic_prototype
Tamil Nadu,Viluppuram,2021,Summer,Maize,1185.37,6072.27,5.123,synthetic_prototype
Tamil Nadu,Virudhunagar,2021,Kharif,Maize,1399.7,5933.64,4.239,synthetic_prototype
Tamil Nadu,Virudhunagar,2021,Kharif,Millet,3188.05,8926.33,2.8,synthetic_prototype
Tamil Nadu,Virudhunagar,2021,Kharif,Soybean,3363.02,6529.74,1.942,synthetic_prototype
Tamil Nadu,Virudhunagar,2021,Kharif,Cotton,4758.52,8332.62,1.751,synthetic_prototype
Tamil Nadu,Virudhunagar,2021,Rabi,Wheat,511.14,1573.39,3.078,synthetic_prototype
Tamil Nadu,Virudhunagar,2021,Rabi,Pulses,2978.45,2592.43,0.87,synthetic_prototype
Tamil Nadu,Virudhunagar,2021,Rabi,Rice,5839.17,22996.74,3.938,synthetic_prototype
Tamil Nadu,Virudhunagar,2021,Rabi,Maize,7262.5,33828.68,4.658,synthetic_prototype
Tamil Nadu,Virudhunagar,2021,Summer,Watermelon,741.92,11293.28,15.222,synthetic_prototype
Tamil Nadu,Virudhunagar,2021,Summer,Millet,999.83,2545.17,2.546,synthetic_prototype
Tamil Nadu,Virudhunagar,2021,Summer,Maize,2880.74,12792.81,4.441,synthetic_prototype
Tamil Nadu,Ariyalur,2022,Kharif,Millet,797.81,2138.57,2.681,synthetic_prototype
Tamil Nadu,Ariyalur,2022,Kharif,Soybean,3234.1,6996.62,2.163,synthetic_prototype
Tamil Nadu,Ariyalur,2022,Kharif,Rice,8340.54,31713.39,3.802,synthetic_prototype
Tamil Nadu,Ariyalur,2022,Kharif,Cotton,2730.87,5313.08,1.946,synthetic_prototype
Tamil Nadu,Ariyalur,2022,Rabi,Mustard,1196.73,1423.86,1.19,synthetic_prototype
Tamil Nadu,Ariyalur,2022,Rabi,Rice,3031.16,13029.87,4.299,synthetic_prototype
Tamil Nadu,Ariyalur,2022,Rabi,Maize,3462.98,18904.21,5.459,synthetic_prototype
Tamil Nadu,Ariyalur,2022,Rabi,Wheat,900.26,2013.1,2.236,synthetic_prototype
Tamil Nadu,Ariyalur,2022,Summer,Rice,2828.35,11569.55,4.091,synthetic_prototype
Tamil Nadu,Ariyalur,2022,Summer,Millet,2173.69,5392.72,2.481,synthetic_prototype
Tamil Nadu,Ariyalur,2022,Summer,Watermelon,1092.14,22399.43,20.51,synthetic_prototype
Tamil Nadu,Chengalpattu,2022,Kharif,Rice,12051.46,56900.57,4.721,synthetic_prototype
Tamil Nadu,Chengalpattu,2022,Kharif,Maize,4671.39,25377.45,5.433,synthetic_prototype
Tamil Nadu,Chengalpattu,2022,Kharif,Groundnut,3447.62,6293.27,1.825,synthetic_prototype
Tamil Nadu,Chengalpattu,2022,Kharif,Millet,2463.94,5881.4,2.387,synthetic_prototype
Tamil Nadu,Chengalpattu,2022,Rabi,Mustard,1938.96,2252.13,1.162,synthetic_prototype
Tamil Nadu,Chengalpattu,2022,Rabi,Pulses,2569.82,3194.45,1.243,synthetic_prototype
Tamil Nadu,Chengalpattu,2022,Rabi,Rice,7499.17,31177.26,4.157,synthetic_prototype
Tamil Nadu,Chengalpattu,2022,Rabi,Wheat,436.24,1236.75,2.835,synthetic_prototype
Tamil Nadu,Chengalpattu,2022,Summer,Rice,5002.0,20218.79,4.042,synthetic_prototype
Tamil Nadu,Chengalpattu,2022,Summer,Millet,2703.15,6753.83,2.499,synthetic_prototype
Tamil Nadu,Chengalpattu,2022,Summer,Maize,2059.71,7343.78,3.565,synthetic_prototype
Tamil Nadu,Chennai,2022,Kharif,Maize,5184.95,21570.89,4.16,synthetic_prototype
Tamil Nadu,Chennai,2022,Kharif,Groundnut,5005.63,12093.02,2.416,synthetic_prototype
Tamil Nadu,Chennai,2022,Kharif,Millet,1264.74,3050.83,2.412,synthetic_prototype
Tamil Nadu,Chennai,2022,Kharif,Rice,8809.16,30695.45,3.484,synthetic_prototype
Tamil Nadu,Chennai,2022,Rabi,Wheat,1625.85,4346.16,2.673,synthetic_prototype
Tamil Nadu,Chennai,2022,Rabi,Groundnut,3678.51,8167.57,2.22,synthetic_prototype
Tamil Nadu,Chennai,2022,Rabi,Rice,5306.25,19677.6,3.708,synthetic_prototype
Tamil Nadu,Chennai,2022,Rabi,Pulses,2380.53,2442.95,1.026,synthetic_prototype
Tamil Nadu,Chennai,2022,Summer,Rice,3827.87,14697.05,3.839,synthetic_prototype
Tamil Nadu,Chennai,2022,Summer,Watermelon,1753.68,36824.23,20.998,synthetic_prototype
Tamil Nadu,Chennai,2022,Summer,Groundnut,2036.38,4501.2,2.21,synthetic_prototype
Tamil Nadu,Coimbatore,2022,Kharif,Millet,1059.33,3120.96,2.946,synthetic_prototype
Tamil Nadu,Coimbatore,2022,Kharif,Soybean,819.69,1787.64,2.181,synthetic_prototype
Tamil Nadu,Coimbatore,2022,Kharif,Groundnut,4873.19,11738.79,2.409,synthetic_prototype
Tamil Nadu,Coimbatore,2022,Kharif,Rice,3562.78,16045.92,4.504,synthetic_prototype
Tamil Nadu,Coimbatore,2022,Rabi,Rice,11751.84,60055.59,5.11,synthetic_prototype
Tamil Nadu,Coimbatore,2022,Rabi,Groundnut,3781.57,7006.58,1.853,synthetic_prototype
Tamil Nadu,Coimbatore,2022,Rabi,Wheat,2051.2,5925.04,2.889,synthetic_prototype
Tamil Nadu,Coimbatore,2022,Rabi,Maize,2051.45,10074.38,4.911,synthetic_prototype
Tamil Nadu,Coimbatore,2022,Summer,Rice,6096.03,23171.28,3.801,synthetic_prototype
Tamil Nadu,Coimbatore,2022,Summer,Maize,1312.68,4649.56,3.542,synthetic_prototype
Tamil Nadu,Coimbatore,2022,Summer,Groundnut,1647.8,3390.27,2.057,synthetic_prototype
Tamil Nadu,Cuddalore,2022,Kharif,Soybean,1816.53,3360.75,1.85,synthetic_prototype
Tamil Nadu,Cuddalore,2022,Kharif,Cotton,2991.79,6493.03,2.17,synthetic_prototype
Tamil Nadu,Cuddalore,2022,Kharif,Rice,7835.35,36834.36,4.701,synthetic_prototype
Tamil Nadu,Cuddalore,2022,Kharif,Groundnut,2677.51,5567.02,2.079,synthetic_prototype
Tamil Nadu,Cuddalore,2022,Rabi,Pulses,1492.91,1908.93,1.279,synthetic_prototype
Tamil Nadu,Cuddalore,2022,Rabi,Groundnut,3159.49,5007.55,1.585,synthetic_prototype
Tamil Nadu,Cuddalore,2022,Rabi,Wheat,824.26,2504.39,3.038,synthetic_prototype
Tamil Nadu,Cuddalore,2022,Rabi,Maize,5193.56,28337.62,5.456,synthetic_prototype
Tamil Nadu,Cuddalore,2022,Summer,Rice,2908.03,12480.22,4.292,synthetic_prototype
Tamil Nadu,Cuddalore,2022,Summer,Groundnut,2688.05,5085.71,1.892,synthetic_prototype
Tamil Nadu,Cuddalore,2022,Summer,Watermelon,609.15,11190.09,18.37,synthetic_prototype
Tamil Nadu,Dharmapuri,2022,Kharif,Soybean,2328.73,3795.74,1.63,synthetic_prototype
Tamil Nadu,Dharmapuri,2022,Kharif,Maize,7897.44,38173.22,4.834,synthetic_prototype
Tamil Nadu,Dharmapuri,2022,Kharif,Millet,2567.05,6564.4,2.557,synthetic_prototype
Tamil Nadu,Dharmapuri,2022,Kharif,Rice,8523.35,32025.39,3.757,synthetic_prototype
Tamil Nadu,Dharmapuri,2022,Rabi,Rice,9516.04,36602.48,3.846,synthetic_prototype
Tamil Nadu,Dharmapuri,2022,Rabi,Wheat,1267.92,3448.25,2.72,synthetic_prototype
Tamil Nadu,Dharmapuri,2022,Rabi,Maize,7172.46,33694.28,4.698,synthetic_prototype
Tamil Nadu,Dharmapuri,2022,Rabi,Pulses,3572.23,3156.48,0.884,synthetic_prototype
Tamil Nadu,Dharmapuri,2022,Summer,Watermelon,464.81,7570.54,16.287,synthetic_prototype
Tamil Nadu,Dharmapuri,2022,Summer,Millet,1462.68,2931.2,2.004,synthetic_prototype
Tamil Nadu,Dharmapuri,2022,Summer,Rice,2785.17,8928.79,3.206,synthetic_prototype
Tamil Nadu,Dindigul,2022,Kharif,Groundnut,5507.1,12884.68,2.34,synthetic_prototype
Tamil Nadu,Dindigul,2022,Kharif,Millet,2579.45,5985.52,2.32,synthetic_prototype
Tamil Nadu,Dindigul,2022,Kharif,Rice,13019.92,55606.35,4.271,synthetic_prototype
Tamil Nadu,Dindigul,2022,Kharif,Cotton,4641.09,9692.72,2.088,synthetic_prototype
Tamil Nadu,Dindigul,2022,Rabi,Maize,6643.37,26517.72,3.992,synthetic_prototype
Tamil Nadu,Dindigul,2022,Rabi,Mustard,1569.68,2116.71,1.349,synthetic_prototype
Tamil Nadu,Dindigul,2022,Rabi,Rice,8622.93,44475.32,5.158,synthetic_prototype
Tamil Nadu,Dindigul,2022,Rabi,Wheat,788.6,2330.31,2.955,synthetic_prototype
Tamil Nadu,Dindigul,2022,Summer,Maize,4477.99,20027.33,4.472,synthetic_prototype
Tamil Nadu,Dindigul,2022,Summer,Rice,6041.47,24458.89,4.048,synthetic_prototype
Tamil Nadu,Dindigul,2022,Summer,Millet,932.93,1778.34,1.906,synthetic_prototype
Tamil Nadu,Erode,2022,Kharif,Maize,7538.14,30068.72,3.989,synthetic_prototype
Tamil Nadu,Erode,2022,Kharif,Cotton,4555.81,10133.91,2.224,synthetic_prototype
Tamil Nadu,Erode,2022,Kharif,Groundnut,2490.94,5849.77,2.348,synthetic_prototype
Tamil Nadu,Erode,2022,Kharif,Rice,14198.17,49128.26,3.46,synthetic_prototype
Tamil Nadu,Erode,2022,Rabi,Groundnut,4396.68,8131.67,1.85,synthetic_prototype
Tamil Nadu,Erode,2022,Rabi,Rice,3500.09,15735.08,4.496,synthetic_prototype
Tamil Nadu,Erode,2022,Rabi,Wheat,904.15,2981.26,3.297,synthetic_prototype
Tamil Nadu,Erode,2022,Rabi,Maize,4431.65,17966.69,4.054,synthetic_prototype
Tamil Nadu,Erode,2022,Summer,Millet,1815.32,4673.57,2.575,synthetic_prototype
Tamil Nadu,Erode,2022,Summer,Groundnut,1397.09,2410.73,1.726,synthetic_prototype
Tamil Nadu,Erode,2022,Summer,Watermelon,423.24,8710.15,20.58,synthetic_prototype
Tamil Nadu,Kallakurichi,2022,Kharif,Maize,3991.97,17641.74,4.419,synthetic_prototype
Tamil Nadu,Kallakurichi,2022,Kharif,Soybean,2299.14,5359.7,2.331,synthetic_prototype
Tamil Nadu,Kallakurichi,2022,Kharif,Millet,2100.02,5297.25,2.522,synthetic_prototype
Tamil Nadu,Kallakurichi,2022,Kharif,Rice,3125.34,13661.68,4.371,synthetic_prototype
Tamil Nadu,Kallakurichi,2022,Rabi,Wheat,976.41,2251.58,2.306,synthetic_prototype
Tamil Nadu,Kallakurichi,2022,Rabi,Pulses,3225.77,4161.92,1.29,synthetic_prototype
Tamil Nadu,Kallakurichi,2022,Rabi,Groundnut,3847.07,8459.36,2.199,synthetic_prototype
Tamil Nadu,Kallakurichi,2022,Rabi,Mustard,1636.23,2447.48,1.496,synthetic_prototype
Tamil Nadu,Kallakurichi,2022,Summer,Groundnut,3883.49,7736.41,1.992,synthetic_prototype
Tamil Nadu,Kallakurichi,2022,Summer,Maize,1265.91,6431.68,5.081,synthetic_prototype
Tamil Nadu,Kallakurichi,2022,Summer,Millet,1187.45,2766.88,2.33,synthetic_prototype
Tamil Nadu,Kanchipuram,2022,Kharif,Millet,4946.0,11242.41,2.273,synthetic_prototype
Tamil Nadu,Kanchipuram,2022,Kharif,Cotton,2693.19,4326.93,1.607,synthetic_prototype
Tamil Nadu,Kanchipuram,2022,Kharif,Rice,9600.79,38755.21,4.037,synthetic_prototype
Tamil Nadu,Kanchipuram,2022,Kharif,Soybean,3300.69,6048.15,1.832,synthetic_prototype
Tamil Nadu,Kanchipuram,2022,Rabi,Rice,6469.32,26710.53,4.129,synthetic_prototype
Tamil Nadu,Kanchipuram,2022,Rabi,Wheat,1068.09,2752.02,2.577,synthetic_prototype
Tamil Nadu,Kanchipuram,2022,Rabi,Groundnut,5073.25,11717.95,2.31,synthetic_prototype
Tamil Nadu,Kanchipuram,2022,Rabi,Pulses,2848.03,2488.05,0.874,synthetic_prototype
Tamil Nadu,Kanchipuram,2022,Summer,Rice,5955.2,26239.66,4.406,synthetic_prototype
Tamil Nadu,Kanchipuram,2022,Summer,Millet,1897.75,3351.02,1.766,synthetic_prototype
Tamil Nadu,Kanchipuram,2022,Summer,Groundnut,3668.14,7360.26,2.007,synthetic_prototype
Tamil Nadu,Kanniyakumari,2022,Kharif,Millet,6327.68,18653.94,2.948,synthetic_prototype
Tamil Nadu,Kanniyakumari,2022,Kharif,Rice,4836.82,17606.1,3.64,synthetic_prototype
Tamil Nadu,Kanniyakumari,2022,Kharif,Maize,2408.61,13128.45,5.451,synthetic_prototype
Tamil Nadu,Kanniyakumari,2022,Kharif,Soybean,3309.8,5733.15,1.732,synthetic_prototype
Tamil Nadu,Kanniyakumari,2022,Rabi,Mustard,2151.35,2755.27,1.281,synthetic_prototype
Tamil Nadu,Kanniyakumari,2022,Rabi,Groundnut,5473.85,8683.94,1.586,synthetic_prototype
Tamil Nadu,Kanniyakumari,2022,Rabi,Rice,15781.64,59245.97,3.754,synthetic_prototype
Tamil Nadu,Kanniyakumari,2022,Rabi,Wheat,1034.28,2484.09,2.402,synthetic_prototype
Tamil Nadu,Kanniyakumari,2022,Summer,Watermelon,1339.71,27957.33,20.868,synthetic_prototype
Tamil Nadu,Kanniyakumari,2022,Summer,Groundnut,4237.76,8683.49,2.049,synthetic_prototype
Tamil Nadu,Kanniyakumari,2022,Summer,Rice,3582.57,11457.59,3.198,synthetic_prototype
Tamil Nadu,Karur,2022,Kharif,Rice,2330.62,10340.77,4.437,synthetic_prototype
Tamil Nadu,Karur,2022,Kharif,Maize,6101.41,28006.97,4.59,synthetic_prototype
Tamil Nadu,Karur,2022,Kharif,Cotton,3982.86,6345.31,1.593,synthetic_prototype
Tamil Nadu,Karur,2022,Kharif,Groundnut,3357.44,7014.11,2.089,synthetic_prototype
Tamil Nadu,Karur,2022,Rabi,Groundnut,2660.47,5029.68,1.891,synthetic_prototype
Tamil Nadu,Karur,2022,Rabi,Maize,3339.98,17418.26,5.215,synthetic_prototype
Tamil Nadu,Karur,2022,Rabi,Pulses,3423.7,4003.0,1.169,synthetic_prototype
Tamil Nadu,Karur,2022,Rabi,Mustard,2335.35,2635.83,1.129,synthetic_prototype
Tamil Nadu,Karur,2022,Summer,Maize,773.04,2720.75,3.52,synthetic_prototype
Tamil Nadu,Karur,2022,Summer,Watermelon,1466.85,29639.55,20.206,synthetic_prototype
Tamil Nadu,Karur,2022,Summer,Rice,1981.4,9267.57,4.677,synthetic_prototype
Tamil Nadu,Krishnagiri,2022,Kharif,Millet,3917.45,9981.6,2.548,synthetic_prototype
Tamil Nadu,Krishnagiri,2022,Kharif,Cotton,930.25,1420.31,1.527,synthetic_prototype
Tamil Nadu,Krishnagiri,2022,Kharif,Soybean,1545.89,2523.2,1.632,synthetic_prototype
Tamil Nadu,Krishnagiri,2022,Kharif,Maize,2745.39,13247.13,4.825,synthetic_prototype
Tamil Nadu,Krishnagiri,2022,Rabi,Wheat,1392.45,3536.07,2.539,synthetic_prototype
Tamil Nadu,Krishnagiri,2022,Rabi,Mustard,841.43,1189.65,1.414,synthetic_prototype
Tamil Nadu,Krishnagiri,2022,Rabi,Rice,4337.0,20514.23,4.73,synthetic_prototype
Tamil Nadu,Krishnagiri,2022,Rabi,Groundnut,828.25,1829.85,2.209,synthetic_prototype
Tamil Nadu,Krishnagiri,2022,Summer,Groundnut,1504.72,2477.21,1.646,synthetic_prototype
Tamil Nadu,Krishnagiri,2022,Summer,Watermelon,436.41,6418.52,14.708,synthetic_prototype
Tamil Nadu,Krishnagiri,2022,Summer,Maize,2645.84,11838.82,4.475,synthetic_prototype
Tamil Nadu,Madurai,2022,Kharif,Rice,8097.21,29378.96,3.628,synthetic_prototype
Tamil Nadu,Madurai,2022,Kharif,Cotton,1134.02,1811.75,1.598,synthetic_prototype
Tamil Nadu,Madurai,2022,Kharif,Maize,5261.75,27570.38,5.24,synthetic_prototype
Tamil Nadu,Madurai,2022,Kharif,Groundnut,2968.36,6260.12,2.109,synthetic_prototype
Tamil Nadu,Madurai,2022,Rabi,Rice,5970.48,26732.5,4.477,synthetic_prototype
Tamil Nadu,Madurai,2022,Rabi,Maize,3896.12,16191.54,4.156,synthetic_prototype
Tamil Nadu,Madurai,2022,Rabi,Pulses,3815.16,3407.62,0.893,synthetic_prototype
Tamil Nadu,Madurai,2022,Rabi,Groundnut,2929.22,6113.55,2.087,synthetic_prototype
Tamil Nadu,Madurai,2022,Summer,Groundnut,2453.66,5493.92,2.239,synthetic_prototype
Tamil Nadu,Madurai,2022,Summer,Watermelon,971.51,17819.3,18.342,synthetic_prototype
Tamil Nadu,Madurai,2022,Summer,Millet,2679.92,5635.63,2.103,synthetic_prototype
Tamil Nadu,Mayiladuthurai,2022,Kharif,Groundnut,1682.38,3103.88,1.845,synthetic_prototype
Tamil Nadu,Mayiladuthurai,2022,Kharif,Soybean,1292.42,2287.22,1.77,synthetic_prototype
Tamil Nadu,Mayiladuthurai,2022,Kharif,Millet,4748.92,10939.32,2.304,synthetic_prototype
Tamil Nadu,Mayiladuthurai,2022,Kharif,Cotton,3627.1,5948.82,1.64,synthetic_prototype
Tamil Nadu,Mayiladuthurai,2022,Rabi,Pulses,747.74,744.57,0.996,synthetic_prototype
Tamil Nadu,Mayiladuthurai,2022,Rabi,Wheat,707.76,2165.91,3.06,synthetic_prototype
Tamil Nadu,Mayiladuthurai,2022,Rabi,Groundnut,844.13,1466.4,1.737,synthetic_prototype
Tamil Nadu,Mayiladuthurai,2022,Rabi,Mustard,915.64,1278.99,1.397,synthetic_prototype
Tamil Nadu,Mayiladuthurai,2022,Summer,Watermelon,404.09,8366.8,20.705,synthetic_prototype
Tamil Nadu,Mayiladuthurai,2022,Summer,Millet,640.82,1325.43,2.068,synthetic_prototype
Tamil Nadu,Mayiladuthurai,2022,Summer,Rice,3916.94,18180.1,4.641,synthetic_prototype
Tamil Nadu,Nagapattinam,2022,Kharif,Rice,12541.53,61974.13,4.942,synthetic_prototype
Tamil Nadu,Nagapattinam,2022,Kharif,Soybean,3910.61,8896.95,2.275,synthetic_prototype
Tamil Nadu,Nagapattinam,2022,Kharif,Millet,928.03,2681.14,2.889,synthetic_prototype
Tamil Nadu,Nagapattinam,2022,Kharif,Maize,5981.68,28109.77,4.699,synthetic_prototype
Tamil Nadu,Nagapattinam,2022,Rabi,Wheat,2188.8,6266.61,2.863,synthetic_prototype
Tamil Nadu,Nagapattinam,2022,Rabi,Rice,9673.59,36962.88,3.821,synthetic_prototype
Tamil Nadu,Nagapattinam,2022,Rabi,Pulses,1915.02,1898.16,0.991,synthetic_prototype
Tamil Nadu,Nagapattinam,2022,Rabi,Groundnut,1540.7,3146.81,2.042,synthetic_prototype
Tamil Nadu,Nagapattinam,2022,Summer,Millet,2673.83,6078.91,2.273,synthetic_prototype
Tamil Nadu,Nagapattinam,2022,Summer,Rice,1852.39,8440.46,4.557,synthetic_prototype
Tamil Nadu,Nagapattinam,2022,Summer,Groundnut,2469.34,4670.47,1.891,synthetic_prototype
Tamil Nadu,Namakkal,2022,Kharif,Rice,11268.68,42427.43,3.765,synthetic_prototype
Tamil Nadu,Namakkal,2022,Kharif,Soybean,2151.32,4393.82,2.042,synthetic_prototype
Tamil Nadu,Namakkal,2022,Kharif,Cotton,991.69,1640.44,1.654,synthetic_prototype
Tamil Nadu,Namakkal,2022,Kharif,Millet,4501.63,10256.19,2.278,synthetic_prototype
Tamil Nadu,Namakkal,2022,Rabi,Rice,6597.61,24452.29,3.706,synthetic_prototype
Tamil Nadu,Namakkal,2022,Rabi,Maize,3761.34,18052.76,4.8,synthetic_prototype
Tamil Nadu,Namakkal,2022,Rabi,Mustard,1479.21,1843.74,1.246,synthetic_prototype
Tamil Nadu,Namakkal,2022,Rabi,Wheat,1155.44,3585.75,3.103,synthetic_prototype
Tamil Nadu,Namakkal,2022,Summer,Watermelon,515.9,9708.18,18.818,synthetic_prototype
Tamil Nadu,Namakkal,2022,Summer,Rice,2393.89,10757.17,4.494,synthetic_prototype
Tamil Nadu,Namakkal,2022,Summer,Maize,2869.71,13901.72,4.844,synthetic_prototype
Tamil Nadu,Perambalur,2022,Kharif,Groundnut,1221.03,2226.0,1.823,synthetic_prototype
Tamil Nadu,Perambalur,2022,Kharif,Soybean,1476.51,3285.86,2.225,synthetic_prototype
Tamil Nadu,Perambalur,2022,Kharif,Cotton,3958.72,8042.58,2.032,synthetic_prototype
Tamil Nadu,Perambalur,2022,Kharif,Millet,6927.69,18838.84,2.719,synthetic_prototype
Tamil Nadu,Perambalur,2022,Rabi,Groundnut,2246.72,5321.82,2.369,synthetic_prototype
Tamil Nadu,Perambalur,2022,Rabi,Wheat,2465.23,7523.08,3.052,synthetic_prototype
Tamil Nadu,Perambalur,2022,Rabi,Rice,2855.36,15179.44,5.316,synthetic_prototype
Tamil Nadu,Perambalur,2022,Rabi,Maize,8611.51,35630.91,4.138,synthetic_prototype
Tamil Nadu,Perambalur,2022,Summer,Groundnut,2697.18,5654.35,2.096,synthetic_prototype
Tamil Nadu,Perambalur,2022,Summer,Millet,1151.87,2774.22,2.408,synthetic_prototype
Tamil Nadu,Perambalur,2022,Summer,Rice,4229.58,16380.81,3.873,synthetic_prototype
Tamil Nadu,Pudukkottai,2022,Kharif,Maize,4677.15,23103.28,4.94,synthetic_prototype
Tamil Nadu,Pudukkottai,2022,Kharif,Cotton,4161.38,6953.99,1.671,synthetic_prototype
Tamil Nadu,Pudukkottai,2022,Kharif,Soybean,2226.9,4862.98,2.184,synthetic_prototype
Tamil Nadu,Pudukkottai,2022,Kharif,Groundnut,4894.32,10507.94,2.147,synthetic_prototype
Tamil Nadu,Pudukkottai,2022,Rabi,Maize,5897.37,31917.3,5.412,synthetic_prototype
Tamil Nadu,Pudukkottai,2022,Rabi,Groundnut,3822.91,7195.47,1.882,synthetic_prototype
Tamil Nadu,Pudukkottai,2022,Rabi,Mustard,1958.76,2401.54,1.226,synthetic_prototype
Tamil Nadu,Pudukkottai,2022,Rabi,Wheat,1198.86,3929.33,3.278,synthetic_prototype
Tamil Nadu,Pudukkottai,2022,Summer,Maize,2918.6,14344.63,4.915,synthetic_prototype
Tamil Nadu,Pudukkottai,2022,Summer,Millet,1633.9,3123.85,1.912,synthetic_prototype
Tamil Nadu,Pudukkottai,2022,Summer,Watermelon,1647.01,25844.67,15.692,synthetic_prototype
Tamil Nadu,Ramanathapuram,2022,Kharif,Soybean,1413.44,2599.42,1.839,synthetic_prototype
Tamil Nadu,Ramanathapuram,2022,Kharif,Cotton,5666.68,12720.73,2.245,synthetic_prototype
Tamil Nadu,Ramanathapuram,2022,Kharif,Maize,2827.91,15328.54,5.42,synthetic_prototype
Tamil Nadu,Ramanathapuram,2022,Kharif,Rice,9952.47,36449.97,3.662,synthetic_prototype
Tamil Nadu,Ramanathapuram,2022,Rabi,Rice,4669.56,19185.63,4.109,synthetic_prototype
Tamil Nadu,Ramanathapuram,2022,Rabi,Mustard,1084.47,1370.02,1.263,synthetic_prototype
Tamil Nadu,Ramanathapuram,2022,Rabi,Pulses,2323.11,2469.95,1.063,synthetic_prototype
Tamil Nadu,Ramanathapuram,2022,Rabi,Groundnut,5822.8,10340.72,1.776,synthetic_prototype
Tamil Nadu,Ramanathapuram,2022,Summer,Rice,5138.81,18585.71,3.617,synthetic_prototype
Tamil Nadu,Ramanathapuram,2022,Summer,Millet,2867.49,6732.19,2.348,synthetic_prototype
Tamil Nadu,Ramanathapuram,2022,Summer,Maize,3360.23,15268.01,4.544,synthetic_prototype
Tamil Nadu,Ranipet,2022,Kharif,Groundnut,5181.81,9389.88,1.812,synthetic_prototype
Tamil Nadu,Ranipet,2022,Kharif,Millet,3711.29,10801.12,2.91,synthetic_prototype
Tamil Nadu,Ranipet,2022,Kharif,Rice,7766.03,29309.82,3.774,synthetic_prototype
Tamil Nadu,Ranipet,2022,Kharif,Soybean,2456.12,5661.46,2.305,synthetic_prototype
Tamil Nadu,Ranipet,2022,Rabi,Maize,6567.18,25679.84,3.91,synthetic_prototype
Tamil Nadu,Ranipet,2022,Rabi,Rice,10738.56,46806.64,4.359,synthetic_prototype
Tamil Nadu,Ranipet,2022,Rabi,Pulses,2165.57,2317.92,1.07,synthetic_prototype
Tamil Nadu,Ranipet,2022,Rabi,Groundnut,1671.17,3632.11,2.173,synthetic_prototype
Tamil Nadu,Ranipet,2022,Summer,Rice,6064.8,19277.41,3.179,synthetic_prototype
Tamil Nadu,Ranipet,2022,Summer,Maize,1769.15,7158.97,4.047,synthetic_prototype
Tamil Nadu,Ranipet,2022,Summer,Millet,2652.09,4769.01,1.798,synthetic_prototype
Tamil Nadu,Salem,2022,Kharif,Groundnut,8022.48,14451.82,1.801,synthetic_prototype
Tamil Nadu,Salem,2022,Kharif,Soybean,690.76,1252.55,1.813,synthetic_prototype
Tamil Nadu,Salem,2022,Kharif,Rice,10237.27,35302.81,3.448,synthetic_prototype
Tamil Nadu,Salem,2022,Kharif,Cotton,6032.04,9753.92,1.617,synthetic_prototype
Tamil Nadu,Salem,2022,Rabi,Groundnut,6384.42,12323.23,1.93,synthetic_prototype
Tamil Nadu,Salem,2022,Rabi,Rice,3684.28,16530.18,4.487,synthetic_prototype
Tamil Nadu,Salem,2022,Rabi,Mustard,2266.79,2448.89,1.08,synthetic_prototype
Tamil Nadu,Salem,2022,Rabi,Pulses,4169.84,4709.8,1.129,synthetic_prototype
Tamil Nadu,Salem,2022,Summer,Maize,2247.96,8175.08,3.637,synthetic_prototype
Tamil Nadu,Salem,2022,Summer,Groundnut,2691.94,4724.07,1.755,synthetic_prototype
Tamil Nadu,Salem,2022,Summer,Millet,1323.43,2555.07,1.931,synthetic_prototype
Tamil Nadu,Sivaganga,2022,Kharif,Groundnut,3864.78,7449.89,1.928,synthetic_prototype
Tamil Nadu,Sivaganga,2022,Kharif,Cotton,3513.3,7740.96,2.203,synthetic_prototype
Tamil Nadu,Sivaganga,2022,Kharif,Soybean,1392.84,2457.66,1.764,synthetic_prototype
Tamil Nadu,Sivaganga,2022,Kharif,Millet,1011.66,2014.02,1.991,synthetic_prototype
Tamil Nadu,Sivaganga,2022,Rabi,Pulses,1742.02,2131.84,1.224,synthetic_prototype
Tamil Nadu,Sivaganga,2022,Rabi,Groundnut,3177.06,5191.38,1.634,synthetic_prototype
Tamil Nadu,Sivaganga,2022,Rabi,Wheat,571.74,1644.22,2.876,synthetic_prototype
Tamil Nadu,Sivaganga,2022,Rabi,Rice,8215.75,37055.87,4.51,synthetic_prototype
Tamil Nadu,Sivaganga,2022,Summer,Groundnut,2361.94,4782.0,2.025,synthetic_prototype
Tamil Nadu,Sivaganga,2022,Summer,Rice,4739.9,20183.58,4.258,synthetic_prototype
Tamil Nadu,Sivaganga,2022,Summer,Watermelon,710.19,14569.84,20.515,synthetic_prototype
Tamil Nadu,Tenkasi,2022,Kharif,Soybean,2092.6,3940.41,1.883,synthetic_prototype
Tamil Nadu,Tenkasi,2022,Kharif,Millet,2782.29,7112.69,2.556,synthetic_prototype
Tamil Nadu,Tenkasi,2022,Kharif,Maize,6449.75,33344.6,5.17,synthetic_prototype
Tamil Nadu,Tenkasi,2022,Kharif,Rice,10392.5,47228.67,4.544,synthetic_prototype
Tamil Nadu,Tenkasi,2022,Rabi,Mustard,936.89,1035.68,1.105,synthetic_prototype
Tamil Nadu,Tenkasi,2022,Rabi,Maize,1750.5,9505.31,5.43,synthetic_prototype
Tamil Nadu,Tenkasi,2022,Rabi,Groundnut,4074.79,8822.35,2.165,synthetic_prototype
Tamil Nadu,Tenkasi,2022,Rabi,Rice,4418.01,20770.76,4.701,synthetic_prototype
Tamil Nadu,Tenkasi,2022,Summer,Millet,1733.42,4118.73,2.376,synthetic_prototype
Tamil Nadu,Tenkasi,2022,Summer,Maize,1519.66,5427.91,3.572,synthetic_prototype
Tamil Nadu,Tenkasi,2022,Summer,Groundnut,3396.67,7145.09,2.104,synthetic_prototype
Tamil Nadu,Thanjavur,2022,Kharif,Rice,4819.93,16517.57,3.427,synthetic_prototype
Tamil Nadu,Thanjavur,2022,Kharif,Millet,3374.46,6841.66,2.027,synthetic_prototype
Tamil Nadu,Thanjavur,2022,Kharif,Groundnut,7375.41,13010.56,1.764,synthetic_prototype
Tamil Nadu,Thanjavur,2022,Kharif,Cotton,1665.19,3495.04,2.099,synthetic_prototype
Tamil Nadu,Thanjavur,2022,Rabi,Groundnut,2471.46,4385.33,1.774,synthetic_prototype
Tamil Nadu,Thanjavur,2022,Rabi,Maize,1946.6,8263.12,4.245,synthetic_prototype
Tamil Nadu,Thanjavur,2022,Rabi,Pulses,2543.49,2512.01,0.988,synthetic_prototype
Tamil Nadu,Thanjavur,2022,Rabi,Rice,7356.61,38889.94,5.286,synthetic_prototype
Tamil Nadu,Thanjavur,2022,Summer,Groundnut,1688.65,3467.81,2.054,synthetic_prototype
Tamil Nadu,Thanjavur,2022,Summer,Maize,3670.0,17827.64,4.858,synthetic_prototype
Tamil Nadu,Thanjavur,2022,Summer,Rice,1068.03,4818.62,4.512,synthetic_prototype
Tamil Nadu,The Nilgiris,2022,Kharif,Cotton,2031.64,3743.01,1.842,synthetic_prototype
Tamil Nadu,The Nilgiris,2022,Kharif,Rice,7149.0,24586.05,3.439,synthetic_prototype
Tamil Nadu,The Nilgiris,2022,Kharif,Soybean,964.73,1643.02,1.703,synthetic_prototype
Tamil Nadu,The Nilgiris,2022,Kharif,Maize,2166.83,10707.16,4.941,synthetic_prototype
Tamil Nadu,The Nilgiris,2022,Rabi,Rice,13831.74,58375.5,4.22,synthetic_prototype
Tamil Nadu,The Nilgiris,2022,Rabi,Pulses,2816.53,3169.13,1.125,synthetic_prototype
Tamil Nadu,The Nilgiris,2022,Rabi,Wheat,790.89,2556.9,3.233,synthetic_prototype
Tamil Nadu,The Nilgiris,2022,Rabi,Groundnut,2733.15,4740.15,1.734,synthetic_prototype
Tamil Nadu,The Nilgiris,2022,Summer,Rice,3510.25,14918.45,4.25,synthetic_prototype
Tamil Nadu,The Nilgiris,2022,Summer,Maize,3316.22,16875.77,5.089,synthetic_prototype
Tamil Nadu,The Nilgiris,2022,Summer,Millet,1865.07,3299.09,1.769,synthetic_prototype
Tamil Nadu,Theni,2022,Kharif,Millet,4059.94,9014.88,2.22,synthetic_prototype
Tamil Nadu,Theni,2022,Kharif,Soybean,2357.45,4027.45,1.708,synthetic_prototype
Tamil Nadu,Theni,2022,Kharif,Cotton,1185.18,2413.14,2.036,synthetic_prototype
Tamil Nadu,Theni,2022,Kharif,Maize,4735.62,27830.83,5.877,synthetic_prototype
Tamil Nadu,Theni,2022,Rabi,Maize,5337.31,22823.58,4.276,synthetic_prototype
Tamil Nadu,Theni,2022,Rabi,Mustard,2470.65,3024.53,1.224,synthetic_prototype
Tamil Nadu,Theni,2022,Rabi,Groundnut,2281.98,5188.11,2.274,synthetic_prototype
Tamil Nadu,Theni,2022,Rabi,Wheat,1276.81,3724.57,2.917,synthetic_prototype
Tamil Nadu,Theni,2022,Summer,Millet,2526.31,5069.69,2.007,synthetic_prototype
Tamil Nadu,Theni,2022,Summer,Rice,7001.71,22154.06,3.164,synthetic_prototype
Tamil Nadu,Theni,2022,Summer,Watermelon,465.83,8367.08,17.962,synthetic_prototype
Tamil Nadu,Thoothukudi,2022,Kharif,Maize,4832.43,20988.64,4.343,synthetic_prototype
Tamil Nadu,Thoothukudi,2022,Kharif,Millet,2073.5,5020.46,2.421,synthetic_prototype
Tamil Nadu,Thoothukudi,2022,Kharif,Rice,10495.74,35870.03,3.418,synthetic_prototype
Tamil Nadu,Thoothukudi,2022,Kharif,Cotton,2107.58,3575.52,1.697,synthetic_prototype
Tamil Nadu,Thoothukudi,2022,Rabi,Wheat,420.26,988.08,2.351,synthetic_prototype
Tamil Nadu,Thoothukudi,2022,Rabi,Pulses,867.62,842.89,0.972,synthetic_prototype
Tamil Nadu,Thoothukudi,2022,Rabi,Maize,4861.15,18144.43,3.733,synthetic_prototype
Tamil Nadu,Thoothukudi,2022,Rabi,Rice,6336.29,30034.1,4.74,synthetic_prototype
Tamil Nadu,Thoothukudi,2022,Summer,Maize,2218.13,11424.84,5.151,synthetic_prototype
Tamil Nadu,Thoothukudi,2022,Summer,Groundnut,1398.32,2894.68,2.07,synthetic_prototype
Tamil Nadu,Thoothukudi,2022,Summer,Watermelon,1097.96,20946.59,19.078,synthetic_prototype
Tamil Nadu,Tiruchirappalli,2022,Kharif,Rice,5930.47,23191.9,3.911,synthetic_prototype
Tamil Nadu,Tiruchirappalli,2022,Kharif,Millet,1954.91,4745.42,2.427,synthetic_prototype
Tamil Nadu,Tiruchirappalli,2022,Kharif,Cotton,5047.31,10945.18,2.169,synthetic_prototype
Tamil Nadu,Tiruchirappalli,2022,Kharif,Maize,2971.9,16848.17,5.669,synthetic_prototype
Tamil Nadu,Tiruchirappalli,2022,Rabi,Rice,8625.43,30726.92,3.562,synthetic_prototype
Tamil Nadu,Tiruchirappalli,2022,Rabi,Groundnut,5167.47,9484.65,1.835,synthetic_prototype
Tamil Nadu,Tiruchirappalli,2022,Rabi,Pulses,4193.23,5413.23,1.291,synthetic_prototype
Tamil Nadu,Tiruchirappalli,2022,Rabi,Mustard,2168.5,2488.38,1.148,synthetic_prototype
Tamil Nadu,Tiruchirappalli,2022,Summer,Maize,2653.17,13570.62,5.115,synthetic_prototype
Tamil Nadu,Tiruchirappalli,2022,Summer,Rice,4058.41,17318.74,4.267,synthetic_prototype
Tamil Nadu,Tiruchirappalli,2022,Summer,Groundnut,934.03,1828.53,1.958,synthetic_prototype
Tamil Nadu,Tirunelveli,2022,Kharif,Groundnut,5479.28,12155.38,2.218,synthetic_prototype
Tamil Nadu,Tirunelveli,2022,Kharif,Millet,4248.88,9101.25,2.142,synthetic_prototype
Tamil Nadu,Tirunelveli,2022,Kharif,Cotton,2727.95,5454.06,1.999,synthetic_prototype
Tamil Nadu,Tirunelveli,2022,Kharif,Rice,5268.35,24076.14,4.57,synthetic_prototype
Tamil Nadu,Tirunelveli,2022,Rabi,Maize,3123.86,16842.3,5.391,synthetic_prototype
Tamil Nadu,Tirunelveli,2022,Rabi,Groundnut,4343.06,7749.88,1.784,synthetic_prototype
Tamil Nadu,Tirunelveli,2022,Rabi,Wheat,1575.07,3700.38,2.349,synthetic_prototype
Tamil Nadu,Tirunelveli,2022,Rabi,Pulses,1548.44,1834.58,1.185,synthetic_prototype
Tamil Nadu,Tirunelveli,2022,Summer,Maize,3156.36,14914.77,4.725,synthetic_prototype
Tamil Nadu,Tirunelveli,2022,Summer,Watermelon,1393.34,26187.65,18.795,synthetic_prototype
Tamil Nadu,Tirunelveli,2022,Summer,Millet,2398.84,5857.43,2.442,synthetic_prototype
Tamil Nadu,Tirupathur,2022,Kharif,Millet,1403.5,3594.5,2.561,synthetic_prototype
Tamil Nadu,Tirupathur,2022,Kharif,Cotton,2559.28,4944.25,1.932,synthetic_prototype
Tamil Nadu,Tirupathur,2022,Kharif,Soybean,1034.81,1946.8,1.881,synthetic_prototype
Tamil Nadu,Tirupathur,2022,Kharif,Rice,11580.47,49785.43,4.299,synthetic_prototype
Tamil Nadu,Tirupathur,2022,Rabi,Rice,14291.83,54043.49,3.781,synthetic_prototype
Tamil Nadu,Tirupathur,2022,Rabi,Maize,6189.8,24219.79,3.913,synthetic_prototype
Tamil Nadu,Tirupathur,2022,Rabi,Mustard,658.48,783.48,1.19,synthetic_prototype
Tamil Nadu,Tirupathur,2022,Rabi,Pulses,4120.03,3974.19,0.965,synthetic_prototype
Tamil Nadu,Tirupathur,2022,Summer,Rice,2307.14,10216.68,4.428,synthetic_prototype
Tamil Nadu,Tirupathur,2022,Summer,Millet,2592.21,5203.72,2.007,synthetic_prototype
Tamil Nadu,Tirupathur,2022,Summer,Groundnut,3044.62,6851.23,2.25,synthetic_prototype
Tamil Nadu,Tiruppur,2022,Kharif,Maize,6591.55,30956.42,4.696,synthetic_prototype
Tamil Nadu,Tiruppur,2022,Kharif,Rice,15098.41,70869.47,4.694,synthetic_prototype
Tamil Nadu,Tiruppur,2022,Kharif,Groundnut,3014.13,7030.22,2.332,synthetic_prototype
Tamil Nadu,Tiruppur,2022,Kharif,Cotton,3896.76,8384.26,2.152,synthetic_prototype
Tamil Nadu,Tiruppur,2022,Rabi,Maize,8501.74,36911.15,4.342,synthetic_prototype
Tamil Nadu,Tiruppur,2022,Rabi,Rice,13353.06,65487.68,4.904,synthetic_prototype
Tamil Nadu,Tiruppur,2022,Rabi,Mustard,1449.47,1700.14,1.173,synthetic_prototype
Tamil Nadu,Tiruppur,2022,Rabi,Pulses,3548.66,4406.27,1.242,synthetic_prototype
Tamil Nadu,Tiruppur,2022,Summer,Groundnut,3254.84,6855.58,2.106,synthetic_prototype
Tamil Nadu,Tiruppur,2022,Summer,Maize,4877.26,20842.27,4.273,synthetic_prototype
Tamil Nadu,Tiruppur,2022,Summer,Millet,906.43,2124.64,2.344,synthetic_prototype
Tamil Nadu,Tiruvallur,2022,Kharif,Cotton,4058.12,8306.43,2.047,synthetic_prototype
Tamil Nadu,Tiruvallur,2022,Kharif,Soybean,2895.74,6840.03,2.362,synthetic_prototype
Tamil Nadu,Tiruvallur,2022,Kharif,Rice,6722.61,27082.82,4.029,synthetic_prototype
Tamil Nadu,Tiruvallur,2022,Kharif,Millet,6656.15,13784.2,2.071,synthetic_prototype
Tamil Nadu,Tiruvallur,2022,Rabi,Maize,7186.17,35064.53,4.879,synthetic_prototype
Tamil Nadu,Tiruvallur,2022,Rabi,Pulses,2254.84,2196.54,0.974,synthetic_prototype
Tamil Nadu,Tiruvallur,2022,Rabi,Mustard,1858.52,2821.1,1.518,synthetic_prototype
Tamil Nadu,Tiruvallur,2022,Rabi,Rice,10087.18,48288.2,4.787,synthetic_prototype
Tamil Nadu,Tiruvallur,2022,Summer,Millet,1560.63,3212.16,2.058,synthetic_prototype
Tamil Nadu,Tiruvallur,2022,Summer,Maize,1212.14,5246.7,4.328,synthetic_prototype
Tamil Nadu,Tiruvallur,2022,Summer,Groundnut,2972.93,4516.03,1.519,synthetic_prototype
Tamil Nadu,Tiruvannamalai,2022,Kharif,Groundnut,3904.98,8050.82,2.062,synthetic_prototype
Tamil Nadu,Tiruvannamalai,2022,Kharif,Rice,8303.24,35439.5,4.268,synthetic_prototype
Tamil Nadu,Tiruvannamalai,2022,Kharif,Maize,1573.49,9044.34,5.748,synthetic_prototype
Tamil Nadu,Tiruvannamalai,2022,Kharif,Cotton,3353.69,7083.41,2.112,synthetic_prototype
Tamil Nadu,Tiruvannamalai,2022,Rabi,Wheat,1199.54,3528.9,2.942,synthetic_prototype
Tamil Nadu,Tiruvannamalai,2022,Rabi,Maize,2082.3,10424.42,5.006,synthetic_prototype
Tamil Nadu,Tiruvannamalai,2022,Rabi,Mustard,397.74,472.91,1.189,synthetic_prototype
Tamil Nadu,Tiruvannamalai,2022,Rabi,Pulses,880.24,1015.05,1.153,synthetic_prototype
Tamil Nadu,Tiruvannamalai,2022,Summer,Maize,3553.08,14602.98,4.11,synthetic_prototype
Tamil Nadu,Tiruvannamalai,2022,Summer,Watermelon,876.46,18362.97,20.951,synthetic_prototype
Tamil Nadu,Tiruvannamalai,2022,Summer,Millet,432.29,1107.34,2.562,synthetic_prototype
Tamil Nadu,Tiruvarur,2022,Kharif,Soybean,2234.69,5274.2,2.36,synthetic_prototype
Tamil Nadu,Tiruvarur,2022,Kharif,Maize,3689.09,16108.92,4.367,synthetic_prototype
Tamil Nadu,Tiruvarur,2022,Kharif,Rice,4056.19,15061.56,3.713,synthetic_prototype
Tamil Nadu,Tiruvarur,2022,Kharif,Cotton,1457.95,3101.01,2.127,synthetic_prototype
Tamil Nadu,Tiruvarur,2022,Rabi,Rice,5037.29,21697.19,4.307,synthetic_prototype
Tamil Nadu,Tiruvarur,2022,Rabi,Groundnut,2756.0,5772.1,2.094,synthetic_prototype
Tamil Nadu,Tiruvarur,2022,Rabi,Maize,2025.24,11077.43,5.47,synthetic_prototype
Tamil Nadu,Tiruvarur,2022,Rabi,Mustard,1887.86,2078.74,1.101,synthetic_prototype
Tamil Nadu,Tiruvarur,2022,Summer,Watermelon,1644.73,25653.57,15.597,synthetic_prototype
Tamil Nadu,Tiruvarur,2022,Summer,Millet,1344.84,3297.91,2.452,synthetic_prototype
Tamil Nadu,Tiruvarur,2022,Summer,Groundnut,1918.59,3102.39,1.617,synthetic_prototype
Tamil Nadu,Vellore,2022,Kharif,Maize,1666.55,6948.41,4.169,synthetic_prototype
Tamil Nadu,Vellore,2022,Kharif,Millet,2331.38,6081.39,2.608,synthetic_prototype
Tamil Nadu,Vellore,2022,Kharif,Groundnut,2635.49,4972.16,1.887,synthetic_prototype
Tamil Nadu,Vellore,2022,Kharif,Rice,10079.2,33624.74,3.336,synthetic_prototype
Tamil Nadu,Vellore,2022,Rabi,Pulses,1570.79,1575.03,1.003,synthetic_prototype
Tamil Nadu,Vellore,2022,Rabi,Maize,5563.38,26133.39,4.697,synthetic_prototype
Tamil Nadu,Vellore,2022,Rabi,Rice,10140.06,46012.18,4.538,synthetic_prototype
Tamil Nadu,Vellore,2022,Rabi,Mustard,1787.83,1993.87,1.115,synthetic_prototype
Tamil Nadu,Vellore,2022,Summer,Rice,2638.95,8382.94,3.177,synthetic_prototype
Tamil Nadu,Vellore,2022,Summer,Groundnut,1539.64,2458.27,1.597,synthetic_prototype
Tamil Nadu,Vellore,2022,Summer,Millet,1467.48,2619.23,1.785,synthetic_prototype
Tamil Nadu,Viluppuram,2022,Kharif,Rice,8744.32,43342.9,4.957,synthetic_prototype
Tamil Nadu,Viluppuram,2022,Kharif,Cotton,4523.11,7729.4,1.709,synthetic_prototype
Tamil Nadu,Viluppuram,2022,Kharif,Millet,3168.43,9019.91,2.847,synthetic_prototype
Tamil Nadu,Viluppuram,2022,Kharif,Maize,6257.84,35339.61,5.647,synthetic_prototype
Tamil Nadu,Viluppuram,2022,Rabi,Wheat,423.64,981.46,2.317,synthetic_prototype
Tamil Nadu,Viluppuram,2022,Rabi,Pulses,2336.64,2321.93,0.994,synthetic_prototype
Tamil Nadu,Viluppuram,2022,Rabi,Rice,12806.62,45794.15,3.576,synthetic_prototype
Tamil Nadu,Viluppuram,2022,Rabi,Mustard,2361.1,3557.16,1.507,synthetic_prototype
Tamil Nadu,Viluppuram,2022,Summer,Groundnut,1757.54,3841.5,2.186,synthetic_prototype
Tamil Nadu,Viluppuram,2022,Summer,Rice,5163.19,22058.48,4.272,synthetic_prototype
Tamil Nadu,Viluppuram,2022,Summer,Millet,1893.6,4509.39,2.381,synthetic_prototype
Tamil Nadu,Virudhunagar,2022,Kharif,Cotton,5951.5,12878.94,2.164,synthetic_prototype
Tamil Nadu,Virudhunagar,2022,Kharif,Maize,4515.5,18515.56,4.1,synthetic_prototype
Tamil Nadu,Virudhunagar,2022,Kharif,Groundnut,5743.49,14073.42,2.45,synthetic_prototype
Tamil Nadu,Virudhunagar,2022,Kharif,Rice,7129.57,28085.33,3.939,synthetic_prototype
Tamil Nadu,Virudhunagar,2022,Rabi,Groundnut,2283.87,4088.26,1.79,synthetic_prototype
Tamil Nadu,Virudhunagar,2022,Rabi,Mustard,505.3,621.39,1.23,synthetic_prototype
Tamil Nadu,Virudhunagar,2022,Rabi,Pulses,5348.24,6879.95,1.286,synthetic_prototype
Tamil Nadu,Virudhunagar,2022,Rabi,Wheat,1493.82,4852.25,3.248,synthetic_prototype
Tamil Nadu,Virudhunagar,2022,Summer,Groundnut,660.15,1139.28,1.726,synthetic_prototype
Tamil Nadu,Virudhunagar,2022,Summer,Maize,1117.83,5291.78,4.734,synthetic_prototype
Tamil Nadu,Virudhunagar,2022,Summer,Rice,2362.2,9077.04,3.843,synthetic_prototype
Tamil Nadu,Ariyalur,2023,Kharif,Groundnut,3915.58,9108.95,2.326,synthetic_prototype
Tamil Nadu,Ariyalur,2023,Kharif,Millet,1616.46,3837.98,2.374,synthetic_prototype
Tamil Nadu,Ariyalur,2023,Kharif,Cotton,2700.77,5206.23,1.928,synthetic_prototype
Tamil Nadu,Ariyalur,2023,Kharif,Soybean,1448.36,3077.81,2.125,synthetic_prototype
Tamil Nadu,Ariyalur,2023,Rabi,Rice,2441.74,11907.39,4.877,synthetic_prototype
Tamil Nadu,Ariyalur,2023,Rabi,Maize,1545.0,6197.51,4.011,synthetic_prototype
Tamil Nadu,Ariyalur,2023,Rabi,Mustard,983.08,1038.56,1.056,synthetic_prototype
Tamil Nadu,Ariyalur,2023,Rabi,Pulses,3556.45,4631.45,1.302,synthetic_prototype
Tamil Nadu,Ariyalur,2023,Summer,Watermelon,1055.78,20633.27,19.543,synthetic_prototype
Tamil Nadu,Ariyalur,2023,Summer,Millet,1249.7,3169.18,2.536,synthetic_prototype
Tamil Nadu,Ariyalur,2023,Summer,Maize,2623.93,13129.61,5.004,synthetic_prototype
Tamil Nadu,Chengalpattu,2023,Kharif,Millet,1139.61,2294.78,2.014,synthetic_prototype
Tamil Nadu,Chengalpattu,2023,Kharif,Groundnut,3349.87,7962.85,2.377,synthetic_prototype
Tamil Nadu,Chengalpattu,2023,Kharif,Soybean,1666.2,2676.61,1.606,synthetic_prototype
Tamil Nadu,Chengalpattu,2023,Kharif,Rice,6519.85,22811.6,3.499,synthetic_prototype
Tamil Nadu,Chengalpattu,2023,Rabi,Mustard,945.35,1407.97,1.489,synthetic_prototype
Tamil Nadu,Chengalpattu,2023,Rabi,Rice,9439.78,47926.65,5.077,synthetic_prototype
Tamil Nadu,Chengalpattu,2023,Rabi,Maize,2478.46,13092.98,5.283,synthetic_prototype
Tamil Nadu,Chengalpattu,2023,Rabi,Pulses,3155.55,3028.45,0.96,synthetic_prototype
Tamil Nadu,Chengalpattu,2023,Summer,Watermelon,348.0,7492.73,21.531,synthetic_prototype
Tamil Nadu,Chengalpattu,2023,Summer,Groundnut,2655.15,5279.81,1.989,synthetic_prototype
Tamil Nadu,Chengalpattu,2023,Summer,Rice,1089.11,4194.89,3.852,synthetic_prototype
Tamil Nadu,Chennai,2023,Kharif,Rice,7650.34,33980.58,4.442,synthetic_prototype
Tamil Nadu,Chennai,2023,Kharif,Soybean,1194.46,2179.23,1.824,synthetic_prototype
Tamil Nadu,Chennai,2023,Kharif,Cotton,2298.77,4052.91,1.763,synthetic_prototype
Tamil Nadu,Chennai,2023,Kharif,Millet,749.89,1538.87,2.052,synthetic_prototype
Tamil Nadu,Chennai,2023,Rabi,Rice,4986.41,21818.69,4.376,synthetic_prototype
Tamil Nadu,Chennai,2023,Rabi,Pulses,1675.49,1720.87,1.027,synthetic_prototype
Tamil Nadu,Chennai,2023,Rabi,Groundnut,1469.62,3154.36,2.146,synthetic_prototype
Tamil Nadu,Chennai,2023,Rabi,Wheat,1267.19,3350.26,2.644,synthetic_prototype
Tamil Nadu,Chennai,2023,Summer,Watermelon,536.44,11151.46,20.788,synthetic_prototype
Tamil Nadu,Chennai,2023,Summer,Maize,1336.22,4986.55,3.732,synthetic_prototype
Tamil Nadu,Chennai,2023,Summer,Rice,4521.19,19201.33,4.247,synthetic_prototype
Tamil Nadu,Coimbatore,2023,Kharif,Millet,5017.06,11546.65,2.301,synthetic_prototype
Tamil Nadu,Coimbatore,2023,Kharif,Groundnut,4041.59,8601.27,2.128,synthetic_prototype
Tamil Nadu,Coimbatore,2023,Kharif,Rice,3568.11,14495.8,4.063,synthetic_prototype
Tamil Nadu,Coimbatore,2023,Kharif,Cotton,4932.65,10344.31,2.097,synthetic_prototype
Tamil Nadu,Coimbatore,2023,Rabi,Groundnut,3940.12,7624.93,1.935,synthetic_prototype
Tamil Nadu,Coimbatore,2023,Rabi,Rice,11133.98,40520.74,3.639,synthetic_prototype
Tamil Nadu,Coimbatore,2023,Rabi,Wheat,1469.62,3504.17,2.384,synthetic_prototype
Tamil Nadu,Coimbatore,2023,Rabi,Mustard,552.45,802.76,1.453,synthetic_prototype
Tamil Nadu,Coimbatore,2023,Summer,Groundnut,1184.92,2147.02,1.812,synthetic_prototype
Tamil Nadu,Coimbatore,2023,Summer,Rice,4585.09,16664.02,3.634,synthetic_prototype
Tamil Nadu,Coimbatore,2023,Summer,Millet,782.52,1527.22,1.952,synthetic_prototype
Tamil Nadu,Cuddalore,2023,Kharif,Millet,1856.2,5027.05,2.708,synthetic_prototype
Tamil Nadu,Cuddalore,2023,Kharif,Maize,4536.19,18558.57,4.091,synthetic_prototype
Tamil Nadu,Cuddalore,2023,Kharif,Groundnut,1867.5,3369.79,1.804,synthetic_prototype
Tamil Nadu,Cuddalore,2023,Kharif,Cotton,6180.9,10665.34,1.726,synthetic_prototype
Tamil Nadu,Cuddalore,2023,Rabi,Groundnut,874.39,1822.33,2.084,synthetic_prototype
Tamil Nadu,Cuddalore,2023,Rabi,Mustard,921.39,1296.25,1.407,synthetic_prototype
Tamil Nadu,Cuddalore,2023,Rabi,Maize,5008.47,22676.77,4.528,synthetic_prototype
Tamil Nadu,Cuddalore,2023,Rabi,Pulses,2921.84,2644.83,0.905,synthetic_prototype
Tamil Nadu,Cuddalore,2023,Summer,Watermelon,704.27,12866.48,18.269,synthetic_prototype
Tamil Nadu,Cuddalore,2023,Summer,Maize,4736.5,23179.02,4.894,synthetic_prototype
Tamil Nadu,Cuddalore,2023,Summer,Millet,902.95,1892.71,2.096,synthetic_prototype
Tamil Nadu,Dharmapuri,2023,Kharif,Millet,1986.62,5224.4,2.63,synthetic_prototype
Tamil Nadu,Dharmapuri,2023,Kharif,Rice,12288.47,50497.91,4.109,synthetic_prototype
Tamil Nadu,Dharmapuri,2023,Kharif,Cotton,4383.03,7156.32,1.633,synthetic_prototype
Tamil Nadu,Dharmapuri,2023,Kharif,Maize,5107.29,25121.66,4.919,synthetic_prototype
Tamil Nadu,Dharmapuri,2023,Rabi,Pulses,2636.08,2508.72,0.952,synthetic_prototype
Tamil Nadu,Dharmapuri,2023,Rabi,Rice,4031.85,18925.83,4.694,synthetic_prototype
Tamil Nadu,Dharmapuri,2023,Rabi,Maize,1468.93,6200.46,4.221,synthetic_prototype
Tamil Nadu,Dharmapuri,2023,Rabi,Groundnut,6678.7,11221.47,1.68,synthetic_prototype
Tamil Nadu,Dharmapuri,2023,Summer,Watermelon,1121.24,16313.07,14.549,synthetic_prototype
Tamil Nadu,Dharmapuri,2023,Summer,Rice,6158.0,26055.55,4.231,synthetic_prototype
Tamil Nadu,Dharmapuri,2023,Summer,Groundnut,701.01,1110.07,1.584,synthetic_prototype
Tamil Nadu,Dindigul,2023,Kharif,Soybean,2597.4,5927.72,2.282,synthetic_prototype
Tamil Nadu,Dindigul,2023,Kharif,Groundnut,1401.32,3248.43,2.318,synthetic_prototype
Tamil Nadu,Dindigul,2023,Kharif,Cotton,6386.71,11199.82,1.754,synthetic_prototype
Tamil Nadu,Dindigul,2023,Kharif,Rice,7702.73,32914.71,4.273,synthetic_prototype
Tamil Nadu,Dindigul,2023,Rabi,Wheat,530.86,1493.28,2.813,synthetic_prototype
Tamil Nadu,Dindigul,2023,Rabi,Mustard,1801.66,2728.31,1.514,synthetic_prototype
Tamil Nadu,Dindigul,2023,Rabi,Groundnut,1089.99,1872.5,1.718,synthetic_prototype
Tamil Nadu,Dindigul,2023,Rabi,Rice,8176.5,42372.11,5.182,synthetic_prototype
Tamil Nadu,Dindigul,2023,Summer,Groundnut,3025.58,6798.22,2.247,synthetic_prototype
Tamil Nadu,Dindigul,2023,Summer,Millet,1016.01,2086.56,2.054,synthetic_prototype
Tamil Nadu,Dindigul,2023,Summer,Maize,2691.12,9874.41,3.669,synthetic_prototype
Tamil Nadu,Erode,2023,Kharif,Groundnut,4691.84,10560.03,2.251,synthetic_prototype
Tamil Nadu,Erode,2023,Kharif,Cotton,1982.95,3468.55,1.749,synthetic_prototype
Tamil Nadu,Erode,2023,Kharif,Soybean,2886.89,4859.03,1.683,synthetic_prototype
Tamil Nadu,Erode,2023,Kharif,Maize,9484.32,55632.81,5.866,synthetic_prototype
Tamil Nadu,Erode,2023,Rabi,Wheat,964.59,2939.96,3.048,synthetic_prototype
Tamil Nadu,Erode,2023,Rabi,Maize,6422.85,24962.74,3.887,synthetic_prototype
Tamil Nadu,Erode,2023,Rabi,Groundnut,4998.16,9110.55,1.823,synthetic_prototype
Tamil Nadu,Erode,2023,Rabi,Pulses,1656.55,1590.33,0.96,synthetic_prototype
Tamil Nadu,Erode,2023,Summer,Rice,3949.69,15254.92,3.862,synthetic_prototype
Tamil Nadu,Erode,2023,Summer,Millet,2399.18,5916.11,2.466,synthetic_prototype
Tamil Nadu,Erode,2023,Summer,Maize,2968.63,12637.0,4.257,synthetic_prototype
Tamil Nadu,Kallakurichi,2023,Kharif,Maize,5134.63,24870.53,4.844,synthetic_prototype
Tamil Nadu,Kallakurichi,2023,Kharif,Rice,11767.33,54331.13,4.617,synthetic_prototype
Tamil Nadu,Kallakurichi,2023,Kharif,Groundnut,4945.45,8320.27,1.682,synthetic_prototype
Tamil Nadu,Kallakurichi,2023,Kharif,Soybean,2853.44,5840.14,2.047,synthetic_prototype
Tamil Nadu,Kallakurichi,2023,Rabi,Groundnut,6701.82,15114.0,2.255,synthetic_prototype
Tamil Nadu,Kallakurichi,2023,Rabi,Maize,2901.61,15564.9,5.364,synthetic_prototype
Tamil Nadu,Kallakurichi,2023,Rabi,Mustard,3184.05,3712.92,1.166,synthetic_prototype
Tamil Nadu,Kallakurichi,2023,Rabi,Pulses,3607.74,3393.56,0.941,synthetic_prototype
Tamil Nadu,Kallakurichi,2023,Summer,Millet,2360.03,4265.97,1.808,synthetic_prototype
Tamil Nadu,Kallakurichi,2023,Summer,Rice,1980.44,7848.34,3.963,synthetic_prototype
Tamil Nadu,Kallakurichi,2023,Summer,Groundnut,2115.85,3452.3,1.632,synthetic_prototype
Tamil Nadu,Kanchipuram,2023,Kharif,Cotton,4960.82,8104.92,1.634,synthetic_prototype
Tamil Nadu,Kanchipuram,2023,Kharif,Groundnut,2824.35,6519.75,2.308,synthetic_prototype
Tamil Nadu,Kanchipuram,2023,Kharif,Millet,4126.66,9951.54,2.412,synthetic_prototype
Tamil Nadu,Kanchipuram,2023,Kharif,Soybean,2091.66,4510.03,2.156,synthetic_prototype
Tamil Nadu,Kanchipuram,2023,Rabi,Groundnut,3751.55,6483.73,1.728,synthetic_prototype
Tamil Nadu,Kanchipuram,2023,Rabi,Mustard,1386.4,2125.47,1.533,synthetic_prototype
Tamil Nadu,Kanchipuram,2023,Rabi,Pulses,3405.92,3383.93,0.994,synthetic_prototype
Tamil Nadu,Kanchipuram,2023,Rabi,Wheat,1439.53,3591.04,2.495,synthetic_prototype
Tamil Nadu,Kanchipuram,2023,Summer,Watermelon,1601.82,25509.7,15.925,synthetic_prototype
Tamil Nadu,Kanchipuram,2023,Summer,Millet,1998.71,3840.82,1.922,synthetic_prototype
Tamil Nadu,Kanchipuram,2023,Summer,Rice,5916.83,26902.28,4.547,synthetic_prototype
Tamil Nadu,Kanniyakumari,2023,Kharif,Rice,12374.72,58280.12,4.71,synthetic_prototype
Tamil Nadu,Kanniyakumari,2023,Kharif,Groundnut,4824.17,8543.87,1.771,synthetic_prototype
Tamil Nadu,Kanniyakumari,2023,Kharif,Maize,2854.3,16250.14,5.693,synthetic_prototype
Tamil Nadu,Kanniyakumari,2023,Kharif,Millet,1054.51,2680.12,2.542,synthetic_prototype
Tamil Nadu,Kanniyakumari,2023,Rabi,Maize,5914.43,22598.15,3.821,synthetic_prototype
Tamil Nadu,Kanniyakumari,2023,Rabi,Groundnut,3340.67,6854.51,2.052,synthetic_prototype
Tamil Nadu,Kanniyakumari,2023,Rabi,Pulses,4228.94,3806.46,0.9,synthetic_prototype
Tamil Nadu,Kanniyakumari,2023,Rabi,Mustard,1586.49,1656.95,1.044,synthetic_prototype
Tamil Nadu,Kanniyakumari,2023,Summer,Watermelon,876.2,14862.15,16.962,synthetic_prototype
Tamil Nadu,Kanniyakumari,2023,Summer,Rice,2358.89,8798.91,3.73,synthetic_prototype
Tamil Nadu,Kanniyakumari,2023,Summer,Maize,4755.05,20940.43,4.404,synthetic_prototype
Tamil Nadu,Karur,2023,Kharif,Groundnut,1904.35,3940.12,2.069,synthetic_prototype
Tamil Nadu,Karur,2023,Kharif,Millet,3168.7,8613.99,2.718,synthetic_prototype
Tamil Nadu,Karur,2023,Kharif,Soybean,2931.72,6225.14,2.123,synthetic_prototype
Tamil Nadu,Karur,2023,Kharif,Cotton,3218.53,7249.38,2.252,synthetic_prototype
Tamil Nadu,Karur,2023,Rabi,Groundnut,2005.5,4582.09,2.285,synthetic_prototype
Tamil Nadu,Karur,2023,Rabi,Rice,6717.3,33542.93,4.994,synthetic_prototype
Tamil Nadu,Karur,2023,Rabi,Wheat,750.34,2193.71,2.924,synthetic_prototype
Tamil Nadu,Karur,2023,Rabi,Maize,1288.87,6367.31,4.94,synthetic_prototype
Tamil Nadu,Karur,2023,Summer,Maize,2648.26,13365.39,5.047,synthetic_prototype
Tamil Nadu,Karur,2023,Summer,Groundnut,2809.66,5336.03,1.899,synthetic_prototype
Tamil Nadu,Karur,2023,Summer,Millet,1129.76,2282.26,2.02,synthetic_prototype
Tamil Nadu,Krishnagiri,2023,Kharif,Cotton,1251.21,2339.97,1.87,synthetic_prototype
Tamil Nadu,Krishnagiri,2023,Kharif,Soybean,3581.54,7917.05,2.211,synthetic_prototype
Tamil Nadu,Krishnagiri,2023,Kharif,Maize,5042.95,29650.85,5.88,synthetic_prototype
Tamil Nadu,Krishnagiri,2023,Kharif,Millet,4457.4,10534.95,2.363,synthetic_prototype
Tamil Nadu,Krishnagiri,2023,Rabi,Wheat,1002.78,2947.77,2.94,synthetic_prototype
Tamil Nadu,Krishnagiri,2023,Rabi,Rice,3829.98,16636.46,4.344,synthetic_prototype
Tamil Nadu,Krishnagiri,2023,Rabi,Mustard,1389.78,2161.73,1.555,synthetic_prototype
Tamil Nadu,Krishnagiri,2023,Rabi,Pulses,1111.87,1006.36,0.905,synthetic_prototype
Tamil Nadu,Krishnagiri,2023,Summer,Millet,898.32,1896.68,2.111,synthetic_prototype
Tamil Nadu,Krishnagiri,2023,Summer,Groundnut,712.92,1334.11,1.871,synthetic_prototype
Tamil Nadu,Krishnagiri,2023,Summer,Watermelon,398.54,7582.6,19.026,synthetic_prototype
Tamil Nadu,Madurai,2023,Kharif,Maize,8857.8,49040.64,5.536,synthetic_prototype
Tamil Nadu,Madurai,2023,Kharif,Groundnut,1874.92,3649.58,1.947,synthetic_prototype
Tamil Nadu,Madurai,2023,Kharif,Soybean,3015.52,6519.04,2.162,synthetic_prototype
Tamil Nadu,Madurai,2023,Kharif,Millet,2390.87,4873.28,2.038,synthetic_prototype
Tamil Nadu,Madurai,2023,Rabi,Pulses,1473.98,1686.93,1.144,synthetic_prototype
Tamil Nadu,Madurai,2023,Rabi,Rice,6881.66,29251.79,4.251,synthetic_prototype
Tamil Nadu,Madurai,2023,Rabi,Maize,3502.97,13527.31,3.862,synthetic_prototype
Tamil Nadu,Madurai,2023,Rabi,Mustard,2385.63,3329.17,1.396,synthetic_prototype
Tamil Nadu,Madurai,2023,Summer,Maize,819.79,3470.09,4.233,synthetic_prototype
Tamil Nadu,Madurai,2023,Summer,Rice,2676.36,12295.37,4.594,synthetic_prototype
Tamil Nadu,Madurai,2023,Summer,Watermelon,1048.49,17056.83,16.268,synthetic_prototype
Tamil Nadu,Mayiladuthurai,2023,Kharif,Millet,1386.45,3353.96,2.419,synthetic_prototype
Tamil Nadu,Mayiladuthurai,2023,Kharif,Groundnut,3920.08,7114.87,1.815,synthetic_prototype
Tamil Nadu,Mayiladuthurai,2023,Kharif,Maize,5720.46,30809.26,5.386,synthetic_prototype
Tamil Nadu,Mayiladuthurai,2023,Kharif,Cotton,2012.62,4256.97,2.115,synthetic_prototype
Tamil Nadu,Mayiladuthurai,2023,Rabi,Mustard,1290.99,1972.98,1.528,synthetic_prototype
Tamil Nadu,Mayiladuthurai,2023,Rabi,Groundnut,4771.3,8842.22,1.853,synthetic_prototype
Tamil Nadu,Mayiladuthurai,2023,Rabi,Maize,2129.8,8598.57,4.037,synthetic_prototype
Tamil Nadu,Mayiladuthurai,2023,Rabi,Rice,8451.69,45182.36,5.346,synthetic_prototype
Tamil Nadu,Mayiladuthurai,2023,Summer,Maize,4928.41,24783.92,5.029,synthetic_prototype
Tamil Nadu,Mayiladuthurai,2023,Summer,Rice,4415.14,18214.22,4.125,synthetic_prototype
Tamil Nadu,Mayiladuthurai,2023,Summer,Millet,698.69,1345.08,1.925,synthetic_prototype
Tamil Nadu,Nagapattinam,2023,Kharif,Rice,4494.99,16546.73,3.681,synthetic_prototype
Tamil Nadu,Nagapattinam,2023,Kharif,Cotton,5075.01,9142.1,1.801,synthetic_prototype
Tamil Nadu,Nagapattinam,2023,Kharif,Groundnut,2803.29,5432.36,1.938,synthetic_prototype
Tamil Nadu,Nagapattinam,2023,Kharif,Maize,5877.79,29378.75,4.998,synthetic_prototype
Tamil Nadu,Nagapattinam,2023,Rabi,Rice,10134.01,54250.64,5.353,synthetic_prototype
Tamil Nadu,Nagapattinam,2023,Rabi,Maize,4008.4,18529.2,4.623,synthetic_prototype
Tamil Nadu,Nagapattinam,2023,Rabi,Wheat,1033.89,2504.27,2.422,synthetic_prototype
Tamil Nadu,Nagapattinam,2023,Rabi,Pulses,2254.37,2638.13,1.17,synthetic_prototype
Tamil Nadu,Nagapattinam,2023,Summer,Maize,4858.97,17991.36,3.703,synthetic_prototype
Tamil Nadu,Nagapattinam,2023,Summer,Rice,4618.13,17816.98,3.858,synthetic_prototype
Tamil Nadu,Nagapattinam,2023,Summer,Millet,1895.83,4883.58,2.576,synthetic_prototype
Tamil Nadu,Namakkal,2023,Kharif,Millet,4020.67,11164.92,2.777,synthetic_prototype
Tamil Nadu,Namakkal,2023,Kharif,Maize,4542.52,25949.97,5.713,synthetic_prototype
Tamil Nadu,Namakkal,2023,Kharif,Groundnut,6056.47,14213.04,2.347,synthetic_prototype
Tamil Nadu,Namakkal,2023,Kharif,Soybean,2346.68,4965.31,2.116,synthetic_prototype
Tamil Nadu,Namakkal,2023,Rabi,Maize,3916.78,19577.35,4.998,synthetic_prototype
Tamil Nadu,Namakkal,2023,Rabi,Pulses,2530.4,3239.18,1.28,synthetic_prototype
Tamil Nadu,Namakkal,2023,Rabi,Wheat,1182.0,3851.13,3.258,synthetic_prototype
Tamil Nadu,Namakkal,2023,Rabi,Rice,2115.38,10625.4,5.023,synthetic_prototype
Tamil Nadu,Namakkal,2023,Summer,Watermelon,2115.49,34146.57,16.141,synthetic_prototype
Tamil Nadu,Namakkal,2023,Summer,Rice,5247.68,22203.43,4.231,synthetic_prototype
Tamil Nadu,Namakkal,2023,Summer,Maize,4356.09,19763.67,4.537,synthetic_prototype
Tamil Nadu,Perambalur,2023,Kharif,Rice,9008.33,31775.02,3.527,synthetic_prototype
Tamil Nadu,Perambalur,2023,Kharif,Groundnut,5917.83,13080.84,2.21,synthetic_prototype
Tamil Nadu,Perambalur,2023,Kharif,Millet,5333.64,14013.17,2.627,synthetic_prototype
Tamil Nadu,Perambalur,2023,Kharif,Soybean,1481.1,3493.86,2.359,synthetic_prototype
Tamil Nadu,Perambalur,2023,Rabi,Maize,1798.91,7281.51,4.048,synthetic_prototype
Tamil Nadu,Perambalur,2023,Rabi,Mustard,1791.85,2769.57,1.546,synthetic_prototype
Tamil Nadu,Perambalur,2023,Rabi,Groundnut,2972.45,6501.75,2.187,synthetic_prototype
Tamil Nadu,Perambalur,2023,Rabi,Pulses,5316.22,6497.16,1.222,synthetic_prototype
Tamil Nadu,Perambalur,2023,Summer,Watermelon,802.3,12969.9,16.166,synthetic_prototype
Tamil Nadu,Perambalur,2023,Summer,Rice,6158.04,27296.28,4.433,synthetic_prototype
Tamil Nadu,Perambalur,2023,Summer,Groundnut,2282.06,5090.31,2.231,synthetic_prototype
Tamil Nadu,Pudukkottai,2023,Kharif,Groundnut,5576.97,10033.75,1.799,synthetic_prototype
Tamil Nadu,Pudukkottai,2023,Kharif,Maize,3237.1,13449.37,4.155,synthetic_prototype
Tamil Nadu,Pudukkottai,2023,Kharif,Cotton,6584.5,11049.18,1.678,synthetic_prototype
Tamil Nadu,Pudukkottai,2023,Kharif,Millet,1634.85,3946.1,2.414,synthetic_prototype
Tamil Nadu,Pudukkottai,2023,Rabi,Pulses,2310.76,2956.97,1.28,synthetic_prototype
Tamil Nadu,Pudukkottai,2023,Rabi,Mustard,1858.17,1942.3,1.045,synthetic_prototype
Tamil Nadu,Pudukkottai,2023,Rabi,Maize,2778.24,13614.8,4.901,synthetic_prototype
Tamil Nadu,Pudukkottai,2023,Rabi,Wheat,590.7,1980.62,3.353,synthetic_prototype
Tamil Nadu,Pudukkottai,2023,Summer,Groundnut,2913.96,4494.68,1.542,synthetic_prototype
Tamil Nadu,Pudukkottai,2023,Summer,Maize,1033.2,3913.9,3.788,synthetic_prototype
Tamil Nadu,Pudukkottai,2023,Summer,Millet,2261.61,4412.22,1.951,synthetic_prototype
Tamil Nadu,Ramanathapuram,2023,Kharif,Cotton,2501.73,5615.01,2.244,synthetic_prototype
Tamil Nadu,Ramanathapuram,2023,Kharif,Soybean,1856.63,3407.77,1.835,synthetic_prototype
Tamil Nadu,Ramanathapuram,2023,Kharif,Rice,12870.65,54330.38,4.221,synthetic_prototype
Tamil Nadu,Ramanathapuram,2023,Kharif,Millet,2504.8,5442.83,2.173,synthetic_prototype
Tamil Nadu,Ramanathapuram,2023,Rabi,Pulses,1454.66,1742.25,1.198,synthetic_prototype
Tamil Nadu,Ramanathapuram,2023,Rabi,Wheat,1240.35,3606.81,2.908,synthetic_prototype
Tamil Nadu,Ramanathapuram,2023,Rabi,Rice,5256.9,19942.59,3.794,synthetic_prototype
Tamil Nadu,Ramanathapuram,2023,Rabi,Groundnut,2675.74,5036.63,1.882,synthetic_prototype
Tamil Nadu,Ramanathapuram,2023,Summer,Maize,4117.14,17461.88,4.241,synthetic_prototype
Tamil Nadu,Ramanathapuram,2023,Summer,Groundnut,3069.2,6882.02,2.242,synthetic_prototype
Tamil Nadu,Ramanathapuram,2023,Summer,Millet,1920.19,3573.26,1.861,synthetic_prototype
Tamil Nadu,Ranipet,2023,Kharif,Soybean,1086.33,2061.39,1.898,synthetic_prototype
Tamil Nadu,Ranipet,2023,Kharif,Rice,11173.54,43523.5,3.895,synthetic_prototype
Tamil Nadu,Ranipet,2023,Kharif,Millet,968.76,2388.36,2.465,synthetic_prototype
Tamil Nadu,Ranipet,2023,Kharif,Maize,10064.15,51561.46,5.123,synthetic_prototype
Tamil Nadu,Ranipet,2023,Rabi,Mustard,699.67,948.83,1.356,synthetic_prototype
Tamil Nadu,Ranipet,2023,Rabi,Rice,15492.16,57858.33,3.735,synthetic_prototype
Tamil Nadu,Ranipet,2023,Rabi,Pulses,4885.39,5924.65,1.213,synthetic_prototype
Tamil Nadu,Ranipet,2023,Rabi,Wheat,986.32,2427.1,2.461,synthetic_prototype
Tamil Nadu,Ranipet,2023,Summer,Groundnut,1701.73,2807.96,1.65,synthetic_prototype
Tamil Nadu,Ranipet,2023,Summer,Maize,2179.95,9884.95,4.534,synthetic_prototype
Tamil Nadu,Ranipet,2023,Summer,Rice,3239.54,14803.92,4.57,synthetic_prototype
Tamil Nadu,Salem,2023,Kharif,Millet,1251.37,3162.85,2.528,synthetic_prototype
Tamil Nadu,Salem,2023,Kharif,Maize,3687.26,18214.29,4.94,synthetic_prototype
Tamil Nadu,Salem,2023,Kharif,Soybean,3329.48,6128.9,1.841,synthetic_prototype
Tamil Nadu,Salem,2023,Kharif,Groundnut,3226.18,5636.16,1.747,synthetic_prototype
Tamil Nadu,Salem,2023,Rabi,Pulses,4220.72,5290.32,1.253,synthetic_prototype
Tamil Nadu,Salem,2023,Rabi,Mustard,2269.53,2801.58,1.234,synthetic_prototype
Tamil Nadu,Salem,2023,Rabi,Wheat,1329.88,3050.18,2.294,synthetic_prototype
Tamil Nadu,Salem,2023,Rabi,Rice,2408.13,10068.75,4.181,synthetic_prototype
Tamil Nadu,Salem,2023,Summer,Millet,1462.51,3048.76,2.085,synthetic_prototype
Tamil Nadu,Salem,2023,Summer,Groundnut,4620.98,10304.42,2.23,synthetic_prototype
Tamil Nadu,Salem,2023,Summer,Rice,5869.04,26151.93,4.456,synthetic_prototype
Tamil Nadu,Sivaganga,2023,Kharif,Cotton,2236.68,4780.88,2.137,synthetic_prototype
Tamil Nadu,Sivaganga,2023,Kharif,Maize,2501.08,10693.42,4.276,synthetic_prototype
Tamil Nadu,Sivaganga,2023,Kharif,Millet,1964.03,5620.85,2.862,synthetic_prototype
Tamil Nadu,Sivaganga,2023,Kharif,Groundnut,5317.72,13248.06,2.491,synthetic_prototype
Tamil Nadu,Sivaganga,2023,Rabi,Wheat,1245.06,4150.41,3.334,synthetic_prototype
Tamil Nadu,Sivaganga,2023,Rabi,Pulses,1980.86,1939.99,0.979,synthetic_prototype
Tamil Nadu,Sivaganga,2023,Rabi,Maize,2215.02,8673.27,3.916,synthetic_prototype
Tamil Nadu,Sivaganga,2023,Rabi,Rice,7939.07,38004.85,4.787,synthetic_prototype
Tamil Nadu,Sivaganga,2023,Summer,Groundnut,525.81,885.6,1.684,synthetic_prototype
Tamil Nadu,Sivaganga,2023,Summer,Millet,1731.42,3206.57,1.852,synthetic_prototype
Tamil Nadu,Sivaganga,2023,Summer,Watermelon,545.68,9930.78,18.199,synthetic_prototype
Tamil Nadu,Tenkasi,2023,Kharif,Maize,5298.69,22573.07,4.26,synthetic_prototype
Tamil Nadu,Tenkasi,2023,Kharif,Rice,11021.48,45409.44,4.12,synthetic_prototype
Tamil Nadu,Tenkasi,2023,Kharif,Millet,2669.28,6406.81,2.4,synthetic_prototype
Tamil Nadu,Tenkasi,2023,Kharif,Cotton,1078.44,2201.71,2.042,synthetic_prototype
Tamil Nadu,Tenkasi,2023,Rabi,Maize,4338.42,23604.94,5.441,synthetic_prototype
Tamil Nadu,Tenkasi,2023,Rabi,Mustard,557.81,772.11,1.384,synthetic_prototype
Tamil Nadu,Tenkasi,2023,Rabi,Groundnut,2405.4,5632.35,2.342,synthetic_prototype
Tamil Nadu,Tenkasi,2023,Rabi,Wheat,444.58,1070.86,2.409,synthetic_prototype
Tamil Nadu,Tenkasi,2023,Summer,Rice,1096.56,3680.62,3.357,synthetic_prototype
Tamil Nadu,Tenkasi,2023,Summer,Maize,3014.6,12853.54,4.264,synthetic_prototype
Tamil Nadu,Tenkasi,2023,Summer,Groundnut,1210.0,2385.49,1.971,synthetic_prototype
Tamil Nadu,Thanjavur,2023,Kharif,Rice,2905.92,10979.23,3.778,synthetic_prototype
Tamil Nadu,Thanjavur,2023,Kharif,Maize,1826.63,10576.43,5.79,synthetic_prototype
Tamil Nadu,Thanjavur,2023,Kharif,Groundnut,3431.12,7297.96,2.127,synthetic_prototype
Tamil Nadu,Thanjavur,2023,Kharif,Cotton,2463.91,5055.02,2.052,synthetic_prototype
Tamil Nadu,Thanjavur,2023,Rabi,Wheat,1781.46,4525.74,2.54,synthetic_prototype
Tamil Nadu,Thanjavur,2023,Rabi,Maize,2718.62,11998.78,4.414,synthetic_prototype
Tamil Nadu,Thanjavur,2023,Rabi,Rice,5037.24,24788.22,4.921,synthetic_prototype
Tamil Nadu,Thanjavur,2023,Rabi,Pulses,1120.98,1331.95,1.188,synthetic_prototype
Tamil Nadu,Thanjavur,2023,Summer,Maize,1435.57,5474.26,3.813,synthetic_prototype
Tamil Nadu,Thanjavur,2023,Summer,Rice,2517.9,11933.79,4.74,synthetic_prototype
Tamil Nadu,Thanjavur,2023,Summer,Millet,1843.74,3278.78,1.778,synthetic_prototype
Tamil Nadu,The Nilgiris,2023,Kharif,Cotton,4436.37,8709.49,1.963,synthetic_prototype
Tamil Nadu,The Nilgiris,2023,Kharif,Millet,2487.86,5247.86,2.109,synthetic_prototype
Tamil Nadu,The Nilgiris,2023,Kharif,Soybean,2799.76,6697.95,2.392,synthetic_prototype
Tamil Nadu,The Nilgiris,2023,Kharif,Maize,7161.55,31042.54,4.335,synthetic_prototype
Tamil Nadu,The Nilgiris,2023,Rabi,Groundnut,3299.8,7892.58,2.392,synthetic_prototype
Tamil Nadu,The Nilgiris,2023,Rabi,Maize,2736.25,12162.25,4.445,synthetic_prototype
Tamil Nadu,The Nilgiris,2023,Rabi,Mustard,441.89,622.75,1.409,synthetic_prototype
Tamil Nadu,The Nilgiris,2023,Rabi,Pulses,4687.73,5892.76,1.257,synthetic_prototype
Tamil Nadu,The Nilgiris,2023,Summer,Groundnut,2641.86,4057.24,1.536,synthetic_prototype
Tamil Nadu,The Nilgiris,2023,Summer,Maize,4715.95,22072.93,4.68,synthetic_prototype
Tamil Nadu,The Nilgiris,2023,Summer,Rice,1763.43,6332.46,3.591,synthetic_prototype
Tamil Nadu,Theni,2023,Kharif,Maize,3687.04,19458.22,5.277,synthetic_prototype
Tamil Nadu,Theni,2023,Kharif,Millet,5967.37,15985.39,2.679,synthetic_prototype
Tamil Nadu,Theni,2023,Kharif,Rice,12634.4,62792.4,4.97,synthetic_prototype
Tamil Nadu,Theni,2023,Kharif,Groundnut,3531.23,7946.74,2.25,synthetic_prototype
Tamil Nadu,Theni,2023,Rabi,Rice,4399.17,21394.49,4.863,synthetic_prototype
Tamil Nadu,Theni,2023,Rabi,Mustard,1653.99,2404.2,1.454,synthetic_prototype
Tamil Nadu,Theni,2023,Rabi,Wheat,1530.02,4021.88,2.629,synthetic_prototype
Tamil Nadu,Theni,2023,Rabi,Pulses,958.3,1234.28,1.288,synthetic_prototype
Tamil Nadu,Theni,2023,Summer,Millet,1560.97,3513.99,2.251,synthetic_prototype
Tamil Nadu,Theni,2023,Summer,Rice,1925.34,6360.14,3.303,synthetic_prototype
Tamil Nadu,Theni,2023,Summer,Groundnut,1400.64,2360.32,1.685,synthetic_prototype
Tamil Nadu,Thoothukudi,2023,Kharif,Cotton,925.96,1994.44,2.154,synthetic_prototype
Tamil Nadu,Thoothukudi,2023,Kharif,Groundnut,1189.14,2875.5,2.418,synthetic_prototype
Tamil Nadu,Thoothukudi,2023,Kharif,Maize,7274.79,43045.29,5.917,synthetic_prototype
Tamil Nadu,Thoothukudi,2023,Kharif,Soybean,2715.43,5893.99,2.171,synthetic_prototype
Tamil Nadu,Thoothukudi,2023,Rabi,Pulses,1562.76,2016.73,1.29,synthetic_prototype
Tamil Nadu,Thoothukudi,2023,Rabi,Rice,5428.67,23317.4,4.295,synthetic_prototype
Tamil Nadu,Thoothukudi,2023,Rabi,Maize,4564.68,24826.86,5.439,synthetic_prototype
Tamil Nadu,Thoothukudi,2023,Rabi,Groundnut,5725.91,9955.3,1.739,synthetic_prototype
Tamil Nadu,Thoothukudi,2023,Summer,Maize,2783.76,10463.62,3.759,synthetic_prototype
Tamil Nadu,Thoothukudi,2023,Summer,Rice,3632.98,12123.09,3.337,synthetic_prototype
Tamil Nadu,Thoothukudi,2023,Summer,Millet,2033.6,4555.95,2.24,synthetic_prototype
Tamil Nadu,Tiruchirappalli,2023,Kharif,Groundnut,5288.3,11927.96,2.256,synthetic_prototype
Tamil Nadu,Tiruchirappalli,2023,Kharif,Maize,4096.07,20206.35,4.933,synthetic_prototype
Tamil Nadu,Tiruchirappalli,2023,Kharif,Millet,5271.82,15354.47,2.913,synthetic_prototype
Tamil Nadu,Tiruchirappalli,2023,Kharif,Rice,3797.11,13322.38,3.509,synthetic_prototype
Tamil Nadu,Tiruchirappalli,2023,Rabi,Groundnut,1688.49,3465.57,2.052,synthetic_prototype
Tamil Nadu,Tiruchirappalli,2023,Rabi,Mustard,1237.68,1539.89,1.244,synthetic_prototype
Tamil Nadu,Tiruchirappalli,2023,Rabi,Rice,5118.89,25868.11,5.053,synthetic_prototype
Tamil Nadu,Tiruchirappalli,2023,Rabi,Maize,6681.37,25804.6,3.862,synthetic_prototype
Tamil Nadu,Tiruchirappalli,2023,Summer,Maize,1694.48,6831.14,4.031,synthetic_prototype
Tamil Nadu,Tiruchirappalli,2023,Summer,Millet,1623.53,2944.36,1.814,synthetic_prototype
Tamil Nadu,Tiruchirappalli,2023,Summer,Watermelon,1563.32,30833.99,19.723,synthetic_prototype
Tamil Nadu,Tirunelveli,2023,Kharif,Soybean,1353.94,2859.16,2.112,synthetic_prototype
Tamil Nadu,Tirunelveli,2023,Kharif,Cotton,1972.56,4076.39,2.067,synthetic_prototype
Tamil Nadu,Tirunelveli,2023,Kharif,Groundnut,7989.33,17607.5,2.204,synthetic_prototype
Tamil Nadu,Tirunelveli,2023,Kharif,Millet,1492.91,3214.27,2.153,synthetic_prototype
Tamil Nadu,Tirunelveli,2023,Rabi,Wheat,467.22,1311.25,2.807,synthetic_prototype
Tamil Nadu,Tirunelveli,2023,Rabi,Maize,4873.05,21070.35,4.324,synthetic_prototype
Tamil Nadu,Tirunelveli,2023,Rabi,Groundnut,3008.07,5378.25,1.788,synthetic_prototype
Tamil Nadu,Tirunelveli,2023,Rabi,Mustard,2019.25,2743.43,1.359,synthetic_prototype
Tamil Nadu,Tirunelveli,2023,Summer,Groundnut,2184.36,4679.12,2.142,synthetic_prototype
Tamil Nadu,Tirunelveli,2023,Summer,Millet,1901.28,4587.15,2.413,synthetic_prototype
Tamil Nadu,Tirunelveli,2023,Summer,Maize,2961.39,11935.76,4.03,synthetic_prototype
Tamil Nadu,Tirupathur,2023,Kharif,Millet,3203.55,6750.95,2.107,synthetic_prototype
Tamil Nadu,Tirupathur,2023,Kharif,Groundnut,3760.58,6406.14,1.703,synthetic_prototype
Tamil Nadu,Tirupathur,2023,Kharif,Maize,5674.79,22824.23,4.022,synthetic_prototype
Tamil Nadu,Tirupathur,2023,Kharif,Cotton,2911.89,6402.81,2.199,synthetic_prototype
Tamil Nadu,Tirupathur,2023,Rabi,Maize,5170.89,22134.42,4.281,synthetic_prototype
Tamil Nadu,Tirupathur,2023,Rabi,Mustard,2471.35,3670.05,1.485,synthetic_prototype
Tamil Nadu,Tirupathur,2023,Rabi,Wheat,1303.64,3951.3,3.031,synthetic_prototype
Tamil Nadu,Tirupathur,2023,Rabi,Rice,5571.01,26633.07,4.781,synthetic_prototype
Tamil Nadu,Tirupathur,2023,Summer,Watermelon,920.75,15266.98,16.581,synthetic_prototype
Tamil Nadu,Tirupathur,2023,Summer,Rice,4289.71,18154.97,4.232,synthetic_prototype
Tamil Nadu,Tirupathur,2023,Summer,Maize,2401.52,11238.59,4.68,synthetic_prototype
Tamil Nadu,Tiruppur,2023,Kharif,Cotton,4575.36,8986.99,1.964,synthetic_prototype
Tamil Nadu,Tiruppur,2023,Kharif,Maize,6794.89,27580.75,4.059,synthetic_prototype
Tamil Nadu,Tiruppur,2023,Kharif,Rice,11386.74,50985.69,4.478,synthetic_prototype
Tamil Nadu,Tiruppur,2023,Kharif,Groundnut,4977.4,9715.25,1.952,synthetic_prototype
Tamil Nadu,Tiruppur,2023,Rabi,Maize,6459.93,25071.08,3.881,synthetic_prototype
Tamil Nadu,Tiruppur,2023,Rabi,Pulses,3068.16,3843.16,1.253,synthetic_prototype
Tamil Nadu,Tiruppur,2023,Rabi,Groundnut,1721.64,3590.0,2.085,synthetic_prototype
Tamil Nadu,Tiruppur,2023,Rabi,Rice,15304.42,63943.21,4.178,synthetic_prototype
Tamil Nadu,Tiruppur,2023,Summer,Maize,1781.15,8397.73,4.715,synthetic_prototype
Tamil Nadu,Tiruppur,2023,Summer,Groundnut,1664.24,3078.66,1.85,synthetic_prototype
Tamil Nadu,Tiruppur,2023,Summer,Rice,5108.25,17049.44,3.338,synthetic_prototype
Tamil Nadu,Tiruvallur,2023,Kharif,Cotton,5844.99,10696.93,1.83,synthetic_prototype
Tamil Nadu,Tiruvallur,2023,Kharif,Groundnut,3950.11,7251.04,1.836,synthetic_prototype
Tamil Nadu,Tiruvallur,2023,Kharif,Millet,5902.8,15596.56,2.642,synthetic_prototype
Tamil Nadu,Tiruvallur,2023,Kharif,Maize,7205.18,37039.96,5.141,synthetic_prototype
Tamil Nadu,Tiruvallur,2023,Rabi,Mustard,2344.75,3201.16,1.365,synthetic_prototype
Tamil Nadu,Tiruvallur,2023,Rabi,Rice,13892.57,53193.9,3.829,synthetic_prototype
Tamil Nadu,Tiruvallur,2023,Rabi,Wheat,1225.26,3428.96,2.799,synthetic_prototype
Tamil Nadu,Tiruvallur,2023,Rabi,Maize,2122.37,8070.05,3.802,synthetic_prototype
Tamil Nadu,Tiruvallur,2023,Summer,Rice,2127.42,10103.06,4.749,synthetic_prototype
Tamil Nadu,Tiruvallur,2023,Summer,Watermelon,547.05,11238.14,20.543,synthetic_prototype
Tamil Nadu,Tiruvallur,2023,Summer,Maize,4892.8,20660.49,4.223,synthetic_prototype
Tamil Nadu,Tiruvannamalai,2023,Kharif,Cotton,5650.38,11393.74,2.016,synthetic_prototype
Tamil Nadu,Tiruvannamalai,2023,Kharif,Maize,1562.01,6874.44,4.401,synthetic_prototype
Tamil Nadu,Tiruvannamalai,2023,Kharif,Groundnut,3961.21,7334.4,1.852,synthetic_prototype
Tamil Nadu,Tiruvannamalai,2023,Kharif,Soybean,2185.97,4821.98,2.206,synthetic_prototype
Tamil Nadu,Tiruvannamalai,2023,Rabi,Pulses,1456.39,1548.36,1.063,synthetic_prototype
Tamil Nadu,Tiruvannamalai,2023,Rabi,Maize,5768.02,31311.92,5.429,synthetic_prototype
Tamil Nadu,Tiruvannamalai,2023,Rabi,Mustard,950.01,1345.33,1.416,synthetic_prototype
Tamil Nadu,Tiruvannamalai,2023,Rabi,Groundnut,1214.18,2161.47,1.78,synthetic_prototype
Tamil Nadu,Tiruvannamalai,2023,Summer,Rice,5078.16,18100.64,3.564,synthetic_prototype
Tamil Nadu,Tiruvannamalai,2023,Summer,Millet,1730.88,4237.2,2.448,synthetic_prototype
Tamil Nadu,Tiruvannamalai,2023,Summer,Maize,1354.46,5672.1,4.188,synthetic_prototype
Tamil Nadu,Tiruvarur,2023,Kharif,Groundnut,5170.48,10552.76,2.041,synthetic_prototype
Tamil Nadu,Tiruvarur,2023,Kharif,Maize,3332.15,16247.23,4.876,synthetic_prototype
Tamil Nadu,Tiruvarur,2023,Kharif,Millet,5210.15,12336.11,2.368,synthetic_prototype
Tamil Nadu,Tiruvarur,2023,Kharif,Cotton,1591.31,2488.84,1.564,synthetic_prototype
Tamil Nadu,Tiruvarur,2023,Rabi,Maize,5967.68,31337.35,5.251,synthetic_prototype
Tamil Nadu,Tiruvarur,2023,Rabi,Mustard,1701.49,1782.73,1.048,synthetic_prototype
Tamil Nadu,Tiruvarur,2023,Rabi,Groundnut,4440.55,7377.05,1.661,synthetic_prototype
Tamil Nadu,Tiruvarur,2023,Rabi,Pulses,996.01,895.65,0.899,synthetic_prototype
Tamil Nadu,Tiruvarur,2023,Summer,Millet,1697.4,3170.22,1.868,synthetic_prototype
Tamil Nadu,Tiruvarur,2023,Summer,Rice,1174.29,4779.17,4.07,synthetic_prototype
Tamil Nadu,Tiruvarur,2023,Summer,Watermelon,996.33,16907.86,16.97,synthetic_prototype
Tamil Nadu,Vellore,2023,Kharif,Rice,10187.96,49515.54,4.86,synthetic_prototype
Tamil Nadu,Vellore,2023,Kharif,Millet,2101.72,4422.81,2.104,synthetic_prototype
Tamil Nadu,Vellore,2023,Kharif,Soybean,1388.61,3277.74,2.36,synthetic_prototype
Tamil Nadu,Vellore,2023,Kharif,Groundnut,2760.23,6751.86,2.446,synthetic_prototype
Tamil Nadu,Vellore,2023,Rabi,Mustard,721.52,1046.01,1.45,synthetic_prototype
Tamil Nadu,Vellore,2023,Rabi,Rice,2171.18,9536.91,4.392,synthetic_prototype
Tamil Nadu,Vellore,2023,Rabi,Groundnut,5144.32,8318.53,1.617,synthetic_prototype
Tamil Nadu,Vellore,2023,Rabi,Maize,5019.34,24423.58,4.866,synthetic_prototype
Tamil Nadu,Vellore,2023,Summer,Millet,2172.51,3859.65,1.777,synthetic_prototype
Tamil Nadu,Vellore,2023,Summer,Maize,1925.81,7539.6,3.915,synthetic_prototype
Tamil Nadu,Vellore,2023,Summer,Watermelon,845.63,15419.23,18.234,synthetic_prototype
Tamil Nadu,Viluppuram,2023,Kharif,Cotton,6200.99,12981.18,2.093,synthetic_prototype
Tamil Nadu,Viluppuram,2023,Kharif,Maize,4446.55,20120.91,4.525,synthetic_prototype
Tamil Nadu,Viluppuram,2023,Kharif,Millet,3390.66,6874.04,2.027,synthetic_prototype
Tamil Nadu,Viluppuram,2023,Kharif,Rice,11240.97,54119.06,4.814,synthetic_prototype
Tamil Nadu,Viluppuram,2023,Rabi,Groundnut,6342.6,11606.55,1.83,synthetic_prototype
Tamil Nadu,Viluppuram,2023,Rabi,Wheat,2010.51,5457.92,2.715,synthetic_prototype
Tamil Nadu,Viluppuram,2023,Rabi,Maize,5970.75,25369.67,4.249,synthetic_prototype
Tamil Nadu,Viluppuram,2023,Rabi,Pulses,4306.21,5670.2,1.317,synthetic_prototype
Tamil Nadu,Viluppuram,2023,Summer,Groundnut,3259.37,5166.12,1.585,synthetic_prototype
Tamil Nadu,Viluppuram,2023,Summer,Watermelon,658.52,11083.09,16.83,synthetic_prototype
Tamil Nadu,Viluppuram,2023,Summer,Rice,3150.8,11905.95,3.779,synthetic_prototype
Tamil Nadu,Virudhunagar,2023,Kharif,Millet,3008.22,6812.16,2.265,synthetic_prototype
Tamil Nadu,Virudhunagar,2023,Kharif,Maize,2847.93,13897.36,4.88,synthetic_prototype
Tamil Nadu,Virudhunagar,2023,Kharif,Cotton,3861.9,7279.53,1.885,synthetic_prototype
Tamil Nadu,Virudhunagar,2023,Kharif,Rice,10602.52,36667.98,3.458,synthetic_prototype
Tamil Nadu,Virudhunagar,2023,Rabi,Groundnut,2022.47,3682.75,1.821,synthetic_prototype
Tamil Nadu,Virudhunagar,2023,Rabi,Wheat,1502.29,4425.7,2.946,synthetic_prototype
Tamil Nadu,Virudhunagar,2023,Rabi,Mustard,790.18,842.16,1.066,synthetic_prototype
Tamil Nadu,Virudhunagar,2023,Rabi,Pulses,990.09,1169.44,1.181,synthetic_prototype
Tamil Nadu,Virudhunagar,2023,Summer,Maize,1164.62,4630.46,3.976,synthetic_prototype
Tamil Nadu,Virudhunagar,2023,Summer,Millet,1246.9,3135.46,2.515,synthetic_prototype
Tamil Nadu,Virudhunagar,2023,Summer,Rice,3203.6,13329.95,4.161,synthetic_prototype
Tamil Nadu,Ariyalur,2024,Kharif,Cotton,988.06,1674.93,1.695,synthetic_prototype
Tamil Nadu,Ariyalur,2024,Kharif,Maize,5502.95,29861.06,5.426,synthetic_prototype
Tamil Nadu,Ariyalur,2024,Kharif,Soybean,693.45,1281.77,1.848,synthetic_prototype
Tamil Nadu,Ariyalur,2024,Kharif,Millet,854.24,2040.46,2.389,synthetic_prototype
Tamil Nadu,Ariyalur,2024,Rabi,Pulses,962.16,1255.43,1.305,synthetic_prototype
Tamil Nadu,Ariyalur,2024,Rabi,Rice,7368.13,35017.95,4.753,synthetic_prototype
Tamil Nadu,Ariyalur,2024,Rabi,Wheat,1491.58,4701.38,3.152,synthetic_prototype
Tamil Nadu,Ariyalur,2024,Rabi,Mustard,1262.52,1557.36,1.234,synthetic_prototype
Tamil Nadu,Ariyalur,2024,Summer,Millet,1436.85,3535.03,2.46,synthetic_prototype
Tamil Nadu,Ariyalur,2024,Summer,Rice,4557.62,21833.77,4.791,synthetic_prototype
Tamil Nadu,Ariyalur,2024,Summer,Groundnut,2873.8,6626.05,2.306,synthetic_prototype
Tamil Nadu,Chengalpattu,2024,Kharif,Maize,6690.32,27778.86,4.152,synthetic_prototype
Tamil Nadu,Chengalpattu,2024,Kharif,Rice,7326.21,30404.66,4.15,synthetic_prototype
Tamil Nadu,Chengalpattu,2024,Kharif,Groundnut,2693.01,5249.46,1.949,synthetic_prototype
Tamil Nadu,Chengalpattu,2024,Kharif,Cotton,1615.67,3439.2,2.129,synthetic_prototype
Tamil Nadu,Chengalpattu,2024,Rabi,Mustard,1531.63,2383.84,1.556,synthetic_prototype
Tamil Nadu,Chengalpattu,2024,Rabi,Rice,4487.52,20930.39,4.664,synthetic_prototype
Tamil Nadu,Chengalpattu,2024,Rabi,Pulses,943.44,1043.59,1.106,synthetic_prototype
Tamil Nadu,Chengalpattu,2024,Rabi,Groundnut,2053.91,3707.76,1.805,synthetic_prototype
Tamil Nadu,Chengalpattu,2024,Summer,Groundnut,2296.16,4135.27,1.801,synthetic_prototype
Tamil Nadu,Chengalpattu,2024,Summer,Rice,1454.33,5898.95,4.056,synthetic_prototype
Tamil Nadu,Chengalpattu,2024,Summer,Watermelon,470.56,9879.46,20.995,synthetic_prototype
Tamil Nadu,Chennai,2024,Kharif,Millet,1116.57,2886.59,2.585,synthetic_prototype
Tamil Nadu,Chennai,2024,Kharif,Groundnut,6434.09,11630.31,1.808,synthetic_prototype
Tamil Nadu,Chennai,2024,Kharif,Rice,2864.05,13098.78,4.574,synthetic_prototype
Tamil Nadu,Chennai,2024,Kharif,Cotton,4224.77,9315.5,2.205,synthetic_prototype
Tamil Nadu,Chennai,2024,Rabi,Pulses,2846.33,2906.67,1.021,synthetic_prototype
Tamil Nadu,Chennai,2024,Rabi,Wheat,1017.58,2694.99,2.648,synthetic_prototype
Tamil Nadu,Chennai,2024,Rabi,Rice,6218.86,30837.6,4.959,synthetic_prototype
Tamil Nadu,Chennai,2024,Rabi,Maize,2045.5,11480.15,5.612,synthetic_prototype
Tamil Nadu,Chennai,2024,Summer,Rice,2350.7,8124.85,3.456,synthetic_prototype
Tamil Nadu,Chennai,2024,Summer,Maize,1538.09,7989.41,5.194,synthetic_prototype
Tamil Nadu,Chennai,2024,Summer,Groundnut,2289.06,5097.88,2.227,synthetic_prototype
Tamil Nadu,Coimbatore,2024,Kharif,Rice,6625.13,28257.07,4.265,synthetic_prototype
Tamil Nadu,Coimbatore,2024,Kharif,Maize,6675.36,28331.05,4.244,synthetic_prototype
Tamil Nadu,Coimbatore,2024,Kharif,Cotton,2071.72,4085.69,1.972,synthetic_prototype
Tamil Nadu,Coimbatore,2024,Kharif,Groundnut,6027.28,14572.04,2.418,synthetic_prototype
Tamil Nadu,Coimbatore,2024,Rabi,Rice,11603.58,43160.54,3.72,synthetic_prototype
Tamil Nadu,Coimbatore,2024,Rabi,Mustard,2576.6,3702.97,1.437,synthetic_prototype
Tamil Nadu,Coimbatore,2024,Rabi,Wheat,945.45,3085.8,3.264,synthetic_prototype
Tamil Nadu,Coimbatore,2024,Rabi,Pulses,1829.76,1764.43,0.964,synthetic_prototype
Tamil Nadu,Coimbatore,2024,Summer,Rice,1801.75,8574.8,4.759,synthetic_prototype
Tamil Nadu,Coimbatore,2024,Summer,Watermelon,692.07,10620.56,15.346,synthetic_prototype
Tamil Nadu,Coimbatore,2024,Summer,Maize,1395.6,5210.02,3.733,synthetic_prototype
Tamil Nadu,Cuddalore,2024,Kharif,Cotton,5559.89,11969.11,2.153,synthetic_prototype
Tamil Nadu,Cuddalore,2024,Kharif,Groundnut,1357.91,2338.42,1.722,synthetic_prototype
Tamil Nadu,Cuddalore,2024,Kharif,Rice,6240.56,27279.93,4.371,synthetic_prototype
Tamil Nadu,Cuddalore,2024,Kharif,Maize,6716.22,38484.08,5.73,synthetic_prototype
Tamil Nadu,Cuddalore,2024,Rabi,Groundnut,2585.24,4472.38,1.73,synthetic_prototype
Tamil Nadu,Cuddalore,2024,Rabi,Mustard,1077.3,1682.86,1.562,synthetic_prototype
Tamil Nadu,Cuddalore,2024,Rabi,Wheat,1947.76,4906.43,2.519,synthetic_prototype
Tamil Nadu,Cuddalore,2024,Rabi,Pulses,938.16,975.57,1.04,synthetic_prototype
Tamil Nadu,Cuddalore,2024,Summer,Millet,1982.15,3707.74,1.871,synthetic_prototype
Tamil Nadu,Cuddalore,2024,Summer,Maize,3266.49,12743.75,3.901,synthetic_prototype
Tamil Nadu,Cuddalore,2024,Summer,Groundnut,2486.2,5021.55,2.02,synthetic_prototype
Tamil Nadu,Dharmapuri,2024,Kharif,Groundnut,5248.2,9795.77,1.867,synthetic_prototype
Tamil Nadu,Dharmapuri,2024,Kharif,Cotton,3241.51,5452.69,1.682,synthetic_prototype
Tamil Nadu,Dharmapuri,2024,Kharif,Millet,2533.62,6755.61,2.666,synthetic_prototype
Tamil Nadu,Dharmapuri,2024,Kharif,Maize,2397.14,13212.87,5.512,synthetic_prototype
Tamil Nadu,Dharmapuri,2024,Rabi,Maize,4036.67,16727.92,4.144,synthetic_prototype
Tamil Nadu,Dharmapuri,2024,Rabi,Mustard,1148.56,1438.7,1.253,synthetic_prototype
Tamil Nadu,Dharmapuri,2024,Rabi,Pulses,3432.78,3797.27,1.106,synthetic_prototype
Tamil Nadu,Dharmapuri,2024,Rabi,Groundnut,3509.31,6534.9,1.862,synthetic_prototype
Tamil Nadu,Dharmapuri,2024,Summer,Rice,3943.98,16590.07,4.206,synthetic_prototype
Tamil Nadu,Dharmapuri,2024,Summer,Millet,1666.67,3293.5,1.976,synthetic_prototype
Tamil Nadu,Dharmapuri,2024,Summer,Watermelon,2040.38,41091.59,20.139,synthetic_prototype
Tamil Nadu,Dindigul,2024,Kharif,Millet,1421.58,3336.07,2.347,synthetic_prototype
Tamil Nadu,Dindigul,2024,Kharif,Maize,2903.99,15898.06,5.475,synthetic_prototype
Tamil Nadu,Dindigul,2024,Kharif,Rice,12306.15,58681.55,4.768,synthetic_prototype
Tamil Nadu,Dindigul,2024,Kharif,Groundnut,3898.18,7405.79,1.9,synthetic_prototype
Tamil Nadu,Dindigul,2024,Rabi,Pulses,2951.12,3515.13,1.191,synthetic_prototype
Tamil Nadu,Dindigul,2024,Rabi,Rice,7950.09,35121.45,4.418,synthetic_prototype
Tamil Nadu,Dindigul,2024,Rabi,Groundnut,1808.45,3639.09,2.012,synthetic_prototype
Tamil Nadu,Dindigul,2024,Rabi,Wheat,856.69,1986.33,2.319,synthetic_prototype
Tamil Nadu,Dindigul,2024,Summer,Maize,3257.42,12243.73,3.759,synthetic_prototype
Tamil Nadu,Dindigul,2024,Summer,Groundnut,3636.01,5954.41,1.638,synthetic_prototype
Tamil Nadu,Dindigul,2024,Summer,Rice,5024.75,16443.98,3.273,synthetic_prototype
Tamil Nadu,Erode,2024,Kharif,Soybean,2672.52,5110.8,1.912,synthetic_prototype
Tamil Nadu,Erode,2024,Kharif,Millet,1569.5,4027.55,2.566,synthetic_prototype
Tamil Nadu,Erode,2024,Kharif,Maize,7219.59,40933.62,5.67,synthetic_prototype
Tamil Nadu,Erode,2024,Kharif,Groundnut,6202.81,11682.69,1.883,synthetic_prototype
Tamil Nadu,Erode,2024,Rabi,Pulses,4231.26,4713.07,1.114,synthetic_prototype
Tamil Nadu,Erode,2024,Rabi,Maize,5034.96,21870.44,4.344,synthetic_prototype
Tamil Nadu,Erode,2024,Rabi,Groundnut,1248.75,2717.6,2.176,synthetic_prototype
Tamil Nadu,Erode,2024,Rabi,Rice,3355.89,17196.12,5.124,synthetic_prototype
Tamil Nadu,Erode,2024,Summer,Groundnut,2564.74,4940.39,1.926,synthetic_prototype
Tamil Nadu,Erode,2024,Summer,Maize,4004.27,14407.9,3.598,synthetic_prototype
Tamil Nadu,Erode,2024,Summer,Rice,5479.08,25896.33,4.726,synthetic_prototype
Tamil Nadu,Kallakurichi,2024,Kharif,Groundnut,5979.34,13944.9,2.332,synthetic_prototype
Tamil Nadu,Kallakurichi,2024,Kharif,Maize,4205.33,17871.6,4.25,synthetic_prototype
Tamil Nadu,Kallakurichi,2024,Kharif,Soybean,3827.53,7364.47,1.924,synthetic_prototype
Tamil Nadu,Kallakurichi,2024,Kharif,Cotton,2927.39,5417.88,1.851,synthetic_prototype
Tamil Nadu,Kallakurichi,2024,Rabi,Wheat,1465.23,4529.79,3.092,synthetic_prototype
Tamil Nadu,Kallakurichi,2024,Rabi,Rice,15261.38,75465.63,4.945,synthetic_prototype
Tamil Nadu,Kallakurichi,2024,Rabi,Pulses,3090.49,2786.52,0.902,synthetic_prototype
Tamil Nadu,Kallakurichi,2024,Rabi,Mustard,2147.44,2798.97,1.303,synthetic_prototype
Tamil Nadu,Kallakurichi,2024,Summer,Watermelon,2037.55,31108.97,15.268,synthetic_prototype
Tamil Nadu,Kallakurichi,2024,Summer,Millet,1284.94,2849.14,2.217,synthetic_prototype
Tamil Nadu,Kallakurichi,2024,Summer,Maize,1595.27,7434.43,4.66,synthetic_prototype
Tamil Nadu,Kanchipuram,2024,Kharif,Groundnut,2688.05,5342.17,1.987,synthetic_prototype
Tamil Nadu,Kanchipuram,2024,Kharif,Soybean,1139.05,2365.66,2.077,synthetic_prototype
Tamil Nadu,Kanchipuram,2024,Kharif,Rice,6612.79,30247.62,4.574,synthetic_prototype
Tamil Nadu,Kanchipuram,2024,Kharif,Maize,9257.31,47696.19,5.152,synthetic_prototype
Tamil Nadu,Kanchipuram,2024,Rabi,Rice,10390.1,56642.73,5.452,synthetic_prototype
Tamil Nadu,Kanchipuram,2024,Rabi,Groundnut,1259.15,2751.65,2.185,synthetic_prototype
Tamil Nadu,Kanchipuram,2024,Rabi,Pulses,3070.44,2956.02,0.963,synthetic_prototype
Tamil Nadu,Kanchipuram,2024,Rabi,Mustard,1854.37,2378.72,1.283,synthetic_prototype
Tamil Nadu,Kanchipuram,2024,Summer,Watermelon,767.26,13904.73,18.123,synthetic_prototype
Tamil Nadu,Kanchipuram,2024,Summer,Groundnut,3192.28,5891.14,1.845,synthetic_prototype
Tamil Nadu,Kanchipuram,2024,Summer,Maize,2123.86,8678.7,4.086,synthetic_prototype
Tamil Nadu,Kanniyakumari,2024,Kharif,Rice,9354.77,36424.68,3.894,synthetic_prototype
Tamil Nadu,Kanniyakumari,2024,Kharif,Maize,8914.19,53260.84,5.975,synthetic_prototype
Tamil Nadu,Kanniyakumari,2024,Kharif,Cotton,3456.36,6571.75,1.901,synthetic_prototype
Tamil Nadu,Kanniyakumari,2024,Kharif,Millet,1966.68,5466.82,2.78,synthetic_prototype
Tamil Nadu,Kanniyakumari,2024,Rabi,Maize,3793.73,14919.54,3.933,synthetic_prototype
Tamil Nadu,Kanniyakumari,2024,Rabi,Pulses,5110.7,4978.47,0.974,synthetic_prototype
Tamil Nadu,Kanniyakumari,2024,Rabi,Rice,11467.94,48695.33,4.246,synthetic_prototype
Tamil Nadu,Kanniyakumari,2024,Rabi,Groundnut,1477.87,2580.16,1.746,synthetic_prototype
Tamil Nadu,Kanniyakumari,2024,Summer,Millet,2884.53,7246.1,2.512,synthetic_prototype
Tamil Nadu,Kanniyakumari,2024,Summer,Rice,6952.77,25957.98,3.733,synthetic_prototype
Tamil Nadu,Kanniyakumari,2024,Summer,Watermelon,1374.02,22573.82,16.429,synthetic_prototype
Tamil Nadu,Karur,2024,Kharif,Soybean,678.57,1196.7,1.764,synthetic_prototype
Tamil Nadu,Karur,2024,Kharif,Cotton,2484.5,4819.84,1.94,synthetic_prototype
Tamil Nadu,Karur,2024,Kharif,Groundnut,3720.71,8146.55,2.19,synthetic_prototype
Tamil Nadu,Karur,2024,Kharif,Rice,11147.57,56226.03,5.044,synthetic_prototype
Tamil Nadu,Karur,2024,Rabi,Wheat,280.42,704.48,2.512,synthetic_prototype
Tamil Nadu,Karur,2024,Rabi,Maize,5987.17,24414.58,4.078,synthetic_prototype
Tamil Nadu,Karur,2024,Rabi,Rice,4496.16,17017.52,3.785,synthetic_prototype
Tamil Nadu,Karur,2024,Rabi,Groundnut,3830.0,8704.59,2.273,synthetic_prototype
Tamil Nadu,Karur,2024,Summer,Rice,2491.92,10329.98,4.145,synthetic_prototype
Tamil Nadu,Karur,2024,Summer,Groundnut,1324.75,2521.22,1.903,synthetic_prototype
Tamil Nadu,Karur,2024,Summer,Maize,1635.66,7372.66,4.507,synthetic_prototype
Tamil Nadu,Krishnagiri,2024,Kharif,Rice,11269.67,49059.51,4.353,synthetic_prototype
Tamil Nadu,Krishnagiri,2024,Kharif,Cotton,3297.41,6810.38,2.065,synthetic_prototype
Tamil Nadu,Krishnagiri,2024,Kharif,Groundnut,3584.32,7154.81,1.996,synthetic_prototype
Tamil Nadu,Krishnagiri,2024,Kharif,Soybean,600.42,1198.75,1.997,synthetic_prototype
Tamil Nadu,Krishnagiri,2024,Rabi,Wheat,762.97,2376.09,3.114,synthetic_prototype
Tamil Nadu,Krishnagiri,2024,Rabi,Pulses,765.22,860.7,1.125,synthetic_prototype
Tamil Nadu,Krishnagiri,2024,Rabi,Rice,1934.15,7378.08,3.815,synthetic_prototype
Tamil Nadu,Krishnagiri,2024,Rabi,Groundnut,2082.61,4925.99,2.365,synthetic_prototype
Tamil Nadu,Krishnagiri,2024,Summer,Watermelon,1014.79,22150.92,21.828,synthetic_prototype
Tamil Nadu,Krishnagiri,2024,Summer,Maize,2544.63,9323.94,3.664,synthetic_prototype
Tamil Nadu,Krishnagiri,2024,Summer,Rice,2704.41,11902.18,4.401,synthetic_prototype
Tamil Nadu,Madurai,2024,Kharif,Groundnut,4076.6,9531.99,2.338,synthetic_prototype
Tamil Nadu,Madurai,2024,Kharif,Rice,8490.5,29286.69,3.449,synthetic_prototype
Tamil Nadu,Madurai,2024,Kharif,Maize,5924.77,32811.75,5.538,synthetic_prototype
Tamil Nadu,Madurai,2024,Kharif,Soybean,2227.64,4363.7,1.959,synthetic_prototype
Tamil Nadu,Madurai,2024,Rabi,Wheat,990.43,2556.67,2.581,synthetic_prototype
Tamil Nadu,Madurai,2024,Rabi,Pulses,4120.71,5022.87,1.219,synthetic_prototype
Tamil Nadu,Madurai,2024,Rabi,Maize,3303.07,18222.33,5.517,synthetic_prototype
Tamil Nadu,Madurai,2024,Rabi,Groundnut,3985.38,9635.38,2.418,synthetic_prototype
Tamil Nadu,Madurai,2024,Summer,Watermelon,899.35,13508.9,15.021,synthetic_prototype
Tamil Nadu,Madurai,2024,Summer,Maize,1568.53,5999.6,3.825,synthetic_prototype
Tamil Nadu,Madurai,2024,Summer,Millet,902.14,1642.58,1.821,synthetic_prototype
Tamil Nadu,Mayiladuthurai,2024,Kharif,Soybean,1465.05,2511.83,1.715,synthetic_prototype
Tamil Nadu,Mayiladuthurai,2024,Kharif,Groundnut,4127.15,7318.87,1.773,synthetic_prototype
Tamil Nadu,Mayiladuthurai,2024,Kharif,Rice,10178.34,50495.63,4.961,synthetic_prototype
Tamil Nadu,Mayiladuthurai,2024,Kharif,Cotton,1372.9,2447.11,1.782,synthetic_prototype
Tamil Nadu,Mayiladuthurai,2024,Rabi,Groundnut,3716.53,8657.21,2.329,synthetic_prototype
Tamil Nadu,Mayiladuthurai,2024,Rabi,Maize,5856.56,29871.72,5.101,synthetic_prototype
Tamil Nadu,Mayiladuthurai,2024,Rabi,Pulses,5098.32,6237.11,1.223,synthetic_prototype
Tamil Nadu,Mayiladuthurai,2024,Rabi,Wheat,1416.15,3819.07,2.697,synthetic_prototype
Tamil Nadu,Mayiladuthurai,2024,Summer,Millet,1694.13,4277.65,2.525,synthetic_prototype
Tamil Nadu,Mayiladuthurai,2024,Summer,Rice,2034.38,9813.95,4.824,synthetic_prototype
Tamil Nadu,Mayiladuthurai,2024,Summer,Watermelon,637.24,9715.5,15.246,synthetic_prototype
Tamil Nadu,Nagapattinam,2024,Kharif,Rice,13315.53,49136.36,3.69,synthetic_prototype
Tamil Nadu,Nagapattinam,2024,Kharif,Cotton,5633.67,9340.6,1.658,synthetic_prototype
Tamil Nadu,Nagapattinam,2024,Kharif,Maize,6909.0,34034.55,4.926,synthetic_prototype
Tamil Nadu,Nagapattinam,2024,Kharif,Soybean,2572.92,4767.42,1.853,synthetic_prototype
Tamil Nadu,Nagapattinam,2024,Rabi,Wheat,799.76,1841.48,2.303,synthetic_prototype
Tamil Nadu,Nagapattinam,2024,Rabi,Groundnut,1599.22,2830.82,1.77,synthetic_prototype
Tamil Nadu,Nagapattinam,2024,Rabi,Rice,3891.9,16818.25,4.321,synthetic_prototype
Tamil Nadu,Nagapattinam,2024,Rabi,Mustard,1232.64,1319.29,1.07,synthetic_prototype
Tamil Nadu,Nagapattinam,2024,Summer,Maize,2084.27,9829.84,4.716,synthetic_prototype
Tamil Nadu,Nagapattinam,2024,Summer,Watermelon,561.76,9440.08,16.804,synthetic_prototype
Tamil Nadu,Nagapattinam,2024,Summer,Millet,1363.42,2454.83,1.8,synthetic_prototype
Tamil Nadu,Namakkal,2024,Kharif,Rice,7380.43,34172.64,4.63,synthetic_prototype
Tamil Nadu,Namakkal,2024,Kharif,Maize,5921.52,28778.17,4.86,synthetic_prototype
Tamil Nadu,Namakkal,2024,Kharif,Groundnut,1696.56,3222.34,1.899,synthetic_prototype
Tamil Nadu,Namakkal,2024,Kharif,Soybean,3924.74,6697.64,1.707,synthetic_prototype
Tamil Nadu,Namakkal,2024,Rabi,Wheat,564.79,1472.74,2.608,synthetic_prototype
Tamil Nadu,Namakkal,2024,Rabi,Rice,9392.42,43185.15,4.598,synthetic_prototype
Tamil Nadu,Namakkal,2024,Rabi,Pulses,4840.23,4611.28,0.953,synthetic_prototype
Tamil Nadu,Namakkal,2024,Rabi,Mustard,2038.13,2202.8,1.081,synthetic_prototype
Tamil Nadu,Namakkal,2024,Summer,Watermelon,824.14,12015.11,14.579,synthetic_prototype
Tamil Nadu,Namakkal,2024,Summer,Maize,1662.34,6813.7,4.099,synthetic_prototype
Tamil Nadu,Namakkal,2024,Summer,Millet,671.1,1316.83,1.962,synthetic_prototype
Tamil Nadu,Perambalur,2024,Kharif,Soybean,598.17,1016.95,1.7,synthetic_prototype
Tamil Nadu,Perambalur,2024,Kharif,Cotton,3586.03,6102.25,1.702,synthetic_prototype
Tamil Nadu,Perambalur,2024,Kharif,Groundnut,3732.66,7816.79,2.094,synthetic_prototype
Tamil Nadu,Perambalur,2024,Kharif,Millet,2461.4,5947.29,2.416,synthetic_prototype
Tamil Nadu,Perambalur,2024,Rabi,Rice,12511.14,55257.19,4.417,synthetic_prototype
Tamil Nadu,Perambalur,2024,Rabi,Mustard,1022.03,1338.3,1.309,synthetic_prototype
Tamil Nadu,Perambalur,2024,Rabi,Pulses,4146.9,4102.43,0.989,synthetic_prototype
Tamil Nadu,Perambalur,2024,Rabi,Groundnut,4629.85,8880.28,1.918,synthetic_prototype
Tamil Nadu,Perambalur,2024,Summer,Watermelon,1816.14,28293.41,15.579,synthetic_prototype
Tamil Nadu,Perambalur,2024,Summer,Maize,1362.54,5910.32,4.338,synthetic_prototype
Tamil Nadu,Perambalur,2024,Summer,Millet,1539.24,3325.12,2.16,synthetic_prototype
Tamil Nadu,Pudukkottai,2024,Kharif,Rice,4390.57,18077.46,4.117,synthetic_prototype
Tamil Nadu,Pudukkottai,2024,Kharif,Maize,3395.17,19476.36,5.736,synthetic_prototype
Tamil Nadu,Pudukkottai,2024,Kharif,Millet,2512.75,6830.39,2.718,synthetic_prototype
Tamil Nadu,Pudukkottai,2024,Kharif,Cotton,1860.26,4011.21,2.156,synthetic_prototype
Tamil Nadu,Pudukkottai,2024,Rabi,Groundnut,3500.02,7519.89,2.149,synthetic_prototype
Tamil Nadu,Pudukkottai,2024,Rabi,Pulses,3664.16,3352.09,0.915,synthetic_prototype
Tamil Nadu,Pudukkottai,2024,Rabi,Mustard,1581.45,1760.95,1.114,synthetic_prototype
Tamil Nadu,Pudukkottai,2024,Rabi,Maize,7981.02,37992.23,4.76,synthetic_prototype
Tamil Nadu,Pudukkottai,2024,Summer,Rice,1571.81,6169.43,3.925,synthetic_prototype
Tamil Nadu,Pudukkottai,2024,Summer,Maize,4501.41,16676.59,3.705,synthetic_prototype
Tamil Nadu,Pudukkottai,2024,Summer,Millet,788.87,1902.16,2.411,synthetic_prototype
Tamil Nadu,Ramanathapuram,2024,Kharif,Soybean,1664.14,3863.89,2.322,synthetic_prototype
Tamil Nadu,Ramanathapuram,2024,Kharif,Rice,7134.1,31527.53,4.419,synthetic_prototype
Tamil Nadu,Ramanathapuram,2024,Kharif,Millet,2702.4,7315.66,2.707,synthetic_prototype
Tamil Nadu,Ramanathapuram,2024,Kharif,Cotton,3977.1,6935.17,1.744,synthetic_prototype
Tamil Nadu,Ramanathapuram,2024,Rabi,Pulses,2573.3,2974.34,1.156,synthetic_prototype
Tamil Nadu,Ramanathapuram,2024,Rabi,Wheat,865.48,2686.57,3.104,synthetic_prototype
Tamil Nadu,Ramanathapuram,2024,Rabi,Rice,4371.52,16679.4,3.815,synthetic_prototype
Tamil Nadu,Ramanathapuram,2024,Rabi,Groundnut,5337.26,10504.9,1.968,synthetic_prototype
Tamil Nadu,Ramanathapuram,2024,Summer,Watermelon,2183.41,46650.11,21.366,synthetic_prototype
Tamil Nadu,Ramanathapuram,2024,Summer,Rice,6199.4,20484.11,3.304,synthetic_prototype
Tamil Nadu,Ramanathapuram,2024,Summer,Maize,1724.25,8013.57,4.648,synthetic_prototype
Tamil Nadu,Ranipet,2024,Kharif,Maize,5041.26,23488.32,4.659,synthetic_prototype
Tamil Nadu,Ranipet,2024,Kharif,Millet,2575.48,7159.14,2.78,synthetic_prototype
Tamil Nadu,Ranipet,2024,Kharif,Groundnut,6733.15,11901.24,1.768,synthetic_prototype
Tamil Nadu,Ranipet,2024,Kharif,Cotton,7643.64,16423.49,2.149,synthetic_prototype
Tamil Nadu,Ranipet,2024,Rabi,Wheat,1424.44,4154.7,2.917,synthetic_prototype
Tamil Nadu,Ranipet,2024,Rabi,Rice,6462.62,26779.48,4.144,synthetic_prototype
Tamil Nadu,Ranipet,2024,Rabi,Groundnut,4176.7,8458.93,2.025,synthetic_prototype
Tamil Nadu,Ranipet,2024,Rabi,Mustard,626.09,718.67,1.148,synthetic_prototype
Tamil Nadu,Ranipet,2024,Summer,Watermelon,827.4,16019.73,19.362,synthetic_prototype
Tamil Nadu,Ranipet,2024,Summer,Maize,2066.86,10271.87,4.97,synthetic_prototype
Tamil Nadu,Ranipet,2024,Summer,Rice,4064.49,14642.07,3.602,synthetic_prototype
Tamil Nadu,Salem,2024,Kharif,Millet,5154.1,12834.6,2.49,synthetic_prototype
Tamil Nadu,Salem,2024,Kharif,Cotton,3739.36,7309.27,1.955,synthetic_prototype
Tamil Nadu,Salem,2024,Kharif,Rice,10301.99,41036.85,3.983,synthetic_prototype
Tamil Nadu,Salem,2024,Kharif,Maize,5477.5,23855.63,4.355,synthetic_prototype
Tamil Nadu,Salem,2024,Rabi,Pulses,3694.09,3342.88,0.905,synthetic_prototype
Tamil Nadu,Salem,2024,Rabi,Rice,16245.55,77870.25,4.793,synthetic_prototype
Tamil Nadu,Salem,2024,Rabi,Maize,5165.13,21693.53,4.2,synthetic_prototype
Tamil Nadu,Salem,2024,Rabi,Wheat,2335.25,6066.16,2.598,synthetic_prototype
Tamil Nadu,Salem,2024,Summer,Rice,1657.6,5815.49,3.508,synthetic_prototype
Tamil Nadu,Salem,2024,Summer,Maize,2405.46,12835.38,5.336,synthetic_prototype
Tamil Nadu,Salem,2024,Summer,Millet,933.21,2124.6,2.277,synthetic_prototype
Tamil Nadu,Sivaganga,2024,Kharif,Millet,2586.71,5558.78,2.149,synthetic_prototype
Tamil Nadu,Sivaganga,2024,Kharif,Rice,5304.36,19034.23,3.588,synthetic_prototype
Tamil Nadu,Sivaganga,2024,Kharif,Groundnut,2722.68,6403.91,2.352,synthetic_prototype
Tamil Nadu,Sivaganga,2024,Kharif,Soybean,3427.1,7075.37,2.065,synthetic_prototype
Tamil Nadu,Sivaganga,2024,Rabi,Rice,4362.61,16733.38,3.836,synthetic_prototype
Tamil Nadu,Sivaganga,2024,Rabi,Pulses,4455.5,5479.17,1.23,synthetic_prototype
Tamil Nadu,Sivaganga,2024,Rabi,Mustard,924.62,1163.97,1.259,synthetic_prototype
Tamil Nadu,Sivaganga,2024,Rabi,Groundnut,4225.28,8428.53,1.995,synthetic_prototype
Tamil Nadu,Sivaganga,2024,Summer,Groundnut,1225.73,2200.39,1.795,synthetic_prototype
Tamil Nadu,Sivaganga,2024,Summer,Millet,1146.28,2967.83,2.589,synthetic_prototype
Tamil Nadu,Sivaganga,2024,Summer,Rice,2783.34,13404.28,4.816,synthetic_prototype
Tamil Nadu,Tenkasi,2024,Kharif,Millet,1360.73,4129.67,3.035,synthetic_prototype
Tamil Nadu,Tenkasi,2024,Kharif,Soybean,2216.85,5286.44,2.385,synthetic_prototype
Tamil Nadu,Tenkasi,2024,Kharif,Groundnut,2253.99,4922.97,2.184,synthetic_prototype
Tamil Nadu,Tenkasi,2024,Kharif,Rice,5754.19,23188.69,4.03,synthetic_prototype
Tamil Nadu,Tenkasi,2024,Rabi,Wheat,1339.08,3595.7,2.685,synthetic_prototype
Tamil Nadu,Tenkasi,2024,Rabi,Rice,8171.68,43720.88,5.35,synthetic_prototype
Tamil Nadu,Tenkasi,2024,Rabi,Maize,5348.46,23332.84,4.363,synthetic_prototype
Tamil Nadu,Tenkasi,2024,Rabi,Groundnut,3899.92,7770.87,1.993,synthetic_prototype
Tamil Nadu,Tenkasi,2024,Summer,Millet,2450.77,4607.71,1.88,synthetic_prototype
Tamil Nadu,Tenkasi,2024,Summer,Groundnut,1828.21,4106.06,2.246,synthetic_prototype
Tamil Nadu,Tenkasi,2024,Summer,Rice,1674.59,8032.72,4.797,synthetic_prototype
Tamil Nadu,Thanjavur,2024,Kharif,Millet,3323.99,8130.8,2.446,synthetic_prototype
Tamil Nadu,Thanjavur,2024,Kharif,Maize,3539.83,15196.01,4.293,synthetic_prototype
Tamil Nadu,Thanjavur,2024,Kharif,Groundnut,5327.69,11477.16,2.154,synthetic_prototype
Tamil Nadu,Thanjavur,2024,Kharif,Cotton,963.84,2020.84,2.097,synthetic_prototype
Tamil Nadu,Thanjavur,2024,Rabi,Pulses,3358.5,3962.45,1.18,synthetic_prototype
Tamil Nadu,Thanjavur,2024,Rabi,Mustard,958.8,1082.77,1.129,synthetic_prototype
Tamil Nadu,Thanjavur,2024,Rabi,Wheat,882.51,2754.33,3.121,synthetic_prototype
Tamil Nadu,Thanjavur,2024,Rabi,Rice,2667.11,11722.81,4.395,synthetic_prototype
Tamil Nadu,Thanjavur,2024,Summer,Millet,767.15,1805.01,2.353,synthetic_prototype
Tamil Nadu,Thanjavur,2024,Summer,Watermelon,477.37,8666.41,18.155,synthetic_prototype
Tamil Nadu,Thanjavur,2024,Summer,Rice,1911.75,7105.09,3.717,synthetic_prototype
Tamil Nadu,The Nilgiris,2024,Kharif,Rice,9305.53,43686.6,4.695,synthetic_prototype
Tamil Nadu,The Nilgiris,2024,Kharif,Maize,2319.17,10425.47,4.495,synthetic_prototype
Tamil Nadu,The Nilgiris,2024,Kharif,Millet,2196.48,5093.01,2.319,synthetic_prototype
Tamil Nadu,The Nilgiris,2024,Kharif,Soybean,2510.34,5353.05,2.132,synthetic_prototype
Tamil Nadu,The Nilgiris,2024,Rabi,Wheat,538.32,1454.74,2.702,synthetic_prototype
Tamil Nadu,The Nilgiris,2024,Rabi,Pulses,2427.39,2390.52,0.985,synthetic_prototype
Tamil Nadu,The Nilgiris,2024,Rabi,Rice,5357.88,22051.78,4.116,synthetic_prototype
Tamil Nadu,The Nilgiris,2024,Rabi,Maize,5920.47,33748.42,5.7,synthetic_prototype
Tamil Nadu,The Nilgiris,2024,Summer,Maize,4269.04,19671.73,4.608,synthetic_prototype
Tamil Nadu,The Nilgiris,2024,Summer,Rice,3530.22,13592.85,3.85,synthetic_prototype
Tamil Nadu,The Nilgiris,2024,Summer,Groundnut,3201.29,7068.37,2.208,synthetic_prototype
Tamil Nadu,Theni,2024,Kharif,Groundnut,3735.06,7064.05,1.891,synthetic_prototype
Tamil Nadu,Theni,2024,Kharif,Rice,4247.76,18839.27,4.435,synthetic_prototype
Tamil Nadu,Theni,2024,Kharif,Millet,3236.89,7196.59,2.223,synthetic_prototype
Tamil Nadu,Theni,2024,Kharif,Soybean,2039.21,4356.24,2.136,synthetic_prototype
Tamil Nadu,Theni,2024,Rabi,Groundnut,2030.04,4316.55,2.126,synthetic_prototype
Tamil Nadu,Theni,2024,Rabi,Mustard,2268.19,2711.26,1.195,synthetic_prototype
Tamil Nadu,Theni,2024,Rabi,Maize,8018.05,38712.59,4.828,synthetic_prototype
Tamil Nadu,Theni,2024,Rabi,Wheat,586.46,1626.31,2.773,synthetic_prototype
Tamil Nadu,Theni,2024,Summer,Groundnut,2319.09,5237.41,2.258,synthetic_prototype
Tamil Nadu,Theni,2024,Summer,Watermelon,1294.36,25628.16,19.8,synthetic_prototype
Tamil Nadu,Theni,2024,Summer,Rice,2494.2,9150.54,3.669,synthetic_prototype
Tamil Nadu,Thoothukudi,2024,Kharif,Cotton,4401.71,7795.86,1.771,synthetic_prototype
Tamil Nadu,Thoothukudi,2024,Kharif,Millet,1577.55,4408.97,2.795,synthetic_prototype
Tamil Nadu,Thoothukudi,2024,Kharif,Soybean,1586.67,3701.66,2.333,synthetic_prototype
Tamil Nadu,Thoothukudi,2024,Kharif,Maize,2420.09,10154.37,4.196,synthetic_prototype
Tamil Nadu,Thoothukudi,2024,Rabi,Maize,2672.71,11263.24,4.214,synthetic_prototype
Tamil Nadu,Thoothukudi,2024,Rabi,Wheat,1288.25,3769.7,2.926,synthetic_prototype
Tamil Nadu,Thoothukudi,2024,Rabi,Pulses,3480.81,4473.92,1.285,synthetic_prototype
Tamil Nadu,Thoothukudi,2024,Rabi,Mustard,1697.7,2506.66,1.477,synthetic_prototype
Tamil Nadu,Thoothukudi,2024,Summer,Groundnut,2881.43,5524.02,1.917,synthetic_prototype
Tamil Nadu,Thoothukudi,2024,Summer,Maize,1502.59,6728.72,4.478,synthetic_prototype
Tamil Nadu,Thoothukudi,2024,Summer,Rice,5476.79,25426.9,4.643,synthetic_prototype
Tamil Nadu,Tiruchirappalli,2024,Kharif,Rice,8553.82,40089.04,4.687,synthetic_prototype
Tamil Nadu,Tiruchirappalli,2024,Kharif,Soybean,920.64,2156.56,2.342,synthetic_prototype
Tamil Nadu,Tiruchirappalli,2024,Kharif,Cotton,3575.67,5991.95,1.676,synthetic_prototype
Tamil Nadu,Tiruchirappalli,2024,Kharif,Millet,4826.17,10230.05,2.12,synthetic_prototype
Tamil Nadu,Tiruchirappalli,2024,Rabi,Mustard,1752.59,2307.35,1.317,synthetic_prototype
Tamil Nadu,Tiruchirappalli,2024,Rabi,Pulses,2268.14,2123.86,0.936,synthetic_prototype
Tamil Nadu,Tiruchirappalli,2024,Rabi,Rice,6019.69,28192.33,4.683,synthetic_prototype
Tamil Nadu,Tiruchirappalli,2024,Rabi,Wheat,567.36,1778.99,3.136,synthetic_prototype
Tamil Nadu,Tiruchirappalli,2024,Summer,Watermelon,837.3,15092.22,18.025,synthetic_prototype
Tamil Nadu,Tiruchirappalli,2024,Summer,Rice,4215.54,18610.32,4.415,synthetic_prototype
Tamil Nadu,Tiruchirappalli,2024,Summer,Groundnut,1193.3,2693.11,2.257,synthetic_prototype
Tamil Nadu,Tirunelveli,2024,Kharif,Rice,14264.14,56150.22,3.936,synthetic_prototype
Tamil Nadu,Tirunelveli,2024,Kharif,Millet,2497.75,6983.33,2.796,synthetic_prototype
Tamil Nadu,Tirunelveli,2024,Kharif,Cotton,1311.05,2072.48,1.581,synthetic_prototype
Tamil Nadu,Tirunelveli,2024,Kharif,Maize,5318.05,23033.62,4.331,synthetic_prototype
Tamil Nadu,Tirunelveli,2024,Rabi,Wheat,898.19,2336.2,2.601,synthetic_prototype
Tamil Nadu,Tirunelveli,2024,Rabi,Mustard,1186.99,1743.32,1.469,synthetic_prototype
Tamil Nadu,Tirunelveli,2024,Rabi,Pulses,2405.94,2356.31,0.979,synthetic_prototype
Tamil Nadu,Tirunelveli,2024,Rabi,Rice,4978.68,25905.2,5.203,synthetic_prototype
Tamil Nadu,Tirunelveli,2024,Summer,Maize,2142.97,10386.78,4.847,synthetic_prototype
Tamil Nadu,Tirunelveli,2024,Summer,Groundnut,2602.53,4095.39,1.574,synthetic_prototype
Tamil Nadu,Tirunelveli,2024,Summer,Watermelon,1493.1,31646.76,21.195,synthetic_prototype
Tamil Nadu,Tirupathur,2024,Kharif,Rice,3119.03,12422.96,3.983,synthetic_prototype
Tamil Nadu,Tirupathur,2024,Kharif,Millet,3531.52,8163.63,2.312,synthetic_prototype
Tamil Nadu,Tirupathur,2024,Kharif,Soybean,2598.52,4363.17,1.679,synthetic_prototype
Tamil Nadu,Tirupathur,2024,Kharif,Groundnut,8279.09,19877.19,2.401,synthetic_prototype
Tamil Nadu,Tirupathur,2024,Rabi,Mustard,1699.44,2081.81,1.225,synthetic_prototype
Tamil Nadu,Tirupathur,2024,Rabi,Rice,9613.21,44771.01,4.657,synthetic_prototype
Tamil Nadu,Tirupathur,2024,Rabi,Groundnut,6014.17,10422.1,1.733,synthetic_prototype
Tamil Nadu,Tirupathur,2024,Rabi,Maize,7834.05,40231.67,5.135,synthetic_prototype
Tamil Nadu,Tirupathur,2024,Summer,Watermelon,655.81,11758.94,17.93,synthetic_prototype
Tamil Nadu,Tirupathur,2024,Summer,Rice,3486.62,15265.88,4.378,synthetic_prototype
Tamil Nadu,Tirupathur,2024,Summer,Maize,2208.13,7956.88,3.603,synthetic_prototype
Tamil Nadu,Tiruppur,2024,Kharif,Soybean,3814.8,6363.12,1.668,synthetic_prototype
Tamil Nadu,Tiruppur,2024,Kharif,Groundnut,7248.49,15809.42,2.181,synthetic_prototype
Tamil Nadu,Tiruppur,2024,Kharif,Maize,12299.08,71520.58,5.815,synthetic_prototype
Tamil Nadu,Tiruppur,2024,Kharif,Millet,2733.07,6313.49,2.31,synthetic_prototype
Tamil Nadu,Tiruppur,2024,Rabi,Wheat,2738.16,7857.42,2.87,synthetic_prototype
Tamil Nadu,Tiruppur,2024,Rabi,Groundnut,6531.09,11039.03,1.69,synthetic_prototype
Tamil Nadu,Tiruppur,2024,Rabi,Mustard,2758.52,4344.69,1.575,synthetic_prototype
Tamil Nadu,Tiruppur,2024,Rabi,Pulses,5033.95,5449.01,1.082,synthetic_prototype
Tamil Nadu,Tiruppur,2024,Summer,Millet,1895.17,4468.93,2.358,synthetic_prototype
Tamil Nadu,Tiruppur,2024,Summer,Rice,3392.47,14790.62,4.36,synthetic_prototype
Tamil Nadu,Tiruppur,2024,Summer,Maize,4150.61,14944.3,3.601,synthetic_prototype
Tamil Nadu,Tiruvallur,2024,Kharif,Cotton,1085.61,2026.59,1.867,synthetic_prototype
Tamil Nadu,Tiruvallur,2024,Kharif,Maize,3629.53,19647.6,5.413,synthetic_prototype
Tamil Nadu,Tiruvallur,2024,Kharif,Soybean,1817.49,3921.99,2.158,synthetic_prototype
Tamil Nadu,Tiruvallur,2024,Kharif,Rice,14598.86,58443.25,4.003,synthetic_prototype
Tamil Nadu,Tiruvallur,2024,Rabi,Groundnut,1963.53,3221.03,1.64,synthetic_prototype
Tamil Nadu,Tiruvallur,2024,Rabi,Maize,6891.37,36442.23,5.288,synthetic_prototype
Tamil Nadu,Tiruvallur,2024,Rabi,Rice,11532.51,48894.43,4.24,synthetic_prototype
Tamil Nadu,Tiruvallur,2024,Rabi,Wheat,962.58,2409.88,2.504,synthetic_prototype
Tamil Nadu,Tiruvallur,2024,Summer,Rice,3387.84,15207.94,4.489,synthetic_prototype
Tamil Nadu,Tiruvallur,2024,Summer,Millet,909.85,2385.76,2.622,synthetic_prototype
Tamil Nadu,Tiruvallur,2024,Summer,Watermelon,743.93,10979.02,14.758,synthetic_prototype
Tamil Nadu,Tiruvannamalai,2024,Kharif,Groundnut,2543.59,5991.57,2.356,synthetic_prototype
Tamil Nadu,Tiruvannamalai,2024,Kharif,Millet,2349.24,7059.18,3.005,synthetic_prototype
Tamil Nadu,Tiruvannamalai,2024,Kharif,Rice,7548.76,32296.98,4.278,synthetic_prototype
Tamil Nadu,Tiruvannamalai,2024,Kharif,Cotton,1240.8,2806.37,2.262,synthetic_prototype
Tamil Nadu,Tiruvannamalai,2024,Rabi,Rice,4692.35,17871.2,3.809,synthetic_prototype
Tamil Nadu,Tiruvannamalai,2024,Rabi,Wheat,1038.39,2952.66,2.844,synthetic_prototype
Tamil Nadu,Tiruvannamalai,2024,Rabi,Groundnut,3471.66,6689.44,1.927,synthetic_prototype
Tamil Nadu,Tiruvannamalai,2024,Rabi,Maize,3958.28,15815.33,3.996,synthetic_prototype
Tamil Nadu,Tiruvannamalai,2024,Summer,Watermelon,1481.97,24073.06,16.244,synthetic_prototype
Tamil Nadu,Tiruvannamalai,2024,Summer,Maize,2945.55,14743.22,5.005,synthetic_prototype
Tamil Nadu,Tiruvannamalai,2024,Summer,Rice,3542.54,17003.07,4.8,synthetic_prototype
Tamil Nadu,Tiruvarur,2024,Kharif,Maize,1938.87,9883.77,5.098,synthetic_prototype
Tamil Nadu,Tiruvarur,2024,Kharif,Millet,1270.61,2621.86,2.063,synthetic_prototype
Tamil Nadu,Tiruvarur,2024,Kharif,Cotton,2841.86,5988.58,2.107,synthetic_prototype
Tamil Nadu,Tiruvarur,2024,Kharif,Rice,5761.56,27655.35,4.8,synthetic_prototype
Tamil Nadu,Tiruvarur,2024,Rabi,Mustard,1913.62,2196.94,1.148,synthetic_prototype
Tamil Nadu,Tiruvarur,2024,Rabi,Rice,7881.84,31046.42,3.939,synthetic_prototype
Tamil Nadu,Tiruvarur,2024,Rabi,Maize,3382.08,16892.88,4.995,synthetic_prototype
Tamil Nadu,Tiruvarur,2024,Rabi,Pulses,3409.8,3524.12,1.034,synthetic_prototype
Tamil Nadu,Tiruvarur,2024,Summer,Watermelon,395.76,8401.68,21.229,synthetic_prototype
Tamil Nadu,Tiruvarur,2024,Summer,Maize,836.48,3871.44,4.628,synthetic_prototype
Tamil Nadu,Tiruvarur,2024,Summer,Millet,1287.99,2311.21,1.794,synthetic_prototype
Tamil Nadu,Vellore,2024,Kharif,Soybean,2916.03,5701.56,1.955,synthetic_prototype
Tamil Nadu,Vellore,2024,Kharif,Groundnut,5409.91,13138.54,2.429,synthetic_prototype
Tamil Nadu,Vellore,2024,Kharif,Millet,3018.19,7563.46,2.506,synthetic_prototype
Tamil Nadu,Vellore,2024,Kharif,Cotton,4201.57,7506.4,1.787,synthetic_prototype
Tamil Nadu,Vellore,2024,Rabi,Groundnut,4853.2,8629.55,1.778,synthetic_prototype
Tamil Nadu,Vellore,2024,Rabi,Mustard,665.45,1030.35,1.548,synthetic_prototype
Tamil Nadu,Vellore,2024,Rabi,Wheat,554.73,1317.1,2.374,synthetic_prototype
Tamil Nadu,Vellore,2024,Rabi,Rice,6998.52,26838.51,3.835,synthetic_prototype
Tamil Nadu,Vellore,2024,Summer,Watermelon,889.46,17293.58,19.443,synthetic_prototype
Tamil Nadu,Vellore,2024,Summer,Millet,1669.61,4287.57,2.568,synthetic_prototype
Tamil Nadu,Vellore,2024,Summer,Rice,3710.4,14551.19,3.922,synthetic_prototype
Tamil Nadu,Viluppuram,2024,Kharif,Cotton,4317.97,9895.13,2.292,synthetic_prototype
Tamil Nadu,Viluppuram,2024,Kharif,Millet,932.96,2677.05,2.869,synthetic_prototype
Tamil Nadu,Viluppuram,2024,Kharif,Groundnut,2213.87,3785.98,1.71,synthetic_prototype
Tamil Nadu,Viluppuram,2024,Kharif,Rice,9355.55,34798.17,3.72,synthetic_prototype
Tamil Nadu,Viluppuram,2024,Rabi,Maize,4839.76,19500.74,4.029,synthetic_prototype
Tamil Nadu,Viluppuram,2024,Rabi,Wheat,926.67,3071.04,3.314,synthetic_prototype
Tamil Nadu,Viluppuram,2024,Rabi,Rice,6540.29,26868.97,4.108,synthetic_prototype
Tamil Nadu,Viluppuram,2024,Rabi,Mustard,1901.05,2549.95,1.341,synthetic_prototype
Tamil Nadu,Viluppuram,2024,Summer,Millet,634.33,1492.65,2.353,synthetic_prototype
Tamil Nadu,Viluppuram,2024,Summer,Maize,3218.03,12765.23,3.967,synthetic_prototype
Tamil Nadu,Viluppuram,2024,Summer,Watermelon,738.72,13728.16,18.584,synthetic_prototype
Tamil Nadu,Virudhunagar,2024,Kharif,Rice,9614.2,34047.52,3.541,synthetic_prototype
Tamil Nadu,Virudhunagar,2024,Kharif,Cotton,5026.59,9269.08,1.844,synthetic_prototype
Tamil Nadu,Virudhunagar,2024,Kharif,Millet,6141.38,13641.33,2.221,synthetic_prototype
Tamil Nadu,Virudhunagar,2024,Kharif,Soybean,2469.93,4032.74,1.633,synthetic_prototype
Tamil Nadu,Virudhunagar,2024,Rabi,Groundnut,4378.38,7906.26,1.806,synthetic_prototype
Tamil Nadu,Virudhunagar,2024,Rabi,Rice,11879.07,51381.0,4.325,synthetic_prototype
Tamil Nadu,Virudhunagar,2024,Rabi,Pulses,1025.97,1203.48,1.173,synthetic_prototype
Tamil Nadu,Virudhunagar,2024,Rabi,Wheat,1666.01,5194.96,3.118,synthetic_prototype
Tamil Nadu,Virudhunagar,2024,Summer,Groundnut,971.28,1793.53,1.847,synthetic_prototype
Tamil Nadu,Virudhunagar,2024,Summer,Millet,1459.02,3146.06,2.156,synthetic_prototype
Tamil Nadu,Virudhunagar,2024,Summer,Rice,3190.32,14058.89,4.407,synthetic_prototype
